area_code,area_name,area_type_name,recommendation_eligible,exclusion_reason,coffee_stores,bakery_stores,total_stores_2025q4,coffee_sales_observed,bakery_sales_observed,score_status,score_status_reason,full_score,supply_only_score,legacy_full_score,score_version,spatial_basis,ranking_universe,correction_reason
3110030,동대문역 3번,골목상권,True,,0.0,0.0,39,False,False,supply_only,no_cafe_sales_rows,,21.838422391857502,,6c591a7_residual_size_adjusted_draft_2025Q4,official_inside_counts_no_external_walk_component,supply_only_exploration_only,zero_source_cafe_supply_positive_residual_not_ranking_evidence
3110044,관성묘,골목상권,True,,0.0,0.0,33,False,False,supply_only,no_cafe_sales_rows,,18.62595419847328,,6c591a7_residual_size_adjusted_draft_2025Q4,official_inside_counts_no_external_walk_component,supply_only_exploration_only,zero_source_cafe_supply_positive_residual_not_ranking_evidence
3110092,NH농협은행 보광동지점,골목상권,True,,0.0,0.0,89,False,False,supply_only,no_cafe_sales_rows,,3.16793893129771,,6c591a7_residual_size_adjusted_draft_2025Q4,official_inside_counts_no_external_walk_component,supply_only_exploration_only,zero_source_cafe_supply_positive_residual_not_ranking_evidence
3110097,한남초등학교,골목상권,True,,0.0,0.0,11,False,False,supply_only,no_cafe_sales_rows,,52.46819338422392,,6c591a7_residual_size_adjusted_draft_2025Q4,official_inside_counts_no_external_walk_component,supply_only_exploration_only,zero_source_cafe_supply_positive_residual_not_ranking_evidence
3110100,옥수동우편취급국,골목상권,True,,0.0,0.0,34,False,False,supply_only,no_cafe_sales_rows,,19.75826972010178,,6c591a7_residual_size_adjusted_draft_2025Q4,official_inside_counts_no_external_walk_component,supply_only_exploration_only,zero_source_cafe_supply_positive_residual_not_ranking_evidence
3110103,옥수터널,골목상권,True,,0.0,0.0,37,False,False,supply_only,no_cafe_sales_rows,,22.88804071246819,,6c591a7_residual_size_adjusted_draft_2025Q4,official_inside_counts_no_external_walk_component,supply_only_exploration_only,zero_source_cafe_supply_positive_residual_not_ranking_evidence
3110108,성동구립금호도서관,골목상권,True,,0.0,0.0,24,False,False,supply_only,no_cafe_sales_rows,,32.36641221374045,,6c591a7_residual_size_adjusted_draft_2025Q4,official_inside_counts_no_external_walk_component,supply_only_exploration_only,zero_source_cafe_supply_positive_residual_not_ranking_evidence
3110171,중곡4동주민센터,골목상권,True,,0.0,0.0,29,False,False,supply_only,no_cafe_sales_rows,,15.534351145038164,,6c591a7_residual_size_adjusted_draft_2025Q4,official_inside_counts_no_external_walk_component,supply_only_exploration_only,zero_source_cafe_supply_positive_residual_not_ranking_evidence
3110185,용두초등학교,골목상권,True,,0.0,0.0,31,False,False,supply_only,no_cafe_sales_rows,,20.05089058524173,,6c591a7_residual_size_adjusted_draft_2025Q4,official_inside_counts_no_external_walk_component,supply_only_exploration_only,zero_source_cafe_supply_positive_residual_not_ranking_evidence
3110196,홍릉근린공원,골목상권,True,,0.0,0.0,28,False,False,supply_only,no_cafe_sales_rows,,18.19338422391857,,6c591a7_residual_size_adjusted_draft_2025Q4,official_inside_counts_no_external_walk_component,supply_only_exploration_only,zero_source_cafe_supply_positive_residual_not_ranking_evidence
3110198,동대문중앙새마을금고본점,골목상권,True,,0.0,0.0,36,False,False,supply_only,no_cafe_sales_rows,,23.428753180661573,,6c591a7_residual_size_adjusted_draft_2025Q4,official_inside_counts_no_external_walk_component,supply_only_exploration_only,zero_source_cafe_supply_positive_residual_not_ranking_evidence
3110222,회기역 2번,골목상권,True,,0.0,0.0,26,False,False,supply_only,no_cafe_sales_rows,,30.5089058524173,,6c591a7_residual_size_adjusted_draft_2025Q4,official_inside_counts_no_external_walk_component,supply_only_exploration_only,zero_source_cafe_supply_positive_residual_not_ranking_evidence
3110231,장안교,골목상권,True,,0.0,0.0,11,False,False,supply_only,no_cafe_sales_rows,,52.46819338422392,,6c591a7_residual_size_adjusted_draft_2025Q4,official_inside_counts_no_external_walk_component,supply_only_exploration_only,zero_source_cafe_supply_positive_residual_not_ranking_evidence
3110310,길음역 10번,골목상권,True,,0.0,0.0,12,False,False,supply_only,no_cafe_sales_rows,,48.51145038167939,,6c591a7_residual_size_adjusted_draft_2025Q4,official_inside_counts_no_external_walk_component,supply_only_exploration_only,zero_source_cafe_supply_positive_residual_not_ranking_evidence
3110311,종암아이파크2차후문,골목상권,True,,0.0,0.0,8,False,False,supply_only,no_cafe_sales_rows,,54.26208651399491,,6c591a7_residual_size_adjusted_draft_2025Q4,official_inside_counts_no_external_walk_component,supply_only_exploration_only,zero_source_cafe_supply_positive_residual_not_ranking_evidence
3110324,월곡역 4번,골목상권,True,,0.0,0.0,13,False,False,supply_only,no_cafe_sales_rows,,41.730279898218825,,6c591a7_residual_size_adjusted_draft_2025Q4,official_inside_counts_no_external_walk_component,supply_only_exploration_only,zero_source_cafe_supply_positive_residual_not_ranking_evidence
3110329,우리은행체육관,골목상권,True,,0.0,0.0,89,False,False,supply_only,no_cafe_sales_rows,,3.740458015267175,,6c591a7_residual_size_adjusted_draft_2025Q4,official_inside_counts_no_external_walk_component,supply_only_exploration_only,zero_source_cafe_supply_positive_residual_not_ranking_evidence
3110401,도봉구민회관,골목상권,True,,0.0,0.0,53,False,False,supply_only,no_cafe_sales_rows,,9.592875318066156,,6c591a7_residual_size_adjusted_draft_2025Q4,official_inside_counts_no_external_walk_component,supply_only_exploration_only,zero_source_cafe_supply_positive_residual_not_ranking_evidence
3110412,창동중학교,골목상권,True,,0.0,0.0,17,False,False,supply_only,no_cafe_sales_rows,,40.4325699745547,,6c591a7_residual_size_adjusted_draft_2025Q4,official_inside_counts_no_external_walk_component,supply_only_exploration_only,zero_source_cafe_supply_positive_residual_not_ranking_evidence
3110414,장석교회,골목상권,True,,0.0,0.0,28,False,False,supply_only,no_cafe_sales_rows,,12.709923664122137,,6c591a7_residual_size_adjusted_draft_2025Q4,official_inside_counts_no_external_walk_component,supply_only_exploration_only,zero_source_cafe_supply_positive_residual_not_ranking_evidence
3110440,상계3동4동주민센터,골목상권,True,,0.0,0.0,37,False,False,supply_only,no_cafe_sales_rows,,11.374045801526716,,6c591a7_residual_size_adjusted_draft_2025Q4,official_inside_counts_no_external_walk_component,supply_only_exploration_only,zero_source_cafe_supply_positive_residual_not_ranking_evidence
3110950,논현역 7번,골목상권,True,,0.0,0.0,33,False,False,supply_only,no_cafe_sales_rows,,14.007633587786255,,6c591a7_residual_size_adjusted_draft_2025Q4,official_inside_counts_no_external_walk_component,supply_only_exploration_only,zero_source_cafe_supply_positive_residual_not_ranking_evidence
3111070,천호초등학교,골목상권,True,,0.0,0.0,57,False,False,supply_only,no_cafe_sales_rows,,7.315521628498727,,6c591a7_residual_size_adjusted_draft_2025Q4,official_inside_counts_no_external_walk_component,supply_only_exploration_only,zero_source_cafe_supply_positive_residual_not_ranking_evidence
3130011,충신시장,전통시장,True,,0.0,0.0,42,False,False,supply_only,no_cafe_sales_rows,,20.12086513994911,,6c591a7_residual_size_adjusted_draft_2025Q4,official_inside_counts_no_external_walk_component,supply_only_exploration_only,zero_source_cafe_supply_positive_residual_not_ranking_evidence
3130013,동대문상가A동,전통시장,True,,0.0,0.0,80,False,False,supply_only,no_cafe_sales_rows,,11.208651399491092,,6c591a7_residual_size_adjusted_draft_2025Q4,official_inside_counts_no_external_walk_component,supply_only_exploration_only,zero_source_cafe_supply_positive_residual_not_ranking_evidence
3130014,동문시장,전통시장,True,,0.0,0.0,143,False,False,supply_only,no_cafe_sales_rows,,6.590330788804071,,6c591a7_residual_size_adjusted_draft_2025Q4,official_inside_counts_no_external_walk_component,supply_only_exploration_only,zero_source_cafe_supply_positive_residual_not_ranking_evidence
3130017,동대문상가C동,전통시장,True,,0.0,0.0,164,False,False,supply_only,no_cafe_sales_rows,,5.877862595419847,,6c591a7_residual_size_adjusted_draft_2025Q4,official_inside_counts_no_external_walk_component,supply_only_exploration_only,zero_source_cafe_supply_positive_residual_not_ranking_evidence
3130019,동대문상가D동,전통시장,True,,0.0,0.0,56,False,False,supply_only,no_cafe_sales_rows,,16.068702290076338,,6c591a7_residual_size_adjusted_draft_2025Q4,official_inside_counts_no_external_walk_component,supply_only_exploration_only,zero_source_cafe_supply_positive_residual_not_ranking_evidence
3130021,신설종합시장,전통시장,True,,0.0,0.0,9,False,False,supply_only,no_cafe_sales_rows,,58.84223918575063,,6c591a7_residual_size_adjusted_draft_2025Q4,official_inside_counts_no_external_walk_component,supply_only_exploration_only,zero_source_cafe_supply_positive_residual_not_ranking_evidence
3130034,필동 골목형상점가,전통시장,True,,0.0,0.0,10,False,False,supply_only,no_cafe_sales_rows,,55.87786259541984,,6c591a7_residual_size_adjusted_draft_2025Q4,official_inside_counts_no_external_walk_component,supply_only_exploration_only,zero_source_cafe_supply_positive_residual_not_ranking_evidence
3130074,영동교골목시장,전통시장,True,,0.0,0.0,44,False,False,supply_only,no_cafe_sales_rows,,19.50381679389313,,6c591a7_residual_size_adjusted_draft_2025Q4,official_inside_counts_no_external_walk_component,supply_only_exploration_only,zero_source_cafe_supply_positive_residual_not_ranking_evidence
3130075,노룬산시장(노룬산골목시장),전통시장,True,,0.0,0.0,38,False,False,supply_only,no_cafe_sales_rows,,22.37277353689567,,6c591a7_residual_size_adjusted_draft_2025Q4,official_inside_counts_no_external_walk_component,supply_only_exploration_only,zero_source_cafe_supply_positive_residual_not_ranking_evidence
3130077,조양시장,전통시장,True,,0.0,0.0,22,False,False,supply_only,no_cafe_sales_rows,,35.09541984732824,,6c591a7_residual_size_adjusted_draft_2025Q4,official_inside_counts_no_external_walk_component,supply_only_exploration_only,zero_source_cafe_supply_positive_residual_not_ranking_evidence
3130080,자양종합시장(기능상실),전통시장,True,,0.0,0.0,7,False,False,supply_only,no_cafe_sales_rows,,66.1704834605598,,6c591a7_residual_size_adjusted_draft_2025Q4,official_inside_counts_no_external_walk_component,supply_only_exploration_only,zero_source_cafe_supply_positive_residual_not_ranking_evidence
3130082,면곡골목시장,전통시장,True,,0.0,0.0,35,False,False,supply_only,no_cafe_sales_rows,,24.134860050890584,,6c591a7_residual_size_adjusted_draft_2025Q4,official_inside_counts_no_external_walk_component,supply_only_exploration_only,zero_source_cafe_supply_positive_residual_not_ranking_evidence
3130084,신성시장(신성골목시장),전통시장,True,,0.0,0.0,100,False,False,supply_only,no_cafe_sales_rows,,9.478371501272264,,6c591a7_residual_size_adjusted_draft_2025Q4,official_inside_counts_no_external_walk_component,supply_only_exploration_only,zero_source_cafe_supply_positive_residual_not_ranking_evidence
3130085,용두시장,전통시장,True,,0.0,0.0,7,False,False,supply_only,no_cafe_sales_rows,,66.1704834605598,,6c591a7_residual_size_adjusted_draft_2025Q4,official_inside_counts_no_external_walk_component,supply_only_exploration_only,zero_source_cafe_supply_positive_residual_not_ranking_evidence
3130089,청량리수산시장,전통시장,True,,0.0,0.0,114,False,False,supply_only,no_cafe_sales_rows,,6.081424936386769,,6c591a7_residual_size_adjusted_draft_2025Q4,official_inside_counts_no_external_walk_component,supply_only_exploration_only,zero_source_cafe_supply_positive_residual_not_ranking_evidence
3130092,청량리농수산물시장,전통시장,True,,0.0,0.0,253,False,False,supply_only,no_cafe_sales_rows,,2.302798982188295,,6c591a7_residual_size_adjusted_draft_2025Q4,official_inside_counts_no_external_walk_component,supply_only_exploration_only,zero_source_cafe_supply_positive_residual_not_ranking_evidence
3130093,동서시장,전통시장,True,,0.0,0.0,67,False,False,supply_only,no_cafe_sales_rows,,13.734096692111958,,6c591a7_residual_size_adjusted_draft_2025Q4,official_inside_counts_no_external_walk_component,supply_only_exploration_only,zero_source_cafe_supply_positive_residual_not_ranking_evidence
3130096,동부시장,전통시장,True,,0.0,0.0,25,False,False,supply_only,no_cafe_sales_rows,,31.29770992366412,,6c591a7_residual_size_adjusted_draft_2025Q4,official_inside_counts_no_external_walk_component,supply_only_exploration_only,zero_source_cafe_supply_positive_residual_not_ranking_evidence
3130102,이문제일시장,전통시장,True,,0.0,0.0,25,False,False,supply_only,no_cafe_sales_rows,,31.29770992366412,,6c591a7_residual_size_adjusted_draft_2025Q4,official_inside_counts_no_external_walk_component,supply_only_exploration_only,zero_source_cafe_supply_positive_residual_not_ranking_evidence
3130107,중랑동부시장(중랑교종합상가),전통시장,True,,0.0,0.0,42,False,False,supply_only,no_cafe_sales_rows,,20.12086513994911,,6c591a7_residual_size_adjusted_draft_2025Q4,official_inside_counts_no_external_walk_component,supply_only_exploration_only,zero_source_cafe_supply_positive_residual_not_ranking_evidence
3130121,길음시장,전통시장,True,,0.0,0.0,70,False,False,supply_only,no_cafe_sales_rows,,13.021628498727736,,6c591a7_residual_size_adjusted_draft_2025Q4,official_inside_counts_no_external_walk_component,supply_only_exploration_only,zero_source_cafe_supply_positive_residual_not_ranking_evidence
3130124,번동시장,전통시장,True,,0.0,0.0,3,False,False,supply_only,no_cafe_sales_rows,,83.55597964376591,,6c591a7_residual_size_adjusted_draft_2025Q4,official_inside_counts_no_external_walk_component,supply_only_exploration_only,zero_source_cafe_supply_positive_residual_not_ranking_evidence
3130126,새석관시장,전통시장,True,,0.0,0.0,22,False,False,supply_only,no_cafe_sales_rows,,35.09541984732824,,6c591a7_residual_size_adjusted_draft_2025Q4,official_inside_counts_no_external_walk_component,supply_only_exploration_only,zero_source_cafe_supply_positive_residual_not_ranking_evidence
3130142,강북북부시장,전통시장,True,,0.0,0.0,22,False,False,supply_only,no_cafe_sales_rows,,35.09541984732824,,6c591a7_residual_size_adjusted_draft_2025Q4,official_inside_counts_no_external_walk_component,supply_only_exploration_only,zero_source_cafe_supply_positive_residual_not_ranking_evidence
3130177,인왕시장(홍제골목형상점가),전통시장,True,,0.0,0.0,195,False,False,supply_only,no_cafe_sales_rows,,4.338422391857506,,6c591a7_residual_size_adjusted_draft_2025Q4,official_inside_counts_no_external_walk_component,supply_only_exploration_only,zero_source_cafe_supply_positive_residual_not_ranking_evidence
