rank,area_code,area_name,area_type_name,recommendation_eligible,exclusion_reason,coffee_stores,bakery_stores,total_stores_2025q4,coffee_sales_observed,bakery_sales_observed,score_status,score_status_reason,full_score,supply_only_score,legacy_full_score,score_version,spatial_basis,ranking_universe,legacy_supply_only_score_before_rank_guard,cafe_supply_rank_eligible,cafe_complete_rank_eligible,ranking_exclusion_reason,coffee_size_adjusted_full_score,bakery_size_adjusted_full_score,coffee_size_adjusted_supply_score,bakery_size_adjusted_supply_score,C1_subtype_score,C2_subtype_score,C1_model_contribution,C2_model_contribution,cafe_top3_available_subtypes,cafe_best_available_subtype,subtype_status,cafe_evidence_sentence,ranking_universe_count,ranking_status
1,3120007,북촌(안국역),발달상권,True,,80.0,21.0,554,True,True,complete,both_cafe_industries_sales_observed,97.37620946621168,,96.45332059613332,6c591a7_residual_size_adjusted_draft_2025Q4,official_inside_counts_no_external_walk_component,complete_sales_observed_only,,False,True,,97.02882561063014,98.18677179590196,99.36386768447836,99.61832061068702,97.02882561063014,98.18677179590196,67.92017792744109,29.45603153877059,C2_bakery|C1_coffee,C2_bakery,only_C1_C2_available_C_stay_unverified_no_third_subtype,"공식 2025Q4 커피·음료 80개, 제과 21개. 매출 상태 complete; 공급·소비 완전관측군의 잔차 보정 초안. 현재 영업·체류·학습 허용 미검증.",218,cafe_complete_exploratory_not_personal_satisfaction
2,3120002,서촌(경복궁역),발달상권,True,,77.0,21.0,628,True,True,complete,both_cafe_industries_sales_observed,95.37767804419924,,94.3947932589813,6c591a7_residual_size_adjusted_draft_2025Q4,official_inside_counts_no_external_walk_component,complete_sales_observed_only,,False,True,,96.27021933766396,93.29508169278157,98.9821882951654,99.49109414758269,96.27021933766396,93.29508169278157,67.38915353636477,27.98852450783447,C1_coffee|C2_bakery,C1_coffee,only_C1_C2_available_C_stay_unverified_no_third_subtype,"공식 2025Q4 커피·음료 77개, 제과 21개. 매출 상태 complete; 공급·소비 완전관측군의 잔차 보정 초안. 현재 영업·체류·학습 허용 미검증.",218,cafe_complete_exploratory_not_personal_satisfaction
3,3120064,경희대학교(경희대),발달상권,True,,31.0,9.0,330,True,True,complete,both_cafe_industries_sales_observed,93.64098308214363,,91.93568291372902,6c591a7_residual_size_adjusted_draft_2025Q4,official_inside_counts_no_external_walk_component,complete_sales_observed_only,,False,True,,93.89547976321846,93.04715749296906,99.49109414758269,98.85496183206108,93.89547976321846,93.04715749296906,65.72683583425292,27.914147247890718,C1_coffee|C2_bakery,C1_coffee,only_C1_C2_available_C_stay_unverified_no_third_subtype,"공식 2025Q4 커피·음료 31개, 제과 9개. 매출 상태 complete; 공급·소비 완전관측군의 잔차 보정 초안. 현재 영업·체류·학습 허용 미검증.",218,cafe_complete_exploratory_not_personal_satisfaction
4,3120005,삼청동,발달상권,True,,50.0,10.0,433,True,True,complete,both_cafe_industries_sales_observed,91.95187931319066,,85.59390047516536,6c591a7_residual_size_adjusted_draft_2025Q4,official_inside_counts_no_external_walk_component,complete_sales_observed_only,,False,True,,93.0769543767041,89.32670416499263,93.89312977099236,90.20356234096693,93.0769543767041,89.32670416499263,65.15386806369287,26.79801124949779,C1_coffee|C2_bakery,C1_coffee,only_C1_C2_available_C_stay_unverified_no_third_subtype,"공식 2025Q4 커피·음료 50개, 제과 10개. 매출 상태 complete; 공급·소비 완전관측군의 잔차 보정 초안. 현재 영업·체류·학습 허용 미검증.",218,cafe_complete_exploratory_not_personal_satisfaction
5,3110008,배화여자대학교(박노수미술관),골목상권,True,,46.0,9.0,315,True,True,complete,both_cafe_industries_sales_observed,91.6284426424105,,88.6087874895572,6c591a7_residual_size_adjusted_draft_2025Q4,official_inside_counts_no_external_walk_component,complete_sales_observed_only,,False,True,,96.29025210179633,80.75088723717693,98.34605597964376,95.29262086513997,96.29025210179633,80.75088723717693,67.40317647125742,24.225266171153077,C1_coffee|C2_bakery,C1_coffee,only_C1_C2_available_C_stay_unverified_no_third_subtype,"공식 2025Q4 커피·음료 46개, 제과 9개. 매출 상태 complete; 공급·소비 완전관측군의 잔차 보정 초안. 현재 영업·체류·학습 허용 미검증.",218,cafe_complete_exploratory_not_personal_satisfaction
6,3120008,인사동,발달상권,True,,73.0,13.0,1215,True,True,complete,both_cafe_industries_sales_observed,91.38896971213823,,85.99302875354672,6c591a7_residual_size_adjusted_draft_2025Q4,official_inside_counts_no_external_walk_component,complete_sales_observed_only,,False,True,,92.47224680796197,88.86132315521627,94.78371501272264,87.65903307888041,92.47224680796197,88.86132315521627,64.73057276557337,26.65839694656488,C1_coffee|C2_bakery,C1_coffee,only_C1_C2_available_C_stay_unverified_no_third_subtype,"공식 2025Q4 커피·음료 73개, 제과 13개. 매출 상태 complete; 공급·소비 완전관측군의 잔차 보정 초안. 현재 영업·체류·학습 허용 미검증.",218,cafe_complete_exploratory_not_personal_satisfaction
7,3120103,홍대입구역(홍대),발달상권,True,,224.0,30.0,2981,True,True,complete,both_cafe_industries_sales_observed,89.84684835481781,,83.27265575304878,6c591a7_residual_size_adjusted_draft_2025Q4,official_inside_counts_no_external_walk_component,complete_sales_observed_only,,False,True,,90.53771913857634,88.23481652604792,97.5826972010178,93.76590330788804,90.53771913857634,88.23481652604792,63.37640339700343,26.470444957814376,C1_coffee|C2_bakery,C1_coffee,only_C1_C2_available_C_stay_unverified_no_third_subtype,"공식 2025Q4 커피·음료 224개, 제과 30개. 매출 상태 complete; 공급·소비 완전관측군의 잔차 보정 초안. 현재 영업·체류·학습 허용 미검증.",218,cafe_complete_exploratory_not_personal_satisfaction
8,3120012,대학로(혜화역),발달상권,True,,84.0,18.0,985,True,True,complete,both_cafe_industries_sales_observed,89.20649595827203,,85.21057050205093,6c591a7_residual_size_adjusted_draft_2025Q4,official_inside_counts_no_external_walk_component,complete_sales_observed_only,,False,True,,90.55370397758084,86.06301057988482,95.92875318066156,96.81933842239184,90.55370397758084,86.06301057988482,63.387592784306584,25.818903173965445,C1_coffee|C2_bakery,C1_coffee,only_C1_C2_available_C_stay_unverified_no_third_subtype,"공식 2025Q4 커피·음료 84개, 제과 18개. 매출 상태 complete; 공급·소비 완전관측군의 잔차 보정 초안. 현재 영업·체류·학습 허용 미검증.",218,cafe_complete_exploratory_not_personal_satisfaction
9,3120051,뚝섬역,발달상권,True,,60.0,22.0,864,True,True,complete,both_cafe_industries_sales_observed,88.65102859037789,,86.5753946736662,6c591a7_residual_size_adjusted_draft_2025Q4,official_inside_counts_no_external_walk_component,complete_sales_observed_only,,False,True,,90.26561738015874,84.88365474755591,91.47582697201018,99.36386768447836,90.26561738015874,84.88365474755591,63.185932166111115,25.465096424266772,C1_coffee|C2_bakery,C1_coffee,only_C1_C2_available_C_stay_unverified_no_third_subtype,"공식 2025Q4 커피·음료 60개, 제과 22개. 매출 상태 complete; 공급·소비 완전관측군의 잔차 보정 초안. 현재 영업·체류·학습 허용 미검증.",218,cafe_complete_exploratory_not_personal_satisfaction
10,3110214,경희대후문,골목상권,True,,15.0,3.0,81,True,True,complete,both_cafe_industries_sales_observed,87.76586444538782,,80.90122770672949,6c591a7_residual_size_adjusted_draft_2025Q4,official_inside_counts_no_external_walk_component,complete_sales_observed_only,,False,True,,90.9153771477761,80.41700147314853,97.20101781170484,87.53180661577609,90.9153771477761,80.41700147314853,63.640764003443266,24.125100441944557,C1_coffee|C2_bakery,C1_coffee,only_C1_C2_available_C_stay_unverified_no_third_subtype,"공식 2025Q4 커피·음료 15개, 제과 3개. 매출 상태 complete; 공급·소비 완전관측군의 잔차 보정 초안. 현재 영업·체류·학습 허용 미검증.",218,cafe_complete_exploratory_not_personal_satisfaction
11,3110082,용산구청,골목상권,True,,17.0,5.0,178,True,True,complete,both_cafe_industries_sales_observed,87.19693571585816,,85.09450319669949,6c591a7_residual_size_adjusted_draft_2025Q4,official_inside_counts_no_external_walk_component,complete_sales_observed_only,,False,True,,91.96693192720598,76.0669445560466,94.0203562340967,91.98473282442748,91.96693192720598,76.0669445560466,64.37685234904419,22.82008336681398,C1_coffee|C2_bakery,C1_coffee,only_C1_C2_available_C_stay_unverified_no_third_subtype,"공식 2025Q4 커피·음료 17개, 제과 5개. 매출 상태 complete; 공급·소비 완전관측군의 잔차 보정 초안. 현재 영업·체류·학습 허용 미검증.",218,cafe_complete_exploratory_not_personal_satisfaction
12,3120006,종각역,발달상권,True,,95.0,17.0,1696,True,True,complete,both_cafe_industries_sales_observed,87.13460402721802,,80.81475462115134,6c591a7_residual_size_adjusted_draft_2025Q4,official_inside_counts_no_external_walk_component,complete_sales_observed_only,,False,True,,87.50898491863953,86.26104861390117,92.23918575063614,88.54961832061069,87.50898491863953,86.26104861390117,61.25628944304766,25.87831458417035,C1_coffee|C2_bakery,C1_coffee,only_C1_C2_available_C_stay_unverified_no_third_subtype,"공식 2025Q4 커피·음료 95개, 제과 17개. 매출 상태 complete; 공급·소비 완전관측군의 잔차 보정 초안. 현재 영업·체류·학습 허용 미검증.",218,cafe_complete_exploratory_not_personal_satisfaction
13,3110566,경의선책거리,골목상권,True,,76.0,13.0,664,True,True,complete,both_cafe_industries_sales_observed,87.04550049776891,,84.25964511836116,6c591a7_residual_size_adjusted_draft_2025Q4,official_inside_counts_no_external_walk_component,complete_sales_observed_only,,False,True,,91.3004725012609,77.11723248962099,99.23664122137404,95.92875318066156,91.3004725012609,77.11723248962099,63.91033075088262,23.135169746886294,C1_coffee|C2_bakery,C1_coffee,only_C1_C2_available_C_stay_unverified_no_third_subtype,"공식 2025Q4 커피·음료 76개, 제과 13개. 매출 상태 complete; 공급·소비 완전관측군의 잔차 보정 초안. 현재 영업·체류·학습 허용 미검증.",218,cafe_complete_exploratory_not_personal_satisfaction
14,3110069,숙대입구,골목상권,True,,39.0,8.0,439,True,True,complete,both_cafe_industries_sales_observed,86.8965152847392,,82.3205977348217,6c591a7_residual_size_adjusted_draft_2025Q4,official_inside_counts_no_external_walk_component,complete_sales_observed_only,,False,True,,88.94965794852543,82.10584906923799,92.36641221374046,86.51399491094148,88.94965794852543,82.10584906923799,62.2647605639678,24.631754720771397,C1_coffee|C2_bakery,C1_coffee,only_C1_C2_available_C_stay_unverified_no_third_subtype,"공식 2025Q4 커피·음료 39개, 제과 8개. 매출 상태 complete; 공급·소비 완전관측군의 잔차 보정 초안. 현재 영업·체류·학습 허용 미검증.",218,cafe_complete_exploratory_not_personal_satisfaction
15,3120003,광화문역,발달상권,True,,102.0,18.0,1840,True,True,complete,both_cafe_industries_sales_observed,86.28393820540133,,78.76785959447116,6c591a7_residual_size_adjusted_draft_2025Q4,official_inside_counts_no_external_walk_component,complete_sales_observed_only,,False,True,,88.40051781739305,81.34525244408732,88.42239185750637,86.1323155216285,88.40051781739305,81.34525244408732,61.88036247217513,24.403575733226194,C1_coffee|C2_bakery,C1_coffee,only_C1_C2_available_C_stay_unverified_no_third_subtype,"공식 2025Q4 커피·음료 102개, 제과 18개. 매출 상태 complete; 공급·소비 완전관측군의 잔차 보정 초안. 현재 영업·체류·학습 허용 미검증.",218,cafe_complete_exploratory_not_personal_satisfaction
16,3111013,송파나루역 1번(송리단길),골목상권,True,,73.0,23.0,577,True,True,complete,both_cafe_industries_sales_observed,86.148002459206,,85.16758998553532,6c591a7_residual_size_adjusted_draft_2025Q4,official_inside_counts_no_external_walk_component,complete_sales_observed_only,,False,True,,89.6627679624426,77.94688295165393,98.72773536895674,99.74554707379136,89.6627679624426,77.94688295165393,62.76393757370982,23.38406488549618,C1_coffee|C2_bakery,C1_coffee,only_C1_C2_available_C_stay_unverified_no_third_subtype,"공식 2025Q4 커피·음료 73개, 제과 23개. 매출 상태 complete; 공급·소비 완전관측군의 잔차 보정 초안. 현재 영업·체류·학습 허용 미검증.",218,cafe_complete_exploratory_not_personal_satisfaction
17,3130179,"이화여대 3,5,7길 상점가",전통시장,True,,35.0,5.0,445,True,True,complete,both_cafe_industries_sales_observed,85.87421438931399,,82.92545981333782,6c591a7_residual_size_adjusted_draft_2025Q4,official_inside_counts_no_external_walk_component,complete_sales_observed_only,,False,True,,92.50806096252224,70.39523905182803,98.85496183206108,81.29770992366412,92.50806096252224,70.39523905182803,64.75564267376556,21.11857171554841,C1_coffee|C2_bakery,C1_coffee,only_C1_C2_available_C_stay_unverified_no_third_subtype,"공식 2025Q4 커피·음료 35개, 제과 5개. 매출 상태 complete; 공급·소비 완전관측군의 잔차 보정 초안. 현재 영업·체류·학습 허용 미검증.",218,cafe_complete_exploratory_not_personal_satisfaction
18,3110572,서강대역 1번,골목상권,True,,29.0,7.0,294,True,True,complete,both_cafe_industries_sales_observed,85.47242107498528,,80.91698375968096,6c591a7_residual_size_adjusted_draft_2025Q4,official_inside_counts_no_external_walk_component,complete_sales_observed_only,,False,True,,86.99189637584708,81.92697870630775,91.73027989821882,89.31297709923665,86.99189637584708,81.92697870630775,60.89432746309295,24.578093611892324,C1_coffee|C2_bakery,C1_coffee,only_C1_C2_available_C_stay_unverified_no_third_subtype,"공식 2025Q4 커피·음료 29개, 제과 7개. 매출 상태 complete; 공급·소비 완전관측군의 잔차 보정 초안. 현재 영업·체류·학습 허용 미검증.",218,cafe_complete_exploratory_not_personal_satisfaction
19,3120072,성신여대,발달상권,True,,76.0,14.0,1177,True,True,complete,both_cafe_industries_sales_observed,85.43824247553616,,80.16138246011613,6c591a7_residual_size_adjusted_draft_2025Q4,official_inside_counts_no_external_walk_component,complete_sales_observed_only,,False,True,,88.13380905791742,79.14858711664658,94.91094147582696,89.94910941475827,88.13380905791742,79.14858711664658,61.69366634054219,23.744576134993974,C1_coffee|C2_bakery,C1_coffee,only_C1_C2_available_C_stay_unverified_no_third_subtype,"공식 2025Q4 커피·음료 76개, 제과 14개. 매출 상태 complete; 공급·소비 완전관측군의 잔차 보정 초안. 현재 영업·체류·학습 허용 미검증.",218,cafe_complete_exploratory_not_personal_satisfaction
20,3120186,가로수길,발달상권,True,,83.0,18.0,1502,True,True,complete,both_cafe_industries_sales_observed,85.21017414677237,,79.50336034840436,6c591a7_residual_size_adjusted_draft_2025Q4,official_inside_counts_no_external_walk_component,complete_sales_observed_only,,False,True,,85.20780631998878,85.21569907593411,90.5852417302799,92.36641221374046,85.20780631998878,85.21569907593411,59.64546442399214,25.564709722780233,C2_bakery|C1_coffee,C2_bakery,only_C1_C2_available_C_stay_unverified_no_third_subtype,"공식 2025Q4 커피·음료 83개, 제과 18개. 매출 상태 complete; 공급·소비 완전관측군의 잔차 보정 초안. 현재 영업·체류·학습 허용 미검증.",218,cafe_complete_exploratory_not_personal_satisfaction
