check,status
786_unique_codes_all_outputs,PASS
variant_rows_18x786,PASS
no_S4_or_S3b_in_score,PASS
weights_sum_one,PASS
study_score_range,PASS
study_components_equal_score,PASS
no_transit_only_study_rank,PASS
no_actual_entrance_claim,PASS
model_flag_unknown_for_assumed_routes,PASS
cafe_status_counts,PASS
cafe_complete_only_scores,PASS
cafe_complete_both_sales_observed,PASS
cafe_supply_only_separate_scores,PASS
cafe_insufficient_not_ranked,PASS
cafe_score_ranges,PASS
cafe_rank_population_sizes,PASS
no_tourism_ranked,PASS
latest_meal_basis_audited,PASS
common_features_inside_only,PASS
combo_equal_weight_common_population,PASS
route_source_counts_preserved,PASS
