rank,area_code,area_name,study_public_buffer400_count,study_public_inside_count,place_id,facility_name,facility_type,longitude,latitude,spatial_relation,distance_m,operation_status,public_access_verified,study_access_verified,public_feature_included,map_check_status,access_check_status,exception_reason,reviewed_at,source_name,source_url,map_url,rank_basis
1,3110167,용마초등학교,8,1,library:poi:01019,능동새마을작은도서관,public_library,127.0805504,37.55376123,buffer400_only,379.3,listed_in_standard_data,1,1,1,PASS_VISUAL_BUFFER400,VERIFIED,,2026-09-21,전국도서관표준데이터,https://www.data.go.kr/data/15013109/standard.do,https://www.openstreetmap.org/?mlat=37.55376123&mlon=127.0805504#map=19/37.55376123/127.0805504,score-eligible buffer400 desc; inside desc; minimum-period ratio desc; area_code asc
1,3110167,용마초등학교,8,1,library:poi:01029,운룡도서관,public_library,127.0893602,37.55419818,buffer400_only,224.5,listed_in_standard_data,1,1,1,PASS_VISUAL_BUFFER400,VERIFIED,,2026-09-21,전국도서관표준데이터,https://www.data.go.kr/data/15013109/standard.do,https://www.openstreetmap.org/?mlat=37.55419818&mlon=127.0893602#map=19/37.55419818/127.0893602,score-eligible buffer400 desc; inside desc; minimum-period ratio desc; area_code asc
1,3110167,용마초등학교,8,1,library:poi:01030,이룸도서관,public_library,127.0875991,37.5579873,inside,0.0,listed_in_standard_data,1,1,1,PASS_VISUAL_INSIDE,VERIFIED,,2026-09-21,전국도서관표준데이터,https://www.data.go.kr/data/15013109/standard.do,https://www.openstreetmap.org/?mlat=37.5579873&mlon=127.0875991#map=19/37.5579873/127.0875991,score-eligible buffer400 desc; inside desc; minimum-period ratio desc; area_code asc
1,3110167,용마초등학교,8,1,library:poi:01037,중곡1동새마을작은도서관,public_library,127.0800508,37.56066681,buffer400_only,330.9,listed_in_standard_data,1,1,1,PASS_VISUAL_BUFFER400,VERIFIED,,2026-09-21,전국도서관표준데이터,https://www.data.go.kr/data/15013109/standard.do,https://www.openstreetmap.org/?mlat=37.56066681&mlon=127.0800508#map=19/37.56066681/127.0800508,score-eligible buffer400 desc; inside desc; minimum-period ratio desc; area_code asc
1,3110167,용마초등학교,8,1,library:poi:01038,중곡2동새마을작은도서관,public_library,127.0814764,37.56015047,buffer400_only,201.2,listed_in_standard_data,1,1,1,PASS_VISUAL_BUFFER400,VERIFIED,,2026-09-21,전국도서관표준데이터,https://www.data.go.kr/data/15013109/standard.do,https://www.openstreetmap.org/?mlat=37.56015047&mlon=127.0814764#map=19/37.56015047/127.0814764,score-eligible buffer400 desc; inside desc; minimum-period ratio desc; area_code asc
1,3110167,용마초등학교,8,1,library:poi:01040,중곡4동새마을작은도서관,public_library,127.0894339,37.55909955,buffer400_only,154.0,listed_in_standard_data,1,1,1,PASS_VISUAL_BUFFER400,VERIFIED,,2026-09-21,전국도서관표준데이터,https://www.data.go.kr/data/15013109/standard.do,https://www.openstreetmap.org/?mlat=37.55909955&mlon=127.0894339#map=19/37.55909955/127.0894339,score-eligible buffer400 desc; inside desc; minimum-period ratio desc; area_code asc
1,3110167,용마초등학교,8,1,library:poi:01041,중곡교회작은도서관,public_library,127.090785,37.55696496,buffer400_only,239.5,listed_in_standard_data,1,1,1,PASS_VISUAL_BUFFER400,VERIFIED,,2026-09-21,전국도서관표준데이터,https://www.data.go.kr/data/15013109/standard.do,https://www.openstreetmap.org/?mlat=37.55696496&mlon=127.090785#map=19/37.55696496/127.090785,score-eligible buffer400 desc; inside desc; minimum-period ratio desc; area_code asc
1,3110167,용마초등학교,8,1,library:poi:01044,하람도서관,public_library,127.0883465,37.56212772,buffer400_only,285.7,listed_in_standard_data,1,1,1,PASS_VISUAL_BUFFER400,VERIFIED,,2026-09-21,전국도서관표준데이터,https://www.data.go.kr/data/15013109/standard.do,https://www.openstreetmap.org/?mlat=37.56212772&mlon=127.0883465#map=19/37.56212772/127.0883465,score-eligible buffer400 desc; inside desc; minimum-period ratio desc; area_code asc
2,3110176,해오름공원,7,1,library:poi:01021,사람아이앤지작은도서관,public_library,127.0940536,37.55392748,buffer400_only,128.4,listed_in_standard_data,1,1,1,PASS_VISUAL_BUFFER400,VERIFIED,,2026-09-21,전국도서관표준데이터,https://www.data.go.kr/data/15013109/standard.do,https://www.openstreetmap.org/?mlat=37.55392748&mlon=127.0940536#map=19/37.55392748/127.0940536,score-eligible buffer400 desc; inside desc; minimum-period ratio desc; area_code asc
2,3110176,해오름공원,7,1,library:poi:01027,아차산아래작은도서관놀자,public_library,127.0944525,37.55385545,buffer400_only,156.1,listed_in_standard_data,1,1,1,PASS_VISUAL_BUFFER400,VERIFIED,,2026-09-21,전국도서관표준데이터,https://www.data.go.kr/data/15013109/standard.do,https://www.openstreetmap.org/?mlat=37.55385545&mlon=127.0944525#map=19/37.55385545/127.0944525,score-eligible buffer400 desc; inside desc; minimum-period ratio desc; area_code asc
2,3110176,해오름공원,7,1,library:poi:01029,운룡도서관,public_library,127.0893602,37.55419818,buffer400_only,289.5,listed_in_standard_data,1,1,1,PASS_VISUAL_BUFFER400,VERIFIED,,2026-09-21,전국도서관표준데이터,https://www.data.go.kr/data/15013109/standard.do,https://www.openstreetmap.org/?mlat=37.55419818&mlon=127.0893602#map=19/37.55419818/127.0893602,score-eligible buffer400 desc; inside desc; minimum-period ratio desc; area_code asc
2,3110176,해오름공원,7,1,library:poi:01030,이룸도서관,public_library,127.0875991,37.5579873,buffer400_only,74.3,listed_in_standard_data,1,1,1,PASS_VISUAL_BUFFER400,VERIFIED,,2026-09-21,전국도서관표준데이터,https://www.data.go.kr/data/15013109/standard.do,https://www.openstreetmap.org/?mlat=37.5579873&mlon=127.0875991#map=19/37.5579873/127.0875991,score-eligible buffer400 desc; inside desc; minimum-period ratio desc; area_code asc
2,3110176,해오름공원,7,1,library:poi:01040,중곡4동새마을작은도서관,public_library,127.0894339,37.55909955,buffer400_only,18.7,listed_in_standard_data,1,1,1,PASS_VISUAL_BUFFER400,VERIFIED,,2026-09-21,전국도서관표준데이터,https://www.data.go.kr/data/15013109/standard.do,https://www.openstreetmap.org/?mlat=37.55909955&mlon=127.0894339#map=19/37.55909955/127.0894339,score-eligible buffer400 desc; inside desc; minimum-period ratio desc; area_code asc
2,3110176,해오름공원,7,1,library:poi:01041,중곡교회작은도서관,public_library,127.090785,37.55696496,inside,0.0,listed_in_standard_data,1,1,1,PASS_VISUAL_INSIDE,VERIFIED,,2026-09-21,전국도서관표준데이터,https://www.data.go.kr/data/15013109/standard.do,https://www.openstreetmap.org/?mlat=37.55696496&mlon=127.090785#map=19/37.55696496/127.090785,score-eligible buffer400 desc; inside desc; minimum-period ratio desc; area_code asc
2,3110176,해오름공원,7,1,library:poi:01044,하람도서관,public_library,127.0883465,37.56212772,buffer400_only,314.7,listed_in_standard_data,1,1,1,PASS_VISUAL_BUFFER400,VERIFIED,,2026-09-21,전국도서관표준데이터,https://www.data.go.kr/data/15013109/standard.do,https://www.openstreetmap.org/?mlat=37.56212772&mlon=127.0883465#map=19/37.56212772/127.0883465,score-eligible buffer400 desc; inside desc; minimum-period ratio desc; area_code asc
3,3110056,신당역 3번,6,3,library:poi:01394,동화동 작은도서관,public_library,127.019422,37.559982,inside,0.0,listed_in_standard_data,1,1,1,PASS_VISUAL_INSIDE,VERIFIED,,2026-09-21,전국도서관표준데이터,https://www.data.go.kr/data/15013109/standard.do,https://www.openstreetmap.org/?mlat=37.559982&mlon=127.019422#map=19/37.559982/127.019422,score-eligible buffer400 desc; inside desc; minimum-period ratio desc; area_code asc
3,3110056,신당역 3번,6,3,library:poi:01206,성동구립청계도서관,public_library,127.0255271,37.56787393,buffer400_only,344.5,listed_in_standard_data,1,1,1,PASS_VISUAL_BUFFER400,VERIFIED,,2026-09-21,전국도서관표준데이터,https://www.data.go.kr/data/15013109/standard.do,https://www.openstreetmap.org/?mlat=37.56787393&mlon=127.0255271#map=19/37.56787393/127.0255271,score-eligible buffer400 desc; inside desc; minimum-period ratio desc; area_code asc
3,3110056,신당역 3번,6,3,library:poi:01396,신당5동 작은도서관,public_library,127.021636,37.563437,inside,0.0,listed_in_standard_data,1,1,1,PASS_VISUAL_INSIDE,VERIFIED,,2026-09-21,전국도서관표준데이터,https://www.data.go.kr/data/15013109/standard.do,https://www.openstreetmap.org/?mlat=37.563437&mlon=127.021636#map=19/37.563437/127.021636,score-eligible buffer400 desc; inside desc; minimum-period ratio desc; area_code asc
3,3110056,신당역 3번,6,3,library:poi:01397,신당누리도서관,public_library,127.0145942,37.56230079,buffer400_only,362.5,listed_in_standard_data,1,1,1,PASS_VISUAL_BUFFER400,VERIFIED,,2026-09-21,전국도서관표준데이터,https://www.data.go.kr/data/15013109/standard.do,https://www.openstreetmap.org/?mlat=37.56230079&mlon=127.0145942#map=19/37.56230079/127.0145942,score-eligible buffer400 desc; inside desc; minimum-period ratio desc; area_code asc
3,3110056,신당역 3번,6,3,library:poi:01400,어울림도서관,public_library,127.0189303,37.561723,inside,0.0,listed_in_standard_data,1,1,1,PASS_VISUAL_INSIDE,VERIFIED,,2026-09-21,전국도서관표준데이터,https://www.data.go.kr/data/15013109/standard.do,https://www.openstreetmap.org/?mlat=37.561723&mlon=127.0189303#map=19/37.561723/127.0189303,score-eligible buffer400 desc; inside desc; minimum-period ratio desc; area_code asc
3,3110056,신당역 3번,6,3,library:poi:01405,황학동 작은도서관,public_library,127.021382,37.567423,buffer400_only,202.0,listed_in_standard_data,1,1,1,PASS_VISUAL_BUFFER400,VERIFIED,,2026-09-21,전국도서관표준데이터,https://www.data.go.kr/data/15013109/standard.do,https://www.openstreetmap.org/?mlat=37.567423&mlon=127.021382#map=19/37.567423/127.021382,score-eligible buffer400 desc; inside desc; minimum-period ratio desc; area_code asc
4,3120094,"신촌역(신촌역, 신촌로터리)",6,3,library:poi:01170,해오름도서관,public_library,126.9423681,37.5558481,buffer400_only,190.1,listed_in_standard_data,1,1,1,PASS_VISUAL_BUFFER400,VERIFIED,,2026-09-21,전국도서관표준데이터,https://www.data.go.kr/data/15013109/standard.do,https://www.openstreetmap.org/?mlat=37.5558481&mlon=126.9423681#map=19/37.5558481/126.9423681,score-eligible buffer400 desc; inside desc; minimum-period ratio desc; area_code asc
4,3120094,"신촌역(신촌역, 신촌로터리)",6,3,osm:node:13227209171,공학관 독서실 (공B 1층),reading_room,126.9354021,37.5618561,buffer400_only,285.3,mapped_current_state,0,1,1,PASS_VISUAL_BUFFER400,FOLLOWUP_REQUIRED,address_missing;public_access_unverified,2026-09-21,OpenStreetMap named study POI,https://www.openstreetmap.org/node/13227209171,https://www.openstreetmap.org/?mlat=37.5618561&mlon=126.9354021#map=19/37.5618561/126.9354021,score-eligible buffer400 desc; inside desc; minimum-period ratio desc; area_code asc
4,3120094,"신촌역(신촌역, 신촌로터리)",6,3,youth:215,"신촌, 파랑고래",youth_space,126.9355981,37.5571971,inside,0.0,active_page_with_hours,1,1,1,PASS_VISUAL_INSIDE,VERIFIED,,2026-09-21,청년몽땅정보통 청년공간,https://youth.seoul.go.kr/infoData/spacInfo/view.do?key=2309200006&infoDataStngId=215,https://www.openstreetmap.org/?mlat=37.5571971&mlon=126.9355981#map=19/37.5571971/126.9355981,score-eligible buffer400 desc; inside desc; minimum-period ratio desc; area_code asc
4,3120094,"신촌역(신촌역, 신촌로터리)",6,3,youth:208,신촌문화발전소,youth_space,126.9398021,37.557996,buffer400_only,54.6,active_page_with_hours,1,0,1,PASS_VISUAL_BUFFER400,VERIFIED,,2026-09-21,청년몽땅정보통 청년공간,https://youth.seoul.go.kr/infoData/spacInfo/view.do?key=2309200006&infoDataStngId=208,https://www.openstreetmap.org/?mlat=37.557996&mlon=126.9398021#map=19/37.557996/126.9398021,score-eligible buffer400 desc; inside desc; minimum-period ratio desc; area_code asc
4,3120094,"신촌역(신촌역, 신촌로터리)",6,3,youth:194,청년창업꿈터,youth_space,126.9389017,37.5569528,inside,0.0,active_page_with_hours,1,1,1,PASS_VISUAL_INSIDE,VERIFIED,,2026-09-21,청년몽땅정보통 청년공간,https://youth.seoul.go.kr/infoData/spacInfo/view.do?key=2309200006&infoDataStngId=194,https://www.openstreetmap.org/?mlat=37.5569528&mlon=126.9389017#map=19/37.5569528/126.9389017,score-eligible buffer400 desc; inside desc; minimum-period ratio desc; area_code asc
4,3120094,"신촌역(신촌역, 신촌로터리)",6,3,youth:133,한겨레교육문화센터 신촌,youth_space,126.9369309,37.5532058,inside,0.0,active_page_with_hours,1,1,1,PASS_VISUAL_INSIDE,VERIFIED,,2026-09-21,청년몽땅정보통 청년공간,https://youth.seoul.go.kr/infoData/spacInfo/view.do?key=2309200006&infoDataStngId=133,https://www.openstreetmap.org/?mlat=37.5532058&mlon=126.9369309#map=19/37.5532058/126.9369309,score-eligible buffer400 desc; inside desc; minimum-period ratio desc; area_code asc
4,3120094,"신촌역(신촌역, 신촌로터리)",6,3,osm:way:324328456,연세대학교 의과대학 의학도서관,university_learning_facility,126.9403049,37.5614862,buffer400_only,201.9,mapped_current_state,0,1,0,PASS_VISUAL_BUFFER400,FOLLOWUP_REQUIRED,address_missing;public_access_unverified;university_external_access_unverified;excluded_from_public_score,2026-09-21,OpenStreetMap 보완 POI,https://www.openstreetmap.org/way/324328456,https://www.openstreetmap.org/?mlat=37.5614862&mlon=126.9403049#map=19/37.5614862/126.9403049,score-eligible buffer400 desc; inside desc; minimum-period ratio desc; area_code asc
4,3120094,"신촌역(신촌역, 신촌로터리)",6,3,osm:node:368652745,연세대학교김대중도서관,university_learning_facility,126.9295204,37.556988,buffer400_only,209.3,mapped_current_state,0,1,0,PASS_VISUAL_BUFFER400,FOLLOWUP_REQUIRED,address_missing;public_access_unverified;university_external_access_unverified;excluded_from_public_score,2026-09-21,OpenStreetMap named study POI,https://www.openstreetmap.org/node/368652745,https://www.openstreetmap.org/?mlat=37.556988&mlon=126.9295204#map=19/37.556988/126.9295204,score-eligible buffer400 desc; inside desc; minimum-period ratio desc; area_code asc
5,3120051,뚝섬역,6,1,library:poi:01204,성동구립성수도서관,public_library,127.0469471,37.54542892,buffer400_only,67.0,listed_in_standard_data,1,1,1,PASS_VISUAL_BUFFER400,VERIFIED,,2026-09-21,전국도서관표준데이터,https://www.data.go.kr/data/15013109/standard.do,https://www.openstreetmap.org/?mlat=37.54542892&mlon=127.0469471#map=19/37.54542892/127.0469471,score-eligible buffer400 desc; inside desc; minimum-period ratio desc; area_code asc
5,3120051,뚝섬역,6,1,library:poi:01208,성수1가제1동작은도서관,public_library,127.049686,37.542037,buffer400_only,230.3,listed_in_standard_data,1,1,1,PASS_VISUAL_BUFFER400,VERIFIED,,2026-09-21,전국도서관표준데이터,https://www.data.go.kr/data/15013109/standard.do,https://www.openstreetmap.org/?mlat=37.542037&mlon=127.049686#map=19/37.542037/127.049686,score-eligible buffer400 desc; inside desc; minimum-period ratio desc; area_code asc
5,3120051,뚝섬역,6,1,library:poi:01209,성수1가제2동어린이작은도서관,public_library,127.0443495,37.546403,inside,0.0,listed_in_standard_data,1,1,1,PASS_VISUAL_INSIDE,VERIFIED,,2026-09-21,전국도서관표준데이터,https://www.data.go.kr/data/15013109/standard.do,https://www.openstreetmap.org/?mlat=37.546403&mlon=127.0443495#map=19/37.546403/127.0443495,score-eligible buffer400 desc; inside desc; minimum-period ratio desc; area_code asc
5,3120051,뚝섬역,6,1,library:poi:01211,성수2가제3동작은도서관,public_library,127.0552459,37.54822203,buffer400_only,138.1,listed_in_standard_data,1,1,1,PASS_VISUAL_BUFFER400,VERIFIED,,2026-09-21,전국도서관표준데이터,https://www.data.go.kr/data/15013109/standard.do,https://www.openstreetmap.org/?mlat=37.54822203&mlon=127.0552459#map=19/37.54822203/127.0552459,score-eligible buffer400 desc; inside desc; minimum-period ratio desc; area_code asc
5,3120051,뚝섬역,6,1,youth:151,서울숲 언더스탠드 에비뉴,youth_space,127.0436415,37.5436066,buffer400_only,111.7,active_page_with_hours,1,1,1,PASS_VISUAL_BUFFER400,VERIFIED,,2026-09-21,청년몽땅정보통 청년공간,https://youth.seoul.go.kr/infoData/spacInfo/view.do?key=2309200006&infoDataStngId=151,https://www.openstreetmap.org/?mlat=37.5436066&mlon=127.0436415#map=19/37.5436066/127.0436415,score-eligible buffer400 desc; inside desc; minimum-period ratio desc; area_code asc
5,3120051,뚝섬역,6,1,youth:162,소셜 캠퍼스 온(溫)서울 사회적기업성장지원센터,youth_space,127.0460011,37.5511232,buffer400_only,206.9,active_page_with_hours,1,1,1,PASS_VISUAL_BUFFER400,VERIFIED,,2026-09-21,청년몽땅정보통 청년공간,https://youth.seoul.go.kr/infoData/spacInfo/view.do?key=2309200006&infoDataStngId=162,https://www.openstreetmap.org/?mlat=37.5511232&mlon=127.0460011#map=19/37.5511232/127.0460011,score-eligible buffer400 desc; inside desc; minimum-period ratio desc; area_code asc
6,3120057,아차산역,6,1,library:poi:01021,사람아이앤지작은도서관,public_library,127.0940536,37.55392748,buffer400_only,363.2,listed_in_standard_data,1,1,1,PASS_VISUAL_BUFFER400,VERIFIED,,2026-09-21,전국도서관표준데이터,https://www.data.go.kr/data/15013109/standard.do,https://www.openstreetmap.org/?mlat=37.55392748&mlon=127.0940536#map=19/37.55392748/127.0940536,score-eligible buffer400 desc; inside desc; minimum-period ratio desc; area_code asc
6,3120057,아차산역,6,1,library:poi:01027,아차산아래작은도서관놀자,public_library,127.0944525,37.55385545,buffer400_only,393.5,listed_in_standard_data,1,1,1,PASS_VISUAL_BUFFER400,VERIFIED,,2026-09-21,전국도서관표준데이터,https://www.data.go.kr/data/15013109/standard.do,https://www.openstreetmap.org/?mlat=37.55385545&mlon=127.0944525#map=19/37.55385545/127.0944525,score-eligible buffer400 desc; inside desc; minimum-period ratio desc; area_code asc
6,3120057,아차산역,6,1,library:poi:01029,운룡도서관,public_library,127.0893602,37.55419818,inside,0.0,listed_in_standard_data,1,1,1,PASS_VISUAL_INSIDE,VERIFIED,,2026-09-21,전국도서관표준데이터,https://www.data.go.kr/data/15013109/standard.do,https://www.openstreetmap.org/?mlat=37.55419818&mlon=127.0893602#map=19/37.55419818/127.0893602,score-eligible buffer400 desc; inside desc; minimum-period ratio desc; area_code asc
6,3120057,아차산역,6,1,library:poi:01030,이룸도서관,public_library,127.0875991,37.5579873,buffer400_only,190.9,listed_in_standard_data,1,1,1,PASS_VISUAL_BUFFER400,VERIFIED,,2026-09-21,전국도서관표준데이터,https://www.data.go.kr/data/15013109/standard.do,https://www.openstreetmap.org/?mlat=37.5579873&mlon=127.0875991#map=19/37.5579873/127.0875991,score-eligible buffer400 desc; inside desc; minimum-period ratio desc; area_code asc
6,3120057,아차산역,6,1,library:poi:01040,중곡4동새마을작은도서관,public_library,127.0894339,37.55909955,buffer400_only,303.6,listed_in_standard_data,1,1,1,PASS_VISUAL_BUFFER400,VERIFIED,,2026-09-21,전국도서관표준데이터,https://www.data.go.kr/data/15013109/standard.do,https://www.openstreetmap.org/?mlat=37.55909955&mlon=127.0894339#map=19/37.55909955/127.0894339,score-eligible buffer400 desc; inside desc; minimum-period ratio desc; area_code asc
6,3120057,아차산역,6,1,library:poi:01041,중곡교회작은도서관,public_library,127.090785,37.55696496,buffer400_only,175.2,listed_in_standard_data,1,1,1,PASS_VISUAL_BUFFER400,VERIFIED,,2026-09-21,전국도서관표준데이터,https://www.data.go.kr/data/15013109/standard.do,https://www.openstreetmap.org/?mlat=37.55696496&mlon=127.090785#map=19/37.55696496/127.090785,score-eligible buffer400 desc; inside desc; minimum-period ratio desc; area_code asc
7,3001493,동대문패션타운 관광특구,6,0,library:poi:01390,광희동 작은도서관,public_library,127.005037,37.56446028,buffer400_only,29.8,listed_in_standard_data,1,1,1,PASS_VISUAL_BUFFER400,VERIFIED,,2026-09-21,전국도서관표준데이터,https://www.data.go.kr/data/15013109/standard.do,https://www.openstreetmap.org/?mlat=37.56446028&mlon=127.005037#map=19/37.56446028/127.005037,score-eligible buffer400 desc; inside desc; minimum-period ratio desc; area_code asc
7,3001493,동대문패션타운 관광특구,6,0,library:poi:01396,신당5동 작은도서관,public_library,127.021636,37.563437,buffer400_only,392.5,listed_in_standard_data,1,1,1,PASS_VISUAL_BUFFER400,VERIFIED,,2026-09-21,전국도서관표준데이터,https://www.data.go.kr/data/15013109/standard.do,https://www.openstreetmap.org/?mlat=37.563437&mlon=127.021636#map=19/37.563437/127.021636,score-eligible buffer400 desc; inside desc; minimum-period ratio desc; area_code asc
7,3001493,동대문패션타운 관광특구,6,0,library:poi:01397,신당누리도서관,public_library,127.0145942,37.56230079,buffer400_only,314.6,listed_in_standard_data,1,1,1,PASS_VISUAL_BUFFER400,VERIFIED,,2026-09-21,전국도서관표준데이터,https://www.data.go.kr/data/15013109/standard.do,https://www.openstreetmap.org/?mlat=37.56230079&mlon=127.0145942#map=19/37.56230079/127.0145942,score-eligible buffer400 desc; inside desc; minimum-period ratio desc; area_code asc
7,3001493,동대문패션타운 관광특구,6,0,library:poi:01379,아름꿈도서관,public_library,127.0171157,37.5726975,buffer400_only,285.4,listed_in_standard_data,1,1,1,PASS_VISUAL_BUFFER400,VERIFIED,,2026-09-21,전국도서관표준데이터,https://www.data.go.kr/data/15013109/standard.do,https://www.openstreetmap.org/?mlat=37.5726975&mlon=127.0171157#map=19/37.5726975/127.0171157,score-eligible buffer400 desc; inside desc; minimum-period ratio desc; area_code asc
7,3001493,동대문패션타운 관광특구,6,0,library:poi:01383,지혜만들기 작은도서관,public_library,127.0050305,37.5720608,buffer400_only,306.2,listed_in_standard_data,1,1,1,PASS_VISUAL_BUFFER400,VERIFIED,,2026-09-21,전국도서관표준데이터,https://www.data.go.kr/data/15013109/standard.do,https://www.openstreetmap.org/?mlat=37.5720608&mlon=127.0050305#map=19/37.5720608/127.0050305,score-eligible buffer400 desc; inside desc; minimum-period ratio desc; area_code asc
7,3001493,동대문패션타운 관광특구,6,0,library:poi:01405,황학동 작은도서관,public_library,127.021382,37.567423,buffer400_only,304.7,listed_in_standard_data,1,1,1,PASS_VISUAL_BUFFER400,VERIFIED,,2026-09-21,전국도서관표준데이터,https://www.data.go.kr/data/15013109/standard.do,https://www.openstreetmap.org/?mlat=37.567423&mlon=127.021382#map=19/37.567423/127.021382,score-eligible buffer400 desc; inside desc; minimum-period ratio desc; area_code asc
8,3110104,신금호역 4번,6,0,library:poi:01196,금호1가동우리동네북카페책단지꿀단지,public_library,127.021637,37.554834,buffer400_only,197.2,listed_in_standard_data,1,1,1,PASS_VISUAL_BUFFER400,VERIFIED,,2026-09-21,전국도서관표준데이터,https://www.data.go.kr/data/15013109/standard.do,https://www.openstreetmap.org/?mlat=37.554834&mlon=127.021637#map=19/37.554834/127.021637,score-eligible buffer400 desc; inside desc; minimum-period ratio desc; area_code asc
8,3110104,신금호역 4번,6,0,library:poi:01197,"금호2,3가동어린이작은도서관",public_library,127.0208504,37.553233,buffer400_only,10.7,listed_in_standard_data,1,1,1,PASS_VISUAL_BUFFER400,VERIFIED,,2026-09-21,전국도서관표준데이터,https://www.data.go.kr/data/15013109/standard.do,https://www.openstreetmap.org/?mlat=37.553233&mlon=127.0208504#map=19/37.553233/127.0208504,score-eligible buffer400 desc; inside desc; minimum-period ratio desc; area_code asc
8,3110104,신금호역 4번,6,0,library:poi:01198,금호4가동어린이작은도서관,public_library,127.0224398,37.54715523,buffer400_only,323.2,listed_in_standard_data,1,1,1,PASS_VISUAL_BUFFER400,VERIFIED,,2026-09-21,전국도서관표준데이터,https://www.data.go.kr/data/15013109/standard.do,https://www.openstreetmap.org/?mlat=37.54715523&mlon=127.0224398#map=19/37.54715523/127.0224398,score-eligible buffer400 desc; inside desc; minimum-period ratio desc; area_code asc
8,3110104,신금호역 4번,6,0,library:poi:01201,성동구립금호도서관,public_library,127.0248932,37.55412846,buffer400_only,301.8,listed_in_standard_data,1,1,1,PASS_VISUAL_BUFFER400,VERIFIED,,2026-09-21,전국도서관표준데이터,https://www.data.go.kr/data/15013109/standard.do,https://www.openstreetmap.org/?mlat=37.55412846&mlon=127.0248932#map=19/37.55412846/127.0248932,score-eligible buffer400 desc; inside desc; minimum-period ratio desc; area_code asc
8,3110104,신금호역 4번,6,0,library:poi:01207,성동자활센터푸른하늘공부방청소년작은도서관,public_library,127.0227395,37.54670017,buffer400_only,379.6,listed_in_standard_data,1,1,1,PASS_VISUAL_BUFFER400,VERIFIED,,2026-09-21,전국도서관표준데이터,https://www.data.go.kr/data/15013109/standard.do,https://www.openstreetmap.org/?mlat=37.54670017&mlon=127.0227395#map=19/37.54670017/127.0227395,score-eligible buffer400 desc; inside desc; minimum-period ratio desc; area_code asc
8,3110104,신금호역 4번,6,0,library:poi:01403,청구동 작은도서관,public_library,127.015977,37.556314,buffer400_only,360.1,listed_in_standard_data,1,1,1,PASS_VISUAL_BUFFER400,VERIFIED,,2026-09-21,전국도서관표준데이터,https://www.data.go.kr/data/15013109/standard.do,https://www.openstreetmap.org/?mlat=37.556314&mlon=127.015977#map=19/37.556314/127.015977,score-eligible buffer400 desc; inside desc; minimum-period ratio desc; area_code asc
9,3110165,국립정신건강센터,6,0,library:poi:01024,샘터작은도서관,public_library,127.087354,37.5651522,buffer400_only,96.1,listed_in_standard_data,1,1,1,PASS_VISUAL_BUFFER400,VERIFIED,,2026-09-21,전국도서관표준데이터,https://www.data.go.kr/data/15013109/standard.do,https://www.openstreetmap.org/?mlat=37.5651522&mlon=127.087354#map=19/37.5651522/127.087354,score-eligible buffer400 desc; inside desc; minimum-period ratio desc; area_code asc
9,3110165,국립정신건강센터,6,0,library:poi:01030,이룸도서관,public_library,127.0875991,37.5579873,buffer400_only,202.6,listed_in_standard_data,1,1,1,PASS_VISUAL_BUFFER400,VERIFIED,,2026-09-21,전국도서관표준데이터,https://www.data.go.kr/data/15013109/standard.do,https://www.openstreetmap.org/?mlat=37.5579873&mlon=127.0875991#map=19/37.5579873/127.0875991,score-eligible buffer400 desc; inside desc; minimum-period ratio desc; area_code asc
9,3110165,국립정신건강센터,6,0,library:poi:01037,중곡1동새마을작은도서관,public_library,127.0800508,37.56066681,buffer400_only,355.2,listed_in_standard_data,1,1,1,PASS_VISUAL_BUFFER400,VERIFIED,,2026-09-21,전국도서관표준데이터,https://www.data.go.kr/data/15013109/standard.do,https://www.openstreetmap.org/?mlat=37.56066681&mlon=127.0800508#map=19/37.56066681/127.0800508,score-eligible buffer400 desc; inside desc; minimum-period ratio desc; area_code asc
9,3110165,국립정신건강센터,6,0,library:poi:01038,중곡2동새마을작은도서관,public_library,127.0814764,37.56015047,buffer400_only,259.5,listed_in_standard_data,1,1,1,PASS_VISUAL_BUFFER400,VERIFIED,,2026-09-21,전국도서관표준데이터,https://www.data.go.kr/data/15013109/standard.do,https://www.openstreetmap.org/?mlat=37.56015047&mlon=127.0814764#map=19/37.56015047/127.0814764,score-eligible buffer400 desc; inside desc; minimum-period ratio desc; area_code asc
9,3110165,국립정신건강센터,6,0,library:poi:01040,중곡4동새마을작은도서관,public_library,127.0894339,37.55909955,buffer400_only,222.9,listed_in_standard_data,1,1,1,PASS_VISUAL_BUFFER400,VERIFIED,,2026-09-21,전국도서관표준데이터,https://www.data.go.kr/data/15013109/standard.do,https://www.openstreetmap.org/?mlat=37.55909955&mlon=127.0894339#map=19/37.55909955/127.0894339,score-eligible buffer400 desc; inside desc; minimum-period ratio desc; area_code asc
9,3110165,국립정신건강센터,6,0,library:poi:01044,하람도서관,public_library,127.0883465,37.56212772,buffer400_only,102.4,listed_in_standard_data,1,1,1,PASS_VISUAL_BUFFER400,VERIFIED,,2026-09-21,전국도서관표준데이터,https://www.data.go.kr/data/15013109/standard.do,https://www.openstreetmap.org/?mlat=37.56212772&mlon=127.0883465#map=19/37.56212772/127.0883465,score-eligible buffer400 desc; inside desc; minimum-period ratio desc; area_code asc
10,3110174,아차산역 1번,6,0,library:poi:01021,사람아이앤지작은도서관,public_library,127.0940536,37.55392748,buffer400_only,10.7,listed_in_standard_data,1,1,1,PASS_VISUAL_BUFFER400,VERIFIED,,2026-09-21,전국도서관표준데이터,https://www.data.go.kr/data/15013109/standard.do,https://www.openstreetmap.org/?mlat=37.55392748&mlon=127.0940536#map=19/37.55392748/127.0940536,score-eligible buffer400 desc; inside desc; minimum-period ratio desc; area_code asc
10,3110174,아차산역 1번,6,0,library:poi:01027,아차산아래작은도서관놀자,public_library,127.0944525,37.55385545,buffer400_only,44.6,listed_in_standard_data,1,1,1,PASS_VISUAL_BUFFER400,VERIFIED,,2026-09-21,전국도서관표준데이터,https://www.data.go.kr/data/15013109/standard.do,https://www.openstreetmap.org/?mlat=37.55385545&mlon=127.0944525#map=19/37.55385545/127.0944525,score-eligible buffer400 desc; inside desc; minimum-period ratio desc; area_code asc
10,3110174,아차산역 1번,6,0,library:poi:01029,운룡도서관,public_library,127.0893602,37.55419818,buffer400_only,93.7,listed_in_standard_data,1,1,1,PASS_VISUAL_BUFFER400,VERIFIED,,2026-09-21,전국도서관표준데이터,https://www.data.go.kr/data/15013109/standard.do,https://www.openstreetmap.org/?mlat=37.55419818&mlon=127.0893602#map=19/37.55419818/127.0893602,score-eligible buffer400 desc; inside desc; minimum-period ratio desc; area_code asc
10,3110174,아차산역 1번,6,0,library:poi:01030,이룸도서관,public_library,127.0875991,37.5579873,buffer400_only,86.8,listed_in_standard_data,1,1,1,PASS_VISUAL_BUFFER400,VERIFIED,,2026-09-21,전국도서관표준데이터,https://www.data.go.kr/data/15013109/standard.do,https://www.openstreetmap.org/?mlat=37.5579873&mlon=127.0875991#map=19/37.5579873/127.0875991,score-eligible buffer400 desc; inside desc; minimum-period ratio desc; area_code asc
10,3110174,아차산역 1번,6,0,library:poi:01040,중곡4동새마을작은도서관,public_library,127.0894339,37.55909955,buffer400_only,148.1,listed_in_standard_data,1,1,1,PASS_VISUAL_BUFFER400,VERIFIED,,2026-09-21,전국도서관표준데이터,https://www.data.go.kr/data/15013109/standard.do,https://www.openstreetmap.org/?mlat=37.55909955&mlon=127.0894339#map=19/37.55909955/127.0894339,score-eligible buffer400 desc; inside desc; minimum-period ratio desc; area_code asc
10,3110174,아차산역 1번,6,0,library:poi:01041,중곡교회작은도서관,public_library,127.090785,37.55696496,buffer400_only,23.9,listed_in_standard_data,1,1,1,PASS_VISUAL_BUFFER400,VERIFIED,,2026-09-21,전국도서관표준데이터,https://www.data.go.kr/data/15013109/standard.do,https://www.openstreetmap.org/?mlat=37.55696496&mlon=127.090785#map=19/37.55696496/127.090785,score-eligible buffer400 desc; inside desc; minimum-period ratio desc; area_code asc
11,3110299,정릉역 1번,6,0,library:poi:01212,글빛도서관,public_library,127.022465,37.603751,buffer400_only,188.0,listed_in_standard_data,1,1,1,PASS_VISUAL_BUFFER400,VERIFIED,,2026-09-21,전국도서관표준데이터,https://www.data.go.kr/data/15013109/standard.do,https://www.openstreetmap.org/?mlat=37.603751&mlon=127.022465#map=19/37.603751/127.022465,score-eligible buffer400 desc; inside desc; minimum-period ratio desc; area_code asc
11,3110299,정릉역 1번,6,0,library:poi:01220,아리랑도서관,public_library,127.013929,37.600059,buffer400_only,147.6,listed_in_standard_data,1,1,1,PASS_VISUAL_BUFFER400,VERIFIED,,2026-09-21,전국도서관표준데이터,https://www.data.go.kr/data/15013109/standard.do,https://www.openstreetmap.org/?mlat=37.600059&mlon=127.013929#map=19/37.600059/127.013929,score-eligible buffer400 desc; inside desc; minimum-period ratio desc; area_code asc
11,3110299,정릉역 1번,6,0,library:poi:01221,아리랑어린이도서관,public_library,127.013625,37.59883,buffer400_only,286.5,listed_in_standard_data,1,1,1,PASS_VISUAL_BUFFER400,VERIFIED,,2026-09-21,전국도서관표준데이터,https://www.data.go.kr/data/15013109/standard.do,https://www.openstreetmap.org/?mlat=37.59883&mlon=127.013625#map=19/37.59883/127.013625,score-eligible buffer400 desc; inside desc; minimum-period ratio desc; area_code asc
11,3110299,정릉역 1번,6,0,library:poi:01225,정릉도서관,public_library,127.010582,37.604741,buffer400_only,285.8,listed_in_standard_data,1,1,1,PASS_VISUAL_BUFFER400,VERIFIED,,2026-09-21,전국도서관표준데이터,https://www.data.go.kr/data/15013109/standard.do,https://www.openstreetmap.org/?mlat=37.604741&mlon=127.010582#map=19/37.604741/127.010582,score-eligible buffer400 desc; inside desc; minimum-period ratio desc; area_code asc
11,3110299,정릉역 1번,6,0,osm:node:7557515496,Make it독서실,reading_room,127.0152237,37.6039749,buffer400_only,46.5,mapped_current_state,0,1,1,PASS_VISUAL_BUFFER400,FOLLOWUP_REQUIRED,address_missing;public_access_unverified,2026-09-21,OpenStreetMap named study POI,https://www.openstreetmap.org/node/7557515496,https://www.openstreetmap.org/?mlat=37.6039749&mlon=127.0152237#map=19/37.6039749/127.0152237,score-eligible buffer400 desc; inside desc; minimum-period ratio desc; area_code asc
11,3110299,정릉역 1번,6,0,osm:node:7557515543,에이블독서실,reading_room,127.0152092,37.6059796,buffer400_only,268.4,mapped_current_state,0,1,1,PASS_VISUAL_BUFFER400,FOLLOWUP_REQUIRED,address_missing;public_access_unverified,2026-09-21,OpenStreetMap named study POI,https://www.openstreetmap.org/node/7557515543,https://www.openstreetmap.org/?mlat=37.6059796&mlon=127.0152092#map=19/37.6059796/127.0152092,score-eligible buffer400 desc; inside desc; minimum-period ratio desc; area_code asc
12,3110154,광진정말공원,6,0,library:poi:01023,새빛작은도서관,public_library,127.0794272,37.53727353,buffer400_only,298.1,listed_in_standard_data,1,1,1,PASS_VISUAL_BUFFER400,VERIFIED,,2026-09-21,전국도서관표준데이터,https://www.data.go.kr/data/15013109/standard.do,https://www.openstreetmap.org/?mlat=37.53727353&mlon=127.0794272#map=19/37.53727353/127.0794272,score-eligible buffer400 desc; inside desc; minimum-period ratio desc; area_code asc
12,3110154,광진정말공원,6,0,library:poi:01031,자양1동새마을작은도서관,public_library,127.0823943,37.5344966,buffer400_only,176.6,listed_in_standard_data,1,1,1,PASS_VISUAL_BUFFER400,VERIFIED,,2026-09-21,전국도서관표준데이터,https://www.data.go.kr/data/15013109/standard.do,https://www.openstreetmap.org/?mlat=37.5344966&mlon=127.0823943#map=19/37.5344966/127.0823943,score-eligible buffer400 desc; inside desc; minimum-period ratio desc; area_code asc
12,3110154,광진정말공원,6,0,library:poi:01032,자양2동새마을작은도서관,public_library,127.0843882,37.52879933,buffer400_only,339.8,listed_in_standard_data,1,1,1,PASS_VISUAL_BUFFER400,VERIFIED,,2026-09-21,전국도서관표준데이터,https://www.data.go.kr/data/15013109/standard.do,https://www.openstreetmap.org/?mlat=37.52879933&mlon=127.0843882#map=19/37.52879933/127.0843882,score-eligible buffer400 desc; inside desc; minimum-period ratio desc; area_code asc
12,3110154,광진정말공원,6,0,library:poi:01033,자양3동새마을작은도서관,public_library,127.0729033,37.53383249,buffer400_only,253.3,listed_in_standard_data,1,1,1,PASS_VISUAL_BUFFER400,VERIFIED,,2026-09-21,전국도서관표준데이터,https://www.data.go.kr/data/15013109/standard.do,https://www.openstreetmap.org/?mlat=37.53383249&mlon=127.0729033#map=19/37.53383249/127.0729033,score-eligible buffer400 desc; inside desc; minimum-period ratio desc; area_code asc
12,3110154,광진정말공원,6,0,library:poi:01036,자양한강도서관,public_library,127.077668,37.52921552,buffer400_only,352.3,listed_in_standard_data,1,1,1,PASS_VISUAL_BUFFER400,VERIFIED,,2026-09-21,전국도서관표준데이터,https://www.data.go.kr/data/15013109/standard.do,https://www.openstreetmap.org/?mlat=37.52921552&mlon=127.077668#map=19/37.52921552/127.077668,score-eligible buffer400 desc; inside desc; minimum-period ratio desc; area_code asc
12,3110154,광진정말공원,6,0,library:poi:01043,평강마을도서관,public_library,127.0760916,37.53157438,buffer400_only,156.7,listed_in_standard_data,1,1,1,PASS_VISUAL_BUFFER400,VERIFIED,,2026-09-21,전국도서관표준데이터,https://www.data.go.kr/data/15013109/standard.do,https://www.openstreetmap.org/?mlat=37.53157438&mlon=127.0760916#map=19/37.53157438/127.0760916,score-eligible buffer400 desc; inside desc; minimum-period ratio desc; area_code asc
13,3110168,대원고등학교,5,2,library:poi:01024,샘터작은도서관,public_library,127.087354,37.5651522,inside,0.0,listed_in_standard_data,1,1,1,PASS_VISUAL_INSIDE,VERIFIED,,2026-09-21,전국도서관표준데이터,https://www.data.go.kr/data/15013109/standard.do,https://www.openstreetmap.org/?mlat=37.5651522&mlon=127.087354#map=19/37.5651522/127.087354,score-eligible buffer400 desc; inside desc; minimum-period ratio desc; area_code asc
13,3110168,대원고등학교,5,2,library:poi:01030,이룸도서관,public_library,127.0875991,37.5579873,buffer400_only,349.7,listed_in_standard_data,1,1,1,PASS_VISUAL_BUFFER400,VERIFIED,,2026-09-21,전국도서관표준데이터,https://www.data.go.kr/data/15013109/standard.do,https://www.openstreetmap.org/?mlat=37.5579873&mlon=127.0875991#map=19/37.5579873/127.0875991,score-eligible buffer400 desc; inside desc; minimum-period ratio desc; area_code asc
13,3110168,대원고등학교,5,2,library:poi:01040,중곡4동새마을작은도서관,public_library,127.0894339,37.55909955,buffer400_only,225.6,listed_in_standard_data,1,1,1,PASS_VISUAL_BUFFER400,VERIFIED,,2026-09-21,전국도서관표준데이터,https://www.data.go.kr/data/15013109/standard.do,https://www.openstreetmap.org/?mlat=37.55909955&mlon=127.0894339#map=19/37.55909955/127.0894339,score-eligible buffer400 desc; inside desc; minimum-period ratio desc; area_code asc
13,3110168,대원고등학교,5,2,library:poi:01042,중곡문화체육센터도서관,public_library,127.0848034,37.56777776,buffer400_only,333.4,listed_in_standard_data,1,1,1,PASS_VISUAL_BUFFER400,VERIFIED,,2026-09-21,전국도서관표준데이터,https://www.data.go.kr/data/15013109/standard.do,https://www.openstreetmap.org/?mlat=37.56777776&mlon=127.0848034#map=19/37.56777776/127.0848034,score-eligible buffer400 desc; inside desc; minimum-period ratio desc; area_code asc
13,3110168,대원고등학교,5,2,library:poi:01044,하람도서관,public_library,127.0883465,37.56212772,inside,0.0,listed_in_standard_data,1,1,1,PASS_VISUAL_INSIDE,VERIFIED,,2026-09-21,전국도서관표준데이터,https://www.data.go.kr/data/15013109/standard.do,https://www.openstreetmap.org/?mlat=37.56212772&mlon=127.0883465#map=19/37.56212772/127.0883465,score-eligible buffer400 desc; inside desc; minimum-period ratio desc; area_code asc
14,3120081,노원역,5,2,library:poi:01087,가온작은도서관,public_library,127.0602619,37.66128661,buffer400_only,290.5,listed_in_standard_data,1,1,1,PASS_VISUAL_BUFFER400,VERIFIED,,2026-09-21,전국도서관표준데이터,https://www.data.go.kr/data/15013109/standard.do,https://www.openstreetmap.org/?mlat=37.66128661&mlon=127.0602619#map=19/37.66128661/127.0602619,score-eligible buffer400 desc; inside desc; minimum-period ratio desc; area_code asc
14,3120081,노원역,5,2,library:poi:01091,나무작은도서관,public_library,127.0601779,37.65383103,inside,0.0,listed_in_standard_data,1,1,1,PASS_VISUAL_INSIDE,VERIFIED,,2026-09-21,전국도서관표준데이터,https://www.data.go.kr/data/15013109/standard.do,https://www.openstreetmap.org/?mlat=37.65383103&mlon=127.0601779#map=19/37.65383103/127.0601779,score-eligible buffer400 desc; inside desc; minimum-period ratio desc; area_code asc
14,3120081,노원역,5,2,library:poi:01094,노원중앙도서관,public_library,127.0650081,37.66109975,buffer400_only,290.8,listed_in_standard_data,1,1,1,PASS_VISUAL_BUFFER400,VERIFIED,,2026-09-21,전국도서관표준데이터,https://www.data.go.kr/data/15013109/standard.do,https://www.openstreetmap.org/?mlat=37.66109975&mlon=127.0650081#map=19/37.66109975/127.0650081,score-eligible buffer400 desc; inside desc; minimum-period ratio desc; area_code asc
14,3120081,노원역,5,2,library:poi:01097,메아리작은도서관,public_library,127.057987,37.65299,inside,0.0,listed_in_standard_data,1,1,1,PASS_VISUAL_INSIDE,VERIFIED,,2026-09-21,전국도서관표준데이터,https://www.data.go.kr/data/15013109/standard.do,https://www.openstreetmap.org/?mlat=37.65299&mlon=127.057987#map=19/37.65299/127.057987,score-eligible buffer400 desc; inside desc; minimum-period ratio desc; area_code asc
14,3120081,노원역,5,2,library:poi:01110,파랑새작은도서관,public_library,127.0678654,37.65748394,buffer400_only,25.7,listed_in_standard_data,1,1,1,PASS_VISUAL_BUFFER400,VERIFIED,,2026-09-21,전국도서관표준데이터,https://www.data.go.kr/data/15013109/standard.do,https://www.openstreetmap.org/?mlat=37.65748394&mlon=127.0678654#map=19/37.65748394/127.0678654,score-eligible buffer400 desc; inside desc; minimum-period ratio desc; area_code asc
15,3110052,장충초등학교,5,1,library:poi:01389,가온도서관,public_library,127.010838,37.556385,buffer400_only,195.5,listed_in_standard_data,1,1,1,PASS_VISUAL_BUFFER400,VERIFIED,,2026-09-21,전국도서관표준데이터,https://www.data.go.kr/data/15013109/standard.do,https://www.openstreetmap.org/?mlat=37.556385&mlon=127.010838#map=19/37.556385/127.010838,score-eligible buffer400 desc; inside desc; minimum-period ratio desc; area_code asc
15,3110052,장충초등학교,5,1,library:poi:01392,다산동 작은도서관,public_library,127.012036,37.55923048,inside,0.0,listed_in_standard_data,1,1,1,PASS_VISUAL_INSIDE,VERIFIED,,2026-09-21,전국도서관표준데이터,https://www.data.go.kr/data/15013109/standard.do,https://www.openstreetmap.org/?mlat=37.55923048&mlon=127.012036#map=19/37.55923048/127.012036,score-eligible buffer400 desc; inside desc; minimum-period ratio desc; area_code asc
15,3110052,장충초등학교,5,1,library:poi:01397,신당누리도서관,public_library,127.0145942,37.56230079,buffer400_only,237.5,listed_in_standard_data,1,1,1,PASS_VISUAL_BUFFER400,VERIFIED,,2026-09-21,전국도서관표준데이터,https://www.data.go.kr/data/15013109/standard.do,https://www.openstreetmap.org/?mlat=37.56230079&mlon=127.0145942#map=19/37.56230079/127.0145942,score-eligible buffer400 desc; inside desc; minimum-period ratio desc; area_code asc
15,3110052,장충초등학교,5,1,library:poi:01398,신당동 작은도서관,public_library,127.013533,37.561092,buffer400_only,76.5,listed_in_standard_data,1,1,1,PASS_VISUAL_BUFFER400,VERIFIED,,2026-09-21,전국도서관표준데이터,https://www.data.go.kr/data/15013109/standard.do,https://www.openstreetmap.org/?mlat=37.561092&mlon=127.013533#map=19/37.561092/127.013533,score-eligible buffer400 desc; inside desc; minimum-period ratio desc; area_code asc
15,3110052,장충초등학교,5,1,library:poi:01403,청구동 작은도서관,public_library,127.015977,37.556314,buffer400_only,361.6,listed_in_standard_data,1,1,1,PASS_VISUAL_BUFFER400,VERIFIED,,2026-09-21,전국도서관표준데이터,https://www.data.go.kr/data/15013109/standard.do,https://www.openstreetmap.org/?mlat=37.556314&mlon=127.015977#map=19/37.556314/127.015977,score-eligible buffer400 desc; inside desc; minimum-period ratio desc; area_code asc
16,3120038,약수역,5,1,library:poi:01389,가온도서관,public_library,127.010838,37.556385,inside,0.0,listed_in_standard_data,1,1,1,PASS_VISUAL_INSIDE,VERIFIED,,2026-09-21,전국도서관표준데이터,https://www.data.go.kr/data/15013109/standard.do,https://www.openstreetmap.org/?mlat=37.556385&mlon=127.010838#map=19/37.556385/127.010838,score-eligible buffer400 desc; inside desc; minimum-period ratio desc; area_code asc
16,3120038,약수역,5,1,library:poi:01392,다산동 작은도서관,public_library,127.012036,37.55923048,buffer400_only,297.6,listed_in_standard_data,1,1,1,PASS_VISUAL_BUFFER400,VERIFIED,,2026-09-21,전국도서관표준데이터,https://www.data.go.kr/data/15013109/standard.do,https://www.openstreetmap.org/?mlat=37.55923048&mlon=127.012036#map=19/37.55923048/127.012036,score-eligible buffer400 desc; inside desc; minimum-period ratio desc; area_code asc
16,3120038,약수역,5,1,library:poi:01393,다산성곽도서관,public_library,127.0043894,37.551604,buffer400_only,253.3,listed_in_standard_data,1,1,1,PASS_VISUAL_BUFFER400,VERIFIED,,2026-09-21,전국도서관표준데이터,https://www.data.go.kr/data/15013109/standard.do,https://www.openstreetmap.org/?mlat=37.551604&mlon=127.0043894#map=19/37.551604/127.0043894,score-eligible buffer400 desc; inside desc; minimum-period ratio desc; area_code asc
16,3120038,약수역,5,1,library:poi:01399,약수동 작은도서관,public_library,127.012567,37.551855,buffer400_only,182.8,listed_in_standard_data,1,1,1,PASS_VISUAL_BUFFER400,VERIFIED,,2026-09-21,전국도서관표준데이터,https://www.data.go.kr/data/15013109/standard.do,https://www.openstreetmap.org/?mlat=37.551855&mlon=127.012567#map=19/37.551855/127.012567,score-eligible buffer400 desc; inside desc; minimum-period ratio desc; area_code asc
16,3120038,약수역,5,1,library:poi:01403,청구동 작은도서관,public_library,127.015977,37.556314,buffer400_only,277.4,listed_in_standard_data,1,1,1,PASS_VISUAL_BUFFER400,VERIFIED,,2026-09-21,전국도서관표준데이터,https://www.data.go.kr/data/15013109/standard.do,https://www.openstreetmap.org/?mlat=37.556314&mlon=127.015977#map=19/37.556314/127.015977,score-eligible buffer400 desc; inside desc; minimum-period ratio desc; area_code asc
17,3120084,공릉역,5,1,library:poi:01089,공릉행복도서관,public_library,127.07277575,37.62204782,buffer400_only,122.3,listed_in_standard_data,1,1,1,PASS_VISUAL_BUFFER400,VERIFIED,,2026-09-21,전국도서관표준데이터,https://www.data.go.kr/data/15013109/standard.do,https://www.openstreetmap.org/?mlat=37.62204782&mlon=127.07277575#map=19/37.62204782/127.07277575,score-eligible buffer400 desc; inside desc; minimum-period ratio desc; area_code asc
17,3120084,공릉역,5,1,library:poi:01092,노원문화원,public_library,127.0698014,37.62879908,buffer400_only,208.1,listed_in_standard_data,1,1,1,PASS_VISUAL_BUFFER400,VERIFIED,,2026-09-21,전국도서관표준데이터,https://www.data.go.kr/data/15013109/standard.do,https://www.openstreetmap.org/?mlat=37.62879908&mlon=127.0698014#map=19/37.62879908/127.0698014,score-eligible buffer400 desc; inside desc; minimum-period ratio desc; area_code asc
17,3120084,공릉역,5,1,library:poi:01096,도란도란작은도서관,public_library,127.0737488,37.62477828,inside,0.0,listed_in_standard_data,1,1,1,PASS_VISUAL_INSIDE,VERIFIED,,2026-09-21,전국도서관표준데이터,https://www.data.go.kr/data/15013109/standard.do,https://www.openstreetmap.org/?mlat=37.62477828&mlon=127.0737488#map=19/37.62477828/127.0737488,score-eligible buffer400 desc; inside desc; minimum-period ratio desc; area_code asc
17,3120084,공릉역,5,1,library:poi:01104,월계어린이도서관 / 한내지혜의숲도서관 / 향기나무도서관,public_library,127.0687815,37.62358838,buffer400_only,346.9,listed_in_standard_data,1,1,1,PASS_VISUAL_BUFFER400,VERIFIED,,2026-09-21,전국도서관표준데이터,https://www.data.go.kr/data/15013109/standard.do,https://www.openstreetmap.org/?mlat=37.62358838&mlon=127.0687815#map=19/37.62358838/127.0687815,score-eligible buffer400 desc; inside desc; minimum-period ratio desc; area_code asc
17,3120084,공릉역,5,1,youth:302,문화살롱 5120,youth_space,127.0759717,37.6287558,buffer400_only,192.8,active_page_with_hours,1,1,1,PASS_VISUAL_BUFFER400,VERIFIED,,2026-09-21,청년몽땅정보통 청년공간,https://youth.seoul.go.kr/infoData/spacInfo/view.do?key=2309200006&infoDataStngId=302,https://www.openstreetmap.org/?mlat=37.6287558&mlon=127.0759717#map=19/37.6287558/127.0759717,score-eligible buffer400 desc; inside desc; minimum-period ratio desc; area_code asc
18,3120055,군자역,5,1,library:poi:01018,군자동도서관,public_library,127.0754659,37.55553622,buffer400_only,109.7,listed_in_standard_data,1,1,1,PASS_VISUAL_BUFFER400,VERIFIED,,2026-09-21,전국도서관표준데이터,https://www.data.go.kr/data/15013109/standard.do,https://www.openstreetmap.org/?mlat=37.55553622&mlon=127.0754659#map=19/37.55553622/127.0754659,score-eligible buffer400 desc; inside desc; minimum-period ratio desc; area_code asc
18,3120055,군자역,5,1,library:poi:01019,능동새마을작은도서관,public_library,127.0805504,37.55376123,buffer400_only,153.9,listed_in_standard_data,1,1,1,PASS_VISUAL_BUFFER400,VERIFIED,,2026-09-21,전국도서관표준데이터,https://www.data.go.kr/data/15013109/standard.do,https://www.openstreetmap.org/?mlat=37.55376123&mlon=127.0805504#map=19/37.55376123/127.0805504,score-eligible buffer400 desc; inside desc; minimum-period ratio desc; area_code asc
18,3120055,군자역,5,1,library:poi:01030,이룸도서관,public_library,127.0875991,37.5579873,buffer400_only,334.7,listed_in_standard_data,1,1,1,PASS_VISUAL_BUFFER400,VERIFIED,,2026-09-21,전국도서관표준데이터,https://www.data.go.kr/data/15013109/standard.do,https://www.openstreetmap.org/?mlat=37.5579873&mlon=127.0875991#map=19/37.5579873/127.0875991,score-eligible buffer400 desc; inside desc; minimum-period ratio desc; area_code asc
18,3120055,군자역,5,1,library:poi:01037,중곡1동새마을작은도서관,public_library,127.0800508,37.56066681,buffer400_only,78.6,listed_in_standard_data,1,1,1,PASS_VISUAL_BUFFER400,VERIFIED,,2026-09-21,전국도서관표준데이터,https://www.data.go.kr/data/15013109/standard.do,https://www.openstreetmap.org/?mlat=37.56066681&mlon=127.0800508#map=19/37.56066681/127.0800508,score-eligible buffer400 desc; inside desc; minimum-period ratio desc; area_code asc
18,3120055,군자역,5,1,library:poi:01038,중곡2동새마을작은도서관,public_library,127.0814764,37.56015047,inside,0.0,listed_in_standard_data,1,1,1,PASS_VISUAL_INSIDE,VERIFIED,,2026-09-21,전국도서관표준데이터,https://www.data.go.kr/data/15013109/standard.do,https://www.openstreetmap.org/?mlat=37.56015047&mlon=127.0814764#map=19/37.56015047/127.0814764,score-eligible buffer400 desc; inside desc; minimum-period ratio desc; area_code asc
19,3120039,신당역,5,0,library:poi:01396,신당5동 작은도서관,public_library,127.021636,37.563437,buffer400_only,254.2,listed_in_standard_data,1,1,1,PASS_VISUAL_BUFFER400,VERIFIED,,2026-09-21,전국도서관표준데이터,https://www.data.go.kr/data/15013109/standard.do,https://www.openstreetmap.org/?mlat=37.563437&mlon=127.021636#map=19/37.563437/127.021636,score-eligible buffer400 desc; inside desc; minimum-period ratio desc; area_code asc
19,3120039,신당역,5,0,library:poi:01397,신당누리도서관,public_library,127.0145942,37.56230079,buffer400_only,30.6,listed_in_standard_data,1,1,1,PASS_VISUAL_BUFFER400,VERIFIED,,2026-09-21,전국도서관표준데이터,https://www.data.go.kr/data/15013109/standard.do,https://www.openstreetmap.org/?mlat=37.56230079&mlon=127.0145942#map=19/37.56230079/127.0145942,score-eligible buffer400 desc; inside desc; minimum-period ratio desc; area_code asc
19,3120039,신당역,5,0,library:poi:01398,신당동 작은도서관,public_library,127.013533,37.561092,buffer400_only,162.2,listed_in_standard_data,1,1,1,PASS_VISUAL_BUFFER400,VERIFIED,,2026-09-21,전국도서관표준데이터,https://www.data.go.kr/data/15013109/standard.do,https://www.openstreetmap.org/?mlat=37.561092&mlon=127.013533#map=19/37.561092/127.013533,score-eligible buffer400 desc; inside desc; minimum-period ratio desc; area_code asc
19,3120039,신당역,5,0,library:poi:01400,어울림도서관,public_library,127.0189303,37.561723,buffer400_only,209.6,listed_in_standard_data,1,1,1,PASS_VISUAL_BUFFER400,VERIFIED,,2026-09-21,전국도서관표준데이터,https://www.data.go.kr/data/15013109/standard.do,https://www.openstreetmap.org/?mlat=37.561723&mlon=127.0189303#map=19/37.561723/127.0189303,score-eligible buffer400 desc; inside desc; minimum-period ratio desc; area_code asc
19,3120039,신당역,5,0,library:poi:01405,황학동 작은도서관,public_library,127.021382,37.567423,buffer400_only,304.7,listed_in_standard_data,1,1,1,PASS_VISUAL_BUFFER400,VERIFIED,,2026-09-21,전국도서관표준데이터,https://www.data.go.kr/data/15013109/standard.do,https://www.openstreetmap.org/?mlat=37.567423&mlon=127.021382#map=19/37.567423/127.021382,score-eligible buffer400 desc; inside desc; minimum-period ratio desc; area_code asc
20,3130051,동화동 골목형상점가,5,0,library:poi:01394,동화동 작은도서관,public_library,127.019422,37.559982,buffer400_only,100.2,listed_in_standard_data,1,1,1,PASS_VISUAL_BUFFER400,VERIFIED,,2026-09-21,전국도서관표준데이터,https://www.data.go.kr/data/15013109/standard.do,https://www.openstreetmap.org/?mlat=37.559982&mlon=127.019422#map=19/37.559982/127.019422,score-eligible buffer400 desc; inside desc; minimum-period ratio desc; area_code asc
20,3130051,동화동 골목형상점가,5,0,library:poi:01396,신당5동 작은도서관,public_library,127.021636,37.563437,buffer400_only,234.7,listed_in_standard_data,1,1,1,PASS_VISUAL_BUFFER400,VERIFIED,,2026-09-21,전국도서관표준데이터,https://www.data.go.kr/data/15013109/standard.do,https://www.openstreetmap.org/?mlat=37.563437&mlon=127.021636#map=19/37.563437/127.021636,score-eligible buffer400 desc; inside desc; minimum-period ratio desc; area_code asc
20,3130051,동화동 골목형상점가,5,0,library:poi:01397,신당누리도서관,public_library,127.0145942,37.56230079,buffer400_only,88.1,listed_in_standard_data,1,1,1,PASS_VISUAL_BUFFER400,VERIFIED,,2026-09-21,전국도서관표준데이터,https://www.data.go.kr/data/15013109/standard.do,https://www.openstreetmap.org/?mlat=37.56230079&mlon=127.0145942#map=19/37.56230079/127.0145942,score-eligible buffer400 desc; inside desc; minimum-period ratio desc; area_code asc
20,3130051,동화동 골목형상점가,5,0,library:poi:01398,신당동 작은도서관,public_library,127.013533,37.561092,buffer400_only,191.0,listed_in_standard_data,1,1,1,PASS_VISUAL_BUFFER400,VERIFIED,,2026-09-21,전국도서관표준데이터,https://www.data.go.kr/data/15013109/standard.do,https://www.openstreetmap.org/?mlat=37.561092&mlon=127.013533#map=19/37.561092/127.013533,score-eligible buffer400 desc; inside desc; minimum-period ratio desc; area_code asc
20,3130051,동화동 골목형상점가,5,0,library:poi:01400,어울림도서관,public_library,127.0189303,37.561723,buffer400_only,11.1,listed_in_standard_data,1,1,1,PASS_VISUAL_BUFFER400,VERIFIED,,2026-09-21,전국도서관표준데이터,https://www.data.go.kr/data/15013109/standard.do,https://www.openstreetmap.org/?mlat=37.561723&mlon=127.0189303#map=19/37.561723/127.0189303,score-eligible buffer400 desc; inside desc; minimum-period ratio desc; area_code asc
