scale_tier,purpose,rank_in_tier,area_code,area_name,score,tier_pool,discovery_tags
도시핵심,식사,1,3120006,종각역,93.06,74,도시핵심
도시핵심,식사,2,3120229,방이동먹자골목,91.65,74,도시핵심|저녁형
도시핵심,식사,3,3120003,광화문역,91.6,74,도시핵심
도시핵심,식사,4,3120023,서울시청,90.05,74,도시핵심
도시핵심,식사,5,3120026,을지로입구역,89.64,74,도시핵심
도시핵심,쇼핑,1,3120027,명동역(명동재미로),93.78,71,도시핵심
도시핵심,쇼핑,2,3120028,명동(명동거리),93.57,71,도시핵심
도시핵심,쇼핑,3,3120014,종로5가역,92.91,71,도시핵심
도시핵심,쇼핑,4,3120040,용산전자상가(용산역),92.59,71,도시핵심|목적형 결제|전문시장형
도시핵심,쇼핑,5,3120009,종로3가역,92.4,71,도시핵심
지역핵심,식사,1,3120004,종로구청,89.07,110,지역핵심
지역핵심,식사,2,3120045,남영동 먹자골목,87.63,110,지역핵심|저녁형
지역핵심,식사,3,3120084,공릉역,86.59,110,지역핵심
지역핵심,식사,4,3130318,로데오거리상점가,82.62,110,지역핵심
지역핵심,식사,5,3120022,북창동(시청역_6번),81.75,110,지역핵심
지역핵심,쇼핑,1,3130035,방산종합시장(방산시장),92.72,102,지역핵심
지역핵심,쇼핑,2,3120195,성수대교남단,92.7,102,지역핵심
지역핵심,쇼핑,3,3120025,롯데백화점(시청광장 지하쇼핑센터),89.28,102,지역핵심
지역핵심,쇼핑,4,3120024,회현역,88.6,102,지역핵심
지역핵심,쇼핑,5,3130025,삼익패션타운(남대문시장),87.2,102,지역핵심|전문시장형
생활권,식사,1,3130002,세종마을음식문화거리(금천교시장),92.85,443,
생활권,식사,2,3130049,신당 미래유산 먹거리 골목형상점가,84.85,443,주말형
생활권,식사,3,3120020,시청역_1번,82.61,443,
생활권,식사,4,3130197,마포시장,81.96,443,
생활권,식사,5,3130069,"한양대앞상점가(한양시장, 왕십리맛골목)",81.89,443,목적형 결제|10·20대형
생활권,쇼핑,1,3130010,종로신진시장,95.57,276,
생활권,쇼핑,2,3130033,대림상가(청계상가),90.76,276,
생활권,쇼핑,3,3120033,을지로4가역,88.27,276,
생활권,쇼핑,4,3110019,창덕궁,86.25,276,
생활권,쇼핑,5,3130061,이태원시장,85.31,276,전문시장형
