area_code,area_name,쇼핑,식사,combined_score,combined_rank
3130096,동부시장,95.29262086513995,99.23664122137404,97.264631043257,1.0
3130197,마포시장,95.0381679389313,98.34605597964376,96.69211195928753,2.0
3130082,면곡골목시장,96.31043256997455,96.56488549618321,96.43765903307889,3.0
3130078,화양제일골목시장,94.91094147582697,96.81933842239185,95.86513994910942,4.0
3130101,답십리현대시장,98.47328244274809,92.49363867684478,95.48346055979644,5.0
3130099,전농로터리시장,98.85496183206108,90.07633587786259,94.46564885496184,6.0
3130075,노룬산시장(노룬산골목시장),94.65648854961832,94.14758269720102,94.40203562340966,7.0
3130151,신도봉시장,93.38422391857506,94.65648854961832,94.02035623409668,8.0
3130010,종로신진시장,91.85750636132316,93.63867684478372,92.74809160305344,9.0
3130042,약수시장,94.27480916030534,91.22137404580153,92.74809160305344,9.0
