area_code,area_name,leisure_size_adjusted_score,current_exploration_score_raw,recommendation_eligible,recommendation_exclusion_reason
3110239,중랑역 2번,100.0,73.93819338422392,True,
3110269,용마문화복지센터,99.87277353689568,75.67484414758269,True,
3110192,동의보감타워,99.74554707379136,78.91770356234096,True,
3110401,도봉구민회관,99.61832061068702,68.66257315521628,True,
3110144,어린이대공원역 4번,99.49109414758269,73.33486641221374,True,
3110021,성균관대학교,99.36386768447836,78.57313295165392,True,
3110242,면목5동주민센터,99.23664122137404,77.22175254452925,True,
3110141,건대입구역 1번,99.10941475826972,77.36557251908397,True,
3110240,태릉시장 특화거리,98.9821882951654,76.47109732824427,True,
3120232,송파나루역,98.85496183206108,81.73958015267175,True,
3110142,화양사거리,98.72773536895674,83.35640267175572,True,
3120086,태릉입구역,98.6005089058524,84.66213740458015,True,
3110237,메가박스 상봉,98.47328244274809,84.37543256997454,True,
3110520,경의중앙 신촌역,98.34605597964376,70.64018765903307,True,
3130002,세종마을음식문화거리(금천교시장),98.21882951653944,80.44721374045801,True,
3130069,"한양대앞상점가(한양시장, 왕십리맛골목)",98.09160305343512,76.86319020356233,True,
3110403,방학1동주민센터,97.9643765903308,84.93812659033077,True,
3130311,새마을시장,97.83715012722644,85.55351781170482,True,
3120078,미아사거리역,97.70992366412212,87.5965744274809,True,
3130194,용강동 상점가,97.5826972010178,74.24676844783714,True,
3130079,한아름시장,97.45547073791349,56.33852735368956,True,
3130152,오!도봉거리 상점가,97.32824427480917,59.99606234096692,True,
3110272,신내1동주민센터,97.20101781170484,83.3441603053435,True,
3110278,망우본동주민센터,97.07379134860052,78.68434160305343,True,
3130108,태능엔터피아(태릉시장),96.94656488549616,54.46851781170483,True,
3110331,돌곶이역 8번,96.81933842239184,73.10586195928752,True,
3120230,송파사거리(송파역),96.69211195928752,83.43097328244274,True,
3111013,송파나루역 1번(송리단길),96.5648854961832,88.20672391857507,True,
3130153,창동역상점가,96.43765903307887,74.88046437659031,True,
3120248,명일역,96.31043256997457,88.79051844783713,True,
3120070,한성대입구역,96.18320610687024,79.62378816793891,True,
3130145,쌍문역둘리상점가,96.0559796437659,65.23272900763358,True,
3120080,마들역,95.92875318066156,77.200225826972,True,
3110179,광나루역 1번,95.80152671755724,65.51700381679387,True,
3110074,서울역 12번,95.67430025445292,77.35470737913485,True,
3110431,상계역,95.5470737913486,78.59994592875317,True,
3130143,방천골목시장,95.41984732824427,60.070804707379125,True,
3130175,신촌 상인회(신촌상점가),95.29262086513997,54.439500636132315,True,
3120074,안암역,95.16539440203562,66.63989503816792,True,
3120233,몽촌토성역,95.0381679389313,83.52308206106869,True,
3110313,안암역 3번,94.91094147582696,75.24024173027989,True,
3110435,서울과학기술대,94.78371501272264,59.51043893129771,True,
3130147,쌍문역동측상점가,94.65648854961832,68.82816157760813,True,
3120096,"이화여대(이대역, 이대)",94.529262086514,85.06727735368956,True,
3110255,상봉역 4번,94.40203562340967,79.48510178117047,True,
3110423,석계역 2번,94.27480916030534,67.31175254452926,True,
3110405,방학역 1번,94.14758269720102,80.91452290076334,True,
3110275,하나은행 망우동지점,94.0203562340967,62.833912213740454,True,
3120068,사가정역,93.89312977099236,71.68557251908395,True,
3120048,금호역,93.76590330788804,75.07675572519082,True,
3110420,광운대역 1번,93.63867684478372,67.62999681933842,True,
3120042,"숙대입구역(남영역, 남영동)",93.51145038167938,73.59939885496182,True,
3110157,자양동우체국,93.38422391857506,73.13918575063613,True,
3130132,삼양골목시장(삼양시장),93.25699745547074,64.75401081424936,True,
3120069,상봉역,93.12977099236642,88.29673027989821,True,
3110421,석계역 1번,93.00254452926208,69.44916984732824,True,
3130196,공덕시장,92.87531806615776,61.3163772264631,True,
3110154,광진정말공원,92.74809160305344,73.12038167938931,True,
3110419,수락산디자인거리,92.6208651399491,76.0943861323155,True,
3130070,뚝섬역상점가,92.49363867684478,75.68352417302796,True,
3130314,풍납시장,92.36641221374046,71.22682888040711,True,
3120038,약수역,92.23918575063614,82.24904262086514,True,
3111010,석촌역 7번,92.1119592875318,80.13696246819337,True,
3110264,면목역 2번,91.98473282442748,78.2473854961832,True,
3110367,강북구청,91.85750636132316,66.63840012722645,True,
3110358,인수동 우편취급국,91.73027989821882,64.55942748091603,True,
3130106,중랑동부시장,91.6030534351145,71.74114503816791,True,
3110260,면목역 3번,91.47582697201018,67.79527035623408,True,
3130148,방학동도깨비시장,91.34860050890585,67.52792938931297,True,
3111076,둔촌2동주민센터,91.22137404580153,65.09152353689566,True,
3130111,"동원전통종합시장(동원시장, 동원전통시장 상점가)",91.0941475826972,77.77979007633587,True,
3110161,중곡역 3번,90.96692111959288,73.99283396946564,True,
3111062,둔촌동역 3번(성내3동주민센터),90.83969465648856,68.71158396946564,True,
3110158,중곡3동주민센터,90.71246819338424,74.32348282442747,True,
3110273,장스여성병원,90.5852417302799,63.22864821882951,True,
3120014,종로5가역,90.45801526717555,82.7639885496183,True,
3120064,경희대학교(경희대),90.33078880407125,73.64761132315522,True,
3110410,방학역 2번,90.20356234096693,71.89830152671755,True,
3110134,성수119안전센터,90.0763358778626,76.28084605597964,True,
3130313,방이시장,89.94910941475827,77.81562977099236,True,
3120047,한남오거리,89.82188295165395,82.01521628498728,True,
3111049,천호지구대(천호동자전거거리),89.69465648854961,68.88740776081424,True,
3130063,신금호역 골목형상점가,89.56743002544529,59.83090330788803,True,
3110262,상봉역 3번,89.44020356234097,74.36256679389312,True,
3120012,대학로(혜화역),89.31297709923665,89.04796437659033,True,
3110377,미아사거리역 3번,89.18575063613231,56.52311386768447,True,
3110066,서울역 15번,89.05852417302799,69.85640267175572,True,
3111052,암사역 3번(천호동자전거거리),88.93129770992367,72.80726145038167,True,
3110366,광산사거리,88.80407124681933,60.061402671755715,True,
3130318,로데오거리상점가,88.67684478371501,75.21814567430025,True,
3110259,사가정역 1번,88.54961832061069,68.55440839694656,True,
3120055,군자역,88.42239185750637,90.28634223918571,True,
3110173,구남초등학교,88.29516539440203,57.53406488549618,True,
3110369,성신여대운정그린캠퍼스,88.16793893129771,71.17243320610686,True,
3110184,용두사거리,88.04071246819338,48.81612277353688,True,
3110372,강북중학교,87.91348600508906,62.47592875318065,True,
3110314,종암경찰서,87.78625954198473,69.56907124681933,True,
3111060,암사역 2번(서울강동초등학교),87.65903307888041,78.51440521628497,True,
3120065,회기역,87.53180661577609,74.05360368956741,True,
3130139,강북종합전통시장(강북종합골목시장),87.40458015267176,71.39989503816791,True,
3110529,홍제3동주민센터,87.27735368956743,66.47266539440203,True,
3110399,창2동주민센터,87.1501272264631,70.19577926208652,True,
3111066,암사동성당(효정하나플러스아파트),87.02290076335878,66.59869910941475,True,
3110097,한남초등학교,86.89567430025446,33.46296119592875,True,
3120242,강동구청역,86.76844783715013,81.6726972010178,True,
3120195,성수대교남단,86.64122137404581,80.30128498727736,True,
3120030,중부경찰서(영화인의거리),86.51399491094148,75.87243320610688,True,
3110416,노원초등학교,86.38676844783714,64.65760814249363,True,
3110230,장안현대홈타운1차아파트,86.25954198473282,64.08250954198473,True,
3110147,능동우편취급국,86.1323155216285,68.10951335877861,True,
3130146,쌍문시장(쌍문역골목시장),86.00508905852418,72.46394402035622,True,
3110437,당고개역 2번,85.87786259541986,61.17831424936387,True,
3110257,상봉역 7번,85.75063613231552,62.41947519083969,True,
3110307,길음역 7번,85.6234096692112,63.29154580152671,True,
3110321,동덕여대,85.43256997455471,19.38090012722646,True,
3130124,번동시장,85.43256997455471,19.38090012722646,True,
3110402,도봉구 정병원,85.24173027989822,63.2486354961832,True,
3110159,구의역 4번,85.1145038167939,76.61273536895675,True,
3110397,도봉산입구,84.98727735368958,81.08312659033078,True,
3110038,경향신문사,84.86005089058524,51.12706106870228,True,
3111057,천호공원(해공체육문화센터),84.7328244274809,67.8013772264631,True,
3110191,고려대역 6번,84.60559796437659,61.92704198473281,True,
3120059,구삼강변맛길,84.47837150127226,72.93461832061067,True,
3110246,월드순복음교회,84.35114503816794,64.7309064885496,True,
3110244,중화역 4번,84.22391857506362,63.53682251908397,True,
3110971,선정릉역 4번,84.0966921119593,64.86872137404579,True,
3120045,남영동 먹자골목,83.96946564885496,69.24540712468192,True,
3110105,금동어린이공원,83.84223918575063,58.79513358778625,True,
3130127,석관시장,83.7150127226463,34.58897900763358,True,
3110146,신자초등학교,83.58778625954199,65.80193384223918,True,
3111068,강동성심병원,83.46055979643766,42.408985368956735,True,
3111063,강동구립 천호도서관,83.33333333333334,66.57993320610686,True,
3120244,암사역,83.20610687022901,72.64364503816792,True,
3120084,공릉역,83.07888040712467,67.3985209923664,True,
3111078,굽은다리역 4번,82.95165394402035,78.09166666666665,True,
3110360,수유초등학교,82.82442748091603,64.77834923664122,True,
3110438,경춘선숲길 우측,82.69720101781171,69.22277353689567,True,
3120016,동대문역,82.56997455470739,68.17800254452926,True,
3120247,굽은다리역,82.44274809160305,74.09830152671755,True,
3111061,암사역 1번,82.31552162849873,71.75187659033077,True,
3120077,미아역,82.1882951653944,73.68666666666667,True,
3110407,도봉역 2번,82.06106870229007,76.03658078880406,True,
3111056,천호태영아파트,81.93384223918575,53.53546119592875,True,
3110140,건대입구역 6번,81.80661577608143,73.84636768447837,True,
3110241,먹골역 5번,81.67938931297711,69.4072423664122,True,
3120079,창동역,81.55216284987277,74.76681933842237,True,
3120213,삼성중앙역,81.42493638676844,82.52122773536894,True,
3120049,왕십리역(왕십리),81.29770992366412,79.63072519083968,True,
3130110,면목골목시장(면목시장),81.1704834605598,66.28016539440202,True,
3130100,답십리시장,81.04325699745547,56.40920801526717,True,
3120053,건대입구역(건대),80.91603053435115,90.48450381679388,True,
3110253,중곡초등학교,80.78880407124683,62.842795801526705,True,
3110569,홍대땡땡거리,80.6615776081425,71.65581743002545,True,
3130066,행당시장상점가,80.53435114503816,68.75777353689567,True,
3110587,공덕동주민센터,80.40712468193384,60.731043256997445,True,
3120072,성신여대,80.27989821882952,85.75738867684476,True,
3130109,묵1동도깨비시장,80.1526717557252,54.28574109414758,True,
3130059,후암시장,80.02544529262087,56.878549618320605,True,
3110205,경희대삼거리,79.89821882951654,66.52369592875317,True,
3120006,종각역,79.77099236641222,91.03431297709923,True,
3120024,회현역,79.64376590330788,66.49744592875317,True,
3120083,등나무근린공원,79.51653944020356,76.51573791348599,True,
3110310,길음역 10번,79.38931297709924,32.71469783715012,True,
3110115,상왕십리역 3번,79.26208651399492,62.50010178117047,True,
3110381,번동주공2단지,79.13486005089058,47.64604961832061,True,
3111015,석촌역 3번,79.00763358778626,74.65312659033079,True,
3120239,오금역,78.88040712468194,75.54309796437659,True,
3110040,중구회현체육센터(정화예술대남산캠퍼스),78.7531806615776,51.45283396946565,True,
3130195,도화동 상점가,78.62595419847328,74.8905407124682,True,
3110364,미아역 8번,78.49872773536896,62.01429071246819,True,
3110247,먹골역 1번,78.37150127226464,66.2347423664122,True,
3130115,우림골목시장,78.2442748091603,68.40505089058523,True,
3110427,노원 을지대학교병원,78.11704834605598,44.109223918575054,True,
3130096,동부시장,77.98982188295165,38.33255407124682,True,
3110199,홍릉시장,77.86259541984732,59.70250318066157,True,
3120022,북창동(시청역_6번),77.735368956743,71.20953244274808,True,
3110151,자양한강도서관,77.60814249363868,65.6688899491094,True,
3130053,백학시장,77.48091603053436,62.99595101781169,True,
3111032,방이역 1번,77.35368956743002,63.317321882951646,True,
3110039,회현역 1번,77.2264631043257,36.44081743002544,True,
3120193,도산공원교차로,77.09923664122137,76.34828880407123,True,
3130084,신성시장(신성골목시장),76.97201017811705,53.58618638676844,True,
3110373,수유역 2번,76.84478371501272,60.5209510178117,True,
3110265,망우역 1번,76.7175572519084,60.83438295165394,True,
3130015,창신골목시장,76.59033078880407,57.185330788804066,True,
3110277,러스크서울병원,76.46310432569975,61.20266221374045,True,
3120004,종로구청,76.33587786259542,73.09082061068702,True,
3110324,월곡역 4번,76.20865139949109,31.973931297709917,True,
3110004,대신고등학교,76.08142493638677,41.98517811704834,True,
3110974,언주중학교,75.95419847328245,49.91457061068702,True,
3110400,도봉구보건소,75.82697201017811,64.64498409669211,True,
3120238,방이역,75.69974554707379,65.2391603053435,True,
3110312,안암역 2번,75.57251908396947,58.944071246819334,True,
3110371,삼양입구사거리,75.44529262086515,56.76526399491093,True,
3111059,강동역 4번(강풀만화거리),75.31806615776081,76.68569656488549,True,
3110233,중랑역 1번,75.19083969465649,59.426110050890586,True,
3110319,종암동주민센터,75.06361323155217,64.0898695928753,True,
3130104,전곡시장,74.93638676844783,48.97609414758269,True,
3110220,외대앞역 1번,74.80916030534351,67.51616094147582,True,
3120031,을지로3가역,74.68193384223919,84.60101145038165,True,
3120095,홍제역,74.55470737913485,70.2509510178117,True,
3120102,서교동(홍대),74.42748091603053,81.33584287531806,True,
3110323,상월곡역 1번,74.30025445292621,60.22578880407124,True,
3130303,영동전통시장,74.17302798982189,61.76046119592874,True,
3120246,길동역,74.04580152671755,82.50776399491093,True,
3110057,황학코아루아파트,73.91857506361323,52.714214376590334,True,
3110017,정독도서관,73.79134860050891,47.30798027989822,True,
3110236,신묵초등학교,73.66412213740458,67.68415076335879,True,
3110566,경의선책거리,73.53689567430025,75.67042938931297,True,
3120076,수유역,73.40966921119593,87.87192111959284,True,
3130067,왕십리도선동상점가,73.2824427480916,70.6472837150127,True,
3111004,삼전역 1번,73.15521628498728,76.77892811704834,True,
3110222,회기역 2번,73.02798982188295,36.94655852417303,True,
3110274,서일대학교,72.90076335877863,65.543320610687,True,
3110096,한남힐사이드아파트,72.7735368956743,51.49601781170483,True,
3120032,충무로역,72.64631043256998,83.01215966921119,True,
3130179,"이화여대 3,5,7길 상점가",72.51908396946564,68.65347646310431,True,
3120056,구의역,72.39185750636132,76.42443384223917,True,
3110131,성수동카페거리,72.264631043257,72.7260209923664,True,
3110256,면목2동체육관,72.13740458015268,67.67565203562341,True,
3120054,어린이대공원역,72.01017811704835,74.02720419847327,True,
3111021,방이역 4번,71.88295165394402,78.33424300254453,True,
3110062,한강로동땡땡거리(은행나무길),71.7557251908397,66.81354325699746,True,
3110335,석계역 7번,71.62849872773536,64.60698473282443,True,
3120229,방이동먹자골목,71.50127226463104,78.04611323155214,True,
3120216,경기고교사거리(경기고교앞사거리),71.37404580152672,62.91170483460561,True,
3110122,마장역 2번,71.2468193384224,60.11825063613231,True,
3110113,응봉산,71.11959287531806,47.39129452926208,True,
3130157,상계중앙시장,70.99236641221374,59.616695292620854,True,
3120057,아차산역,70.86513994910942,72.95369910941476,True,
3110250,화랑대역 7번,70.73791348600508,48.84321882951654,True,
3110299,정릉역 1번,70.61068702290076,64.10112595419847,True,
3120026,을지로입구역,70.48346055979644,76.9115903307888,True,
3110079,후암동주민센터,70.35623409669212,72.0558237913486,True,
3111067,강동구립성내도서관,70.22900763358778,66.84862277353689,True,
3110254,오거리공원,70.10178117048346,66.6368161577608,True,
3120185,논현역,69.97455470737913,86.23957697201016,True,
3110139,자양4동주민센터,69.8473282442748,65.36849554707378,True,
3130083,"중곡제일시장(중곡제일골목시장, 광성시장)",69.72010178117048,59.71664122137404,True,
3110430,중계초등학교,69.59287531806616,48.422283715012725,True,
3110037,신설동역 12번,69.46564885496184,51.17978053435114,True,
3110174,아차산역 1번,69.3384223918575,60.73754134860051,True,
3110215,회기역 1번,69.21119592875317,45.85897900763359,True,
3130114,유영시장,69.08396946564885,19.38090012722646,True,
3120051,뚝섬역,68.95674300254453,77.58703880407126,True,
3120196,서울세관,68.8295165394402,71.58127862595418,True,
3120200,학동사거리,68.70229007633588,83.75915394402035,True,
3120002,서촌(경복궁역),68.57506361323156,73.16578244274808,True,
3110197,세종대왕기념관교차로,68.44783715012723,34.95928435114504,True,
3120177,신논현역 1번,68.32061068702289,65.4947582697201,True,
3110832,노량진초등학교,68.19338422391857,53.221202290076334,True,
3110361,삼양사거리역 1번,68.06615776081425,47.3300699745547,True,
3110128,성원중학교,67.93893129770993,71.95540712468193,True,
3130120,돈암시장(돈암제일시장),67.8117048346056,55.54222328244274,True,
3120223,휘문고교사거리,67.68447837150127,57.22607188295166,True,
3120036,장충동족발거리(남소영길),67.55725190839695,52.473896310432565,True,
3110063,효창공원앞역 5번,67.43002544529261,60.68987595419847,True,
3120007,북촌(안국역),67.30279898218829,71.78223918575063,True,
3110388,도봉우체국,67.17557251908397,44.05683524173028,True,
3110119,마장지하차도,67.04834605597965,47.10121501272264,True,
3111077,길동주민센터(강동도서관),66.92111959287533,72.79587150127226,True,
3130031,청계천공구상가,66.79389312977099,48.49508587786259,True,
3110082,용산구청,66.66666666666666,56.07987277353689,True,
3111014,송파나루역 2번,66.53944020356234,53.5830820610687,True,
3110328,상월곡역 3번,66.41221374045801,45.90338422391857,True,
3130062,보광시장,66.2849872773537,29.369793256997458,True,
3120081,노원역,66.15776081424937,88.36867048346056,True,
3110211,전곡마을마당공원,66.03053435114504,57.30571882951653,True,
3110315,종암아이파크2차,65.9033078880407,56.62034351145038,True,
3130112,사가정시장,65.77608142493638,61.3208524173028,True,
3110166,구의1동주민센터,65.64885496183206,64.0309351145038,True,
3110148,어린이대공원역 3번,65.52162849872774,48.703307888040705,True,
3120082,상계백병원,65.39440203562341,53.64053435114504,True,
3110201,전농119안전센터,65.2671755725191,38.33317748091603,True,
3110138,송정체육공원,65.13994910941476,56.40146628498727,True,
3130105,장미제일시장(중화동제일시장),65.01272264631042,45.134621501272264,True,
3130080,자양종합시장(기능상실),64.8854961832061,19.38090012722646,True,
3110218,답십리사거리,64.75826972010178,57.35775445292621,True,
3120001,서대문역,64.63104325699746,65.78255089058523,True,
3110539,미근동,64.50381679389314,49.152519083969466,True,
3120058,구의사거리,64.3765903307888,57.20688295165394,True,
3110019,창덕궁,64.24936386768448,56.54688931297709,True,
3130051,동화동 골목형상점가,64.12213740458014,58.048040712468186,True,
3130095,청량리전통시장,63.99491094147582,55.07662531806615,True,
3130085,용두시장,63.8676844783715,19.38090012722646,True,
3130158,상계역전종합상가,63.74045801526718,32.16812340966921,True,
3110069,숙대입구,63.61323155216285,67.04094783715013,True,
3110100,옥수동우편취급국,63.48600508905853,36.036068702290066,True,
3130072,성동용답상가시장,63.358778625954194,61.94154580152673,True,
3110311,종암아이파크2차후문,63.231552162849866,19.38090012722646,True,
3120075,월곡역,63.104325699745544,61.49148854961831,True,
3110439,당고개역 5번,62.97709923664122,49.77550572519084,True,
3110288,동구여중,62.849872773536894,51.416529898218826,True,
3110394,방학중학교,62.72264631043257,59.7847582697201,True,
3130140,숭인시장,62.59541984732825,50.14908396946565,True,
3110169,성동초등학교,62.46819338422392,50.356536259541976,True,
3110216,전농중학교,62.34096692111959,52.10585559796437,True,
3120188,압구정역,62.213740458015266,82.38548346055978,True,
3110238,배꽃어린이공원,62.086513994910945,33.0850986005089,True,
3110326,장위동성당,61.959287531806616,33.221997455470735,True,
3110572,서강대역 1번,61.832061068702295,61.30831743002543,True,
3110188,용두동신동아아파트,61.704834605597966,57.30651717557251,True,
3110015,청와대사랑채,61.57760814249363,31.615632951653943,True,
3110329,우리은행체육관,61.45038167938931,47.270467557251905,True,
3110252,장안제일시장,61.32315521628499,57.74660305343511,True,
3110203,떡전교사거리,61.19592875318066,45.992900763358776,True,
3110291,한성대입구역 3번,61.06870229007634,59.42121183206107,True,
3110249,중화역 1번,60.94147582697202,60.98979325699744,True,
3120191,학동역,60.81424936386769,81.55138676844783,True,
3110522,홍제역 3번,60.68702290076335,37.70422391857506,True,
3130082,면곡골목시장,60.55979643765903,35.15191793893129,True,
3120018,중림동,60.43256997455471,64.40215648854962,True,
3130098,회기시장,60.30534351145038,50.78111005089058,True,
3110198,동대문중앙새마을금고본점,60.17811704834606,35.645279898218824,True,
3130021,신설종합시장,60.05089058524173,19.38090012722646,True,
3110126,서울숲역 1번,59.92366412213741,39.53036577608142,True,
3120063,청량리역(청량리),59.796437659033074,77.950368956743,True,
3110970,학동초등학교,59.66921119592875,40.823231552162845,True,
3110234,중랑역 4번,59.541984732824424,46.0138072519084,True,
3110064,효창공원앞역 2번,59.4147582697201,54.7190903307888,True,
3110586,서울서부지방법원,59.28753180661578,62.1839185750636,True,
3120245,둔촌역,59.16030534351145,72.93007633587786,True,
3111012,석촌역 6번,59.03307888040712,59.31447519083969,True,
3110248,먹골파출소,58.9058524173028,38.12784669211196,True,
3120023,서울시청,58.778625954198475,67.3117875318066,True,
3120044,삼각지역,58.651399491094146,64.60951972010179,True,
3110200,동대문경찰서,58.524173027989825,34.95928435114504,True,
3120208,청담사거리(청담동명품거리),58.396946564885496,81.77502862595419,True,
3110415,수락산역 4번,58.269720101781175,65.64573473282442,True,
3110108,성동구립금호도서관,58.14249363867684,30.366313613231547,True,
3120094,"신촌역(신촌역, 신촌로터리)",58.01526717557252,85.69366412213739,True,
3110202,전농1동주민센터(전농시장),57.88804071246819,39.12412849872773,True,
3110036,동묘앞역 3번,57.76081424936387,37.3403975826972,True,
3130325,명일전통시장,57.63358778625955,46.45787849872774,True,
3120052,성수역,57.50636132315522,81.37919211195928,True,
3130321,장신구 특화거리 상점가,57.3791348600509,45.35793575063613,True,
3110425,계상초등학교,57.25190839694656,56.7384796437659,True,
3110007,사직공원(한국사회과학도서관),57.12468193384224,39.21218193384224,True,
3111019,한성백제역 3번,56.99745547073791,61.75487913486004,True,
3110210,서울시립대,56.87022900763359,51.09244274809161,True,
3120071,성북구청,56.74300254452926,55.89168893129771,True,
3110208,시조사삼거리,56.61577608142494,35.8926844783715,True,
3110102,옥수역 6번,56.48854961832062,50.013447837150125,True,
3120190,강남을지병원,56.36132315521628,78.69731234096692,True,
3130177,인왕시장(홍제골목형상점가),56.234096692111954,52.71906806615775,True,
3130073,뚝도시장,56.10687022900763,52.96057251908397,True,
3110295,정릉우체국,55.97964376590331,52.50906806615775,True,
3130121,길음시장,55.85241730279898,40.78391221374045,True,
3130197,마포시장,55.72519083969466,42.99378816793893,True,
3110409,창동역 2번,55.597964376590326,55.422204198473274,True,
3110172,광진초등학교,55.470737913486005,50.22777035623409,True,
3130101,답십리현대시장,55.34351145038168,43.62786259541984,True,
3110436,상계제일중학교,55.216284987277355,40.1190903307888,True,
3110121,한양대역 4번,55.089058524173026,37.454949109414756,True,
3130042,약수시장,54.961832061068705,49.32972328244275,True,
3120178,신사역,54.834605597964384,83.30043893129769,True,
3130034,필동 골목형상점가,54.70737913486005,19.38090012722646,True,
3120170,삼호가든사거리,54.58015267175572,63.56657442748091,True,
3130151,신도봉시장,54.4529262086514,31.412083333333328,True,
3120017,동묘앞역(동묘),54.32569974554708,62.83760178117048,True,
3110195,동대문구청,54.19847328244275,55.5595451653944,True,
3120067,장안동사거리,54.07124681933843,73.60139312977098,True,
3110303,성신여대입구역 1번,53.9440203562341,50.081513994910935,True,
3110045,동대문역사문화공원역 5번,53.81679389312977,46.26118956743002,True,
3110165,국립정신건강센터,53.68956743002544,51.13707697201018,True,
3110167,용마초등학교,53.56234096692112,57.72286577608141,True,
3130123,꿈의숲 장곡 골목형상점가,53.43511450381679,36.258002544529255,True,
3110027,혜화역 1번,53.30788804071247,43.646739821882946,True,
3130032,인현시장,53.18066157760815,47.22638676844783,True,
3110370,도봉세무서,53.05343511450382,50.3906106870229,True,
3110163,성자초등학교,52.926208651399484,51.03742048346056,True,
3120228,석촌역(석촌호수),52.79898218829516,71.96895356234096,True,
3130107,중랑동부시장(중랑교종합상가),52.67175572519084,34.58521628498727,True,
3120186,가로수길,52.54452926208651,78.44297709923663,True,
3110245,KB국민은행 중화동지점,52.41730279898219,37.70422391857506,True,
3110305,보문역 5번,52.29007633587786,52.081876590330786,True,
3110041,남산케이블카,52.16284987277354,52.46084923664121,True,
3110336,석관고등학교,52.035623409669206,39.468651399491094,True,
3120214,영동대교남단교차로,51.908396946564885,53.38734096692111,True,
3110585,마포경찰서,51.78117048346056,32.45068384223918,True,
3110426,상계2동주민센터,51.653944020356235,54.457356870229006,True,
3110171,중곡4동주민센터,51.526717557251914,30.900887404580153,True,
3110219,삼육보건대학교,51.399491094147585,57.12969147582697,True,
3120046,이태원(이태원역),51.27226463104325,77.4417334605598,True,
3110267,망우역 2번,51.14503816793893,53.77275763358779,True,
3110584,아현역 4번,51.01781170483461,39.31776399491094,True,
3110333,돌곶이역 5번,50.89058524173028,48.67238231552163,True,
3110949,한남IC,50.76335877862596,48.03022264631043,True,
3120061,올림픽대교북단,50.63613231552163,51.2890330788804,True,
3111064,둔촌동역 4번,50.50890585241731,47.43527035623409,True,
3130323,둔촌역전통시장,50.38167938931297,49.15741412213739,True,
3130009,마전교지하쇼핑센터(구 한일상가),50.25445292620865,26.18526081424936,True,
3130020,동묘시장(동묘벼룩시장),50.12722646310432,46.68510814249363,True,
3110440,상계3동4동주민센터,50.0,32.45068384223918,True,
3110301,성신여대입구역 7번,49.87277353689568,47.42725508905852,True,
3110376,수송초등학교,49.74554707379134,59.82473600508906,True,
3110231,장안교,49.61832061068702,19.38090012722646,True,
3110084,경리단길북측,49.4910941475827,61.81606234096691,True,
3110398,쌍문2동우체국,49.36386768447837,53.570537531806615,True,
3120103,홍대입구역(홍대),49.23664122137404,88.43892493638675,True,
3130056,용산용문시장,49.10941475826972,54.154809160305334,True,
3110576,대흥역 3번,48.98218829516539,54.04841284987277,True,
3120249,고덕역,48.854961832061065,63.14815203562341,True,
3110406,도봉산역 1번,48.72773536895674,50.36350508905852,True,
3130055,"황학시장(서울중앙시장, 신중앙시장)",48.60050890585242,49.26662531806616,True,
3120033,을지로4가역,48.473282442748086,53.59982188295165,True,
3110145,장안초등학교,48.346055979643765,29.615795165394395,True,
3110389,한일병원,48.21882951653944,38.58681615776081,True,
3110322,장위1동주민센터,48.091603053435115,40.25392493638676,True,
3110101,옥정중학교,47.96437659033079,36.82109732824427,True,
3110582,이대역 5번,47.837150127226465,48.22399491094148,True,
3120028,명동(명동거리),47.70992366412214,77.33112913486005,True,
3110008,배화여자대학교(박노수미술관),47.58269720101781,57.53041666666666,True,
3110170,동대부여고,47.45547073791349,53.08151399491094,True,
3110117,성동구보건소,47.32824427480916,41.47990458015266,True,
3130091,청량종합도매시장,47.20101781170484,46.0588486005089,True,
3110228,장안근린공원,47.07379134860051,57.24065839694656,True,
3110054,청구역 3번,46.94656488549619,51.088206106870224,True,
3110207,시립대앞사거리,46.81933842239186,38.38714058524173,True,
3120008,인사동,46.69211195928753,72.71077608142492,True,
3110221,의릉,46.56488549618321,33.57975508905852,True,
3110306,미아초등학교,46.43765903307888,42.10892493638677,True,
3110212,답십리초등학교,46.31043256997455,52.19037213740458,True,
3110574,서강대학교,46.18320610687023,33.250362595419844,True,
3110990,청담역 12번,46.0559796437659,28.346466284987272,True,
3110123,마장역 3번,45.92875318066158,48.91419847328244,True,
3120013,이화사거리,45.80152671755725,51.34658715012723,True,
3120029,을지로2가,45.67430025445292,46.320213104325695,True,
3111054,암사역 4번(삼성광나루아파트),45.5470737913486,31.725190839694655,True,
3130155,시영B상가(중계 그린아파트 B 상가),45.41984732824427,38.30428435114503,True,
3110320,KB국민은행 종암동지점,45.29262086513995,32.18713740458015,True,
3110012,성곡미술관,45.16539440203562,46.6647709923664,True,
3110573,신촌역 6번,45.038167938931295,29.06806297709924,True,
3110035,동묘앞역 2번,44.910941475826974,45.16590330788804,True,
3110950,논현역 7번,44.783715012722645,30.408393765903305,True,
3110581,염리초등학교,44.65648854961832,25.041968829516534,True,
3110180,광진정보도서관,44.529262086513995,50.60880407124681,True,
3120225,잠실새내역(신천),44.40203562340967,78.33922391857504,True,
3110058,성심여자고등학교,44.274809160305345,54.08314249363867,True,
3111069,천호1동주민센터,44.14758269720102,44.66716603053435,True,
3110143,뚝섬유원지역 1번,44.02035623409669,26.80383905852417,True,
3110280,북정마을,43.89312977099237,27.430054071246815,True,
3110109,금호삼성래미안아파트,43.765903307888046,47.31646628498727,True,
3110129,성원어린이공원,43.63867684478372,50.68422391857506,True,
3110031,창신역 1번,43.51145038167939,33.02212150127227,True,
3110266,면목동우체국,43.38422391857507,48.71285941475826,True,
3110286,한성대입구역 5번,43.12977099236641,45.97402353689567,True,
3110417,월계역 3번,43.00254452926209,36.332344147582695,True,
3110414,장석교회,42.87531806615776,28.88104007633588,True,
3120062,신설동역,42.74809160305343,69.23336832061068,True,
3110589,애오개역 3번,42.62086513994911,30.923330152671753,True,
3110111,대현산장미원,42.49363867684479,19.38090012722646,True,
3110428,상계5동주민센터,42.36641221374045,60.745089058524165,True,
3110107,금호사거리,42.23918575063613,33.782554071246814,True,
3110530,아현역 1번,42.11195928753181,37.062735368956744,True,
3120207,선정릉역,41.98473282442748,74.26095737913485,True,
3120003,광화문역,41.85750636132315,80.06823473282442,True,
3111073,둔촌동역 1번(한산중학교),41.73027989821883,58.20892493638676,True,
3120153,노량진역(노량진),41.603053435114504,79.56654898218828,True,
3130078,화양제일골목시장,41.475826972010175,39.89223600508906,True,
3110024,혜회동주민센터,41.348600508905854,40.39937340966921,True,
3120215,포스코사거리,41.221374045801525,80.13365776081424,True,
3110332,돌곶이역 3번,41.0941475826972,32.6911641221374,True,
3110298,솔숲어린이공원,40.966921119592875,30.388756361323143,True,
3130137,"수유전통시장(수유시장, 수유골목시장)",40.839694656488554,51.52915712468193,True,
3130182,영천시장,40.71246819338422,45.6238645038168,True,
3130035,방산종합시장(방산시장),40.5852417302799,57.88993002544528,True,
3111051,천호역 6번,40.458015267175576,56.2034223918575,True,
3110209,답십리 장령당공원,40.33078880407125,32.40860368956743,True,
3110429,공릉동 국수거리,40.20356234096692,59.11988231552162,True,
3110185,용두초등학교,40.0763358778626,27.59416666666666,True,
3130128,돌곶이시장(석관황금시장),39.94910941475827,40.31401717557251,True,
3110251,장안중학교,39.82188295165394,47.06877862595419,True,
3110042,남산골공원옆,39.69465648854962,35.65743638676844,True,
3110536,돈의문센트레빌아파트입구,39.56743002544529,30.671316793893126,True,
3110032,수족관거리,39.44020356234097,22.811434478371503,True,
3110028,이화달팽이길,39.31297709923664,48.50597646310432,True,
3110002,독립문역 1번,39.18575063613232,35.1632951653944,True,
3110968,강남구청역 2번,39.05852417302799,34.46460877862595,True,
3130018,동대문문구완구거리(동대문문구완구시장),38.93129770992366,44.57041348600508,True,
3110263,면목역 1번,38.80407124681934,47.84246819338422,True,
3120203,강남구청역,38.67684478371501,70.30313931297708,True,
3110591,충정로역 6번,38.54961832061068,37.56348918575063,True,
3120194,언주역(차병원),38.42239185750636,68.64714058524171,True,
3120097,충정로역,38.295165394402034,42.078963104325695,True,
3110090,한국폴리텍대학서울정수캠퍼스,38.16793893129771,40.7908237913486,True,
3120106,마포역,38.040712468193384,64.1921437659033,True,
3110013,체부동홍종문가옥,37.913486005089055,27.823269720101777,True,
3110578,대흥역 2번,37.786259541984734,51.912325063613224,True,
3120209,"강남구청(청담역_8번, 강남세무서)",37.659033078880405,59.98530852417303,True,
3110317,종암중학교,37.53180661577608,39.91663804071246,True,
3130076,능동로골목시장,37.404580152671755,42.077086513994914,True,
3110966,논현2동주민센터,37.27735368956743,53.381618956743,True,
3130075,노룬산시장(노룬산골목시장),37.150127226463106,28.134262086513992,True,
3110302,보문역 8번,37.02290076335878,43.228034351145034,True,
3111070,천호초등학교,36.895674300254456,33.4260082697201,True,
3120005,삼청동,36.76844783715013,59.680311704834594,True,
3110176,해오름공원,36.6412213740458,49.379045801526715,True,
3110030,동대문역 3번,36.51399491094148,28.0120737913486,True,
3130141,강북북부골목시장,36.38676844783715,34.60231552162849,True,
3130010,종로신진시장,36.25954198473282,50.04228053435114,True,
3130071,성수역 골목형상점가,36.1323155216285,32.937255089058525,True,
3111072,굽은다리역 1번(십자성마을),36.00508905852418,49.713994910941466,True,
3130319,성내전통시장,35.87786259541985,40.83209287531807,True,
3130049,신당 미래유산 먹거리 골목형상점가,35.75063613231552,30.78960877862595,True,
3110396,쌍문역1번(쌍리단길),35.6234096692112,45.44576972010178,True,
3110412,창동중학교,35.49618320610687,19.38090012722646,True,
3120107,공덕역(공덕오거리),35.36895674300254,65.3329834605598,True,
3130102,이문제일시장,35.24173027989822,22.811434478371503,True,
3110227,답십리공원,35.11450381679389,40.97126908396946,True,
3110182,용두희망어린이공원,34.987277353689564,39.232668575063606,True,
3111035,오금공원(오주중학교),34.86005089058524,43.810321246819335,True,
3111053,성내천어린이공원(하니사랑길),34.73282442748092,48.32627862595419,True,
3130113,신아타운,34.605597964376585,44.70816475826972,True,
3110575,대흥동주민센터,34.478371501272264,38.35219147582696,True,
3110135,성동세무서,34.35114503816794,46.08761450381679,True,
3130142,강북북부시장,34.223918575063614,21.400747455470736,True,
3130122,밤나무골시장,34.096692111959285,19.38090012722646,True,
3120043,서울역,33.969465648854964,70.07185750636131,True,
3110374,송중초등학교,33.842239185750635,52.92953562340966,True,
3110068,남영역 1번,33.71501272264631,51.05740139949109,True,
3110534,경기대학교,33.587786259541986,28.037099236641215,True,
3110110,상왕십리역 6번,33.460559796437664,39.847907124681925,True,
3110204,간데메공원,33.33333333333333,49.02151399491094,True,
3110270,혜원여고,33.20610687022901,32.06252226463104,True,
3110359,수유시장옆,33.078880407124686,43.00402671755725,True,
3110962,도산공원북측,32.95165394402035,27.25603371501272,True,
3111022,석촌중학교(방이육교),32.82442748091603,36.54290076335878,True,
3110982,강남구보훈회관,32.69720101781171,37.657868956743,True,
3111048,천호역 1번(천호문구완구거리),32.56997455470738,38.297398218829514,True,
3120027,명동역(명동재미로),32.44274809160305,63.51949745547073,True,
3110049,장충단 고개,32.31552162849873,42.9762213740458,True,
3110325,장곡초등학교,32.1882951653944,44.28662849872773,True,
3130302,강남시장(강남구 강남시장),32.06106870229007,28.093495547073793,True,
3110183,한국의류시험연구원,31.93384223918575,36.43536259541984,True,
3120222,삼성역,31.806615776081426,72.87878498727734,True,
3110071,한강미주맨션아파트,31.679389312977097,31.749726463104324,True,
3120050,서울숲역,31.552162849872772,46.67980916030534,True,
3110214,경희대후문,31.424936386768447,36.25971692111959,True,
3110533,충정로역 7번,31.29770992366413,19.38090012722646,True,
3110106,금북초등학교,31.17048346055979,25.38340012722646,True,
3111074,명일역 1번,31.043256997455472,35.310970101781166,True,
3110521,홍제역 4번,30.916030534351147,33.96997773536895,True,
3110120,서울숲카페거리,30.788804071246815,43.252798982188295,True,
3110285,홍대부중,30.661577608142498,37.93698155216284,True,
3110022,경신고등학교,30.53435114503817,37.87566157760814,True,
3110538,충정로역 3번,30.407124681933844,34.31971055979644,True,
3110092,NH농협은행 보광동지점,30.279898218829516,37.16958333333333,True,
3130135,수유중앙골목시장(수유중앙시장),30.15267175572519,37.11091921119592,True,
3110067,배문고등학교,30.025445292620866,46.817983460559795,True,
3110196,홍릉근린공원,29.898218829516537,22.811434478371503,True,
3111080,굽은다리역 3번,29.770992366412212,43.78281806615776,True,
3110378,송중동주민센터,29.64376590330789,35.887674936386766,True,
3110061,효창동주민센터,29.51653944020356,39.091256361323154,True,
3130159,공릉동 도깨비시장,29.389312977099237,46.0936927480916,True,
3110365,미아역 5번,29.262086513994912,40.49948155216285,True,
3110093,우사단길,29.134860050890588,53.35436386768447,True,
3130198,아현시장,29.00763358778626,42.02554389312977,True,
3110532,아현역 2번,28.880407124681938,39.741135496183205,True,
3130058,이촌종합시장,28.75318066157761,36.337598600508905,True,
3110985,청담근린공원,28.62595419847328,29.953460559796433,True,
3110072,열정도,28.498727735368956,31.438711832061067,True,
3110308,길음역 8번,28.37150127226463,42.91804389312976,True,
3110525,홍은종합사회복지관,28.24427480916031,35.375715648854964,True,
3130126,새석관시장,28.117048346055977,19.38090012722646,True,
3110258,면동초등학교,27.989821882951656,43.291354961832056,True,
3110537,충정로현대아파트,27.86259541984733,40.69875,True,
3110136,경수초등학교,27.735368956743,58.34966284987277,True,
3120187,신논현역,27.608142493638677,76.31577608142493,True,
3130077,조양시장,27.480916030534353,19.38090012722646,True,
3110190,고대앞사거리,27.353689567430024,35.81678435114503,True,
3111075,굽은다리역 2번,27.2264631043257,40.02249045801526,True,
3110226,장안1동주민센터,27.099236641221378,61.71573791348601,True,
3110952,논현목련공원,26.97201017811705,25.245938295165395,True,
3111011,잠실나루역,26.84478371501272,37.01991730279897,True,
3110300,삼선동주민센터,26.717557251908396,47.7570165394402,True,
3110114,왕십리파출소,26.59033078880407,27.54623091603053,True,
3130065,무학봉상점가,26.463104325699742,43.58787531806615,True,
3130176,유진상가,26.33587786259542,30.57749363867684,True,
3110411,도봉역 3번,26.208651399491096,39.06198791348601,True,
3110098,서울독일학교,26.08142493638677,33.536396310432565,True,
3110137,성수초등학교,25.95419847328244,61.303466921119586,True,
3110583,공덕래미안3차아파트,25.82697201017812,30.67505725190839,True,
3110330,돌곶이역 1번,25.699745547073793,36.558285623409674,True,
3110535,영천시장입구,25.572519083969464,29.05479325699745,True,
3110235,세화어린이공원,25.44529262086514,19.38090012722646,True,
3110413,누원고등학교,25.318066157760818,32.51430025445292,True,
3110086,이태원역 북측,25.19083969465649,27.097776717557252,True,
3110055,황학동벼룩시장,25.06361323155216,33.621870229007634,True,
3130103,이경시장,24.93638676844784,19.38090012722646,True,
3120039,신당역,24.80916030534351,74.28562977099237,True,
3120037,동대문역사문화공원역,24.681933842239182,74.8430407124682,True,
3110175,푸른동산공원,24.55470737913486,40.42184160305342,True,
3130156,시영2단지 무지개종합상가(중계 무지개2단지아파트상가),24.427480916030532,25.077929389312978,True,
3110077,삼광초등학교,24.30025445292621,31.295349872773535,True,
3110076,삼각지역 14번,24.17302798982188,19.38090012722646,True,
3110434,태릉입구역 4번,24.04580152671756,34.16076335877862,True,
3130019,동대문상가D동,23.918575063613233,27.57078880407124,True,
3110023,서울대병원,23.791348600508904,21.400747455470736,True,
3110149,세종대학교,23.66412213740458,24.925194020356233,True,
3110052,장충초등학교,23.536895674300258,40.05401081424936,True,
3110959,신구중학교,23.40966921119593,24.581539440203557,True,
3120009,종로3가역,23.282442748091604,81.67416666666666,True,
3110988,청담역 3번,23.155216284987276,29.090505725190837,True,
3110243,중랑노인종합복지관,23.02798982188295,46.902566793893136,True,
3110095,한강진역 3번,22.900763358778622,47.2869592875318,True,
3130136,수유재래시장,22.7735368956743,19.38090012722646,True,
3110442,화랑대철도공원,22.646310432569976,24.581539440203557,True,
3120243,천호역,22.519083969465647,68.2364472010178,True,
3110318,KT월곡지사,22.391857506361323,31.1044306615776,True,
3110152,중곡어린이공원,22.264631043257,32.826444020356234,True,
3110433,공릉역 2번,22.137404580152673,42.774284351145035,True,
3110044,관성묘,22.010178117048344,21.400747455470736,True,
3111050,강동구청(강동구청역 2번),21.882951653944023,24.37534669211195,True,
3110033,창신역 4번,21.755725190839694,31.889414758269716,True,
3110118,왕십리역 9번,21.62849872773537,38.65445610687022,True,
3110046,버티고개,21.501272264631044,19.38090012722646,True,
3130094,청량리청과물시장,21.374045801526716,43.75637404580153,True,
3110973,강남구청역 4번,21.24681933842239,40.503889949109414,True,
3110160,광진경찰서,21.119592875318062,28.31919211195928,True,
3110081,해방촌 남동측,20.99236641221374,45.03396310432569,True,
3110125,사근동살곶이상점가,20.865139949109416,36.23384541984733,True,
3130116,동성타워프라자,20.737913486005088,24.512808524173025,True,
3120015,종로6가,20.610687022900763,39.588902671755726,True,
3110375,서울북부고용노동지청,20.48346055979644,28.31919211195928,True,
3110261,사가정역 4번,20.35623409669211,38.77873727735368,True,
3130001,통인시장,20.229007633587788,39.266927480916024,True,
3110026,종로5가역 4번,20.10178117048346,19.38090012722646,True,
3110276,신내IC북측,19.974554707379134,19.38090012722646,True,
3110132,성수2가3동주민센터,19.84732824427481,36.525912849872775,True,
3110268,망우3동주민센터,19.720101781170484,31.5526558524173,True,
3130074,영동교골목시장,19.59287531806616,22.811434478371503,True,
3110018,중앙고등학교,19.46564885496183,41.941863867684475,True,
3120218,코엑스,19.338422391857502,49.61620229007633,True,
3130064,금남시장,19.21119592875318,32.7850986005089,True,
3111020,방이동고분군(방산고등학교),19.083969465648856,36.47615139949109,True,
3110224,외대앞역 2번,18.956743002544528,30.66913486005089,True,
3110029,동대문역 1번,18.829516539440203,38.12246501272264,True,
3110047,다산성곽길,18.70229007633588,26.288279262086512,True,
3120041,신용산역(용산역),18.447837150127228,80.24738867684478,True,
3110408,가인초등학교,18.3206106870229,32.29187022900763,True,
3130099,전농로터리시장,18.193384223918574,31.733027989821885,True,
3130138,수유프라자,18.06615776081425,19.38090012722646,True,
3110088,오산고등학교,17.938931297709924,33.504001272264624,True,
3110297,경동고등학교,17.8117048346056,43.363536895674294,True,
3110206,텃골근린공원,17.68447837150127,38.48297391857506,True,
3120066,장한평역(장한평),17.557251908396946,69.71747455470737,True,
3110178,장로회신학대학교,17.43002544529262,24.637388676844783,True,
3110955,논현초등학교,17.302798982188293,49.711339058524175,True,
3110527,홍제역 2번,17.17557251908397,35.40430979643766,True,
3110085,경리단길남측,17.048346055979643,47.632900763358776,True,
3110025,충신시장옆,16.921119592875318,27.234770992366407,True,
3120227,잠실역,16.793893129770993,74.44260496183205,True,
3110177,동의초등학교,16.666666666666664,21.400747455470736,True,
3110422,노원역 9번,16.539440203562343,30.77222010178117,True,
3110579,마포역 4번,16.412213740458014,29.56104325699745,True,
3110112,행당역 2번,16.28498727735369,32.676558524173025,True,
3130090,청량리종합시장,16.157760814249365,36.64158715012722,True,
3110187,제기동역 6번,16.030534351145036,46.45128498727735,True,
3110065,남정초등학교,15.903307888040713,26.612919847328243,True,
3110103,옥수터널,15.776081424936386,19.38090012722646,True,
3130320,암사종합시장,15.648854961832065,38.933765903307886,True,
3110104,신금호역 4번,15.521628498727736,29.496523536895673,True,
3130324,길동복조리시장,15.394402035623408,32.93008587786259,True,
3110193,고려대역 4번,15.267175572519085,27.42569020356234,True,
3110316,숭곡초등학교,15.139949109414758,46.597029262086515,True,
3120040,용산전자상가(용산역),15.012722646310433,72.09804071246819,True,
3130052,서울중앙시장(신중앙시장),14.885496183206106,47.638479643765905,True,
3110133,서울교통공사,14.75826972010178,27.42569020356234,True,
3130004,낙원시장(낙원지하시장(대일상가)),14.631043256997456,38.01467875318066,True,
3110571,신수동주민센터,14.50381679389313,31.696202290076336,True,
3110580,양원초등학교,14.376590330788805,27.73116094147582,True,
3110060,효창공원앞역 6번,14.249363867684478,36.32519720101781,True,
3110213,청량초등학교,14.122137404580156,19.38090012722646,True,
3130181,아현가구거리상점가,13.994910941475828,30.833247455470733,True,
3130011,충신시장,13.8676844783715,19.38090012722646,True,
3110127,성수1가1동주민센터,13.740458015267176,32.5112213740458,True,
3110051,한양공고앞 교차로,13.61323155216285,25.27258905852417,True,
3130154,상계주공1단지(가)상가,13.486005089058525,21.400747455470736,True,
3110951,신사은행나무공원,13.358778625954198,28.335480279898213,True,
3110153,중곡1동주민센터,13.231552162849871,27.4789917302799,True,
3120060,강변역(테크노마트),13.104325699745548,56.40893447837149,True,
3111071,천동초등학교,12.97709923664122,21.400747455470736,True,
3110271,신내역 1번,12.849872773536896,19.38090012722646,True,
3110050,약수역 7번,12.72264631043257,19.38090012722646,True,
3110043,충무초등학교,12.595419847328245,37.06596374045802,True,
3130036,중부시장(신중부시장),12.46819338422392,49.99227417302799,True,
3120167,고속터미널(고속터미널역),12.340966921119591,68.3,True,
3120176,논현역 4번,12.213740458015266,40.50765267175572,True,
3120035,퇴계로5가,12.08651399491094,33.82358778625954,True,
3111018,풍납초등학교(풍납백제문화공원),11.959287531806616,19.38090012722646,True,
3130093,동서시장,11.83206106870229,22.916723918575062,True,
3110957,언북중학교,11.704834605597965,38.71330152671755,True,
3111058,성내중학교,11.577608142493638,23.67276399491094,True,
3110075,숙대입구역 1번,11.450381679389311,34.50557569974554,True,
3111030,방이역 2번,11.323155216284988,33.99711832061068,True,
3110577,용강동주민센터,11.19592875318066,29.481606234096688,True,
3110099,유엔빌리지길,11.068702290076336,35.59121501272264,True,
3110304,보문역 4번,10.941475826972011,32.19321564885496,True,
3110155,광진구청,10.814249363867685,32.48067430025445,True,
3130097,답십리 건축자재시장,10.687022900763358,22.51067111959287,True,
3110056,신당역 3번,10.559796437659031,40.26563613231552,True,
3110334,석관중앙교회,10.432569974554708,31.650381679389312,True,
3130081,자양골목전통시장(자양골목시장),10.30534351145038,32.26568702290076,True,
3110283,성북초등학교앞,10.178117048346056,21.400747455470736,True,
3110130,답십리역 6번,10.05089058524173,19.38090012722646,True,
3130014,동문시장,9.923664122137405,30.16183524173028,True,
3110223,군자초등학교,9.79643765903308,19.38090012722646,True,
3110327,상월곡역 2번,9.669211195928751,32.358486005089055,True,
3130089,청량리수산시장,9.541984732824428,27.269058524173023,True,
3120034,중구청(퇴계로4가),9.4147582697201,35.01788486005089,True,
3110150,중곡1동 마을마당,9.287531806615776,38.397054707379134,True,
3110927,잠원역,9.16030534351145,22.811434478371503,True,
3130178,이대 앞 스타트업 상점가,9.033078880407125,26.06469783715012,True,
3110368,송천초등학교,8.9058524173028,27.607236005089057,True,
3110976,언북초등학교,8.778625954198473,30.07346692111959,True,
3120174,논현역 5번,8.651399491094146,23.764405216284985,True,
3110116,청계천박물관,8.524173027989821,35.281472646310434,True,
3110087,이태원엔틱가구거리,8.396946564885496,27.551507633587786,True,
3110194,홍파초등학교,8.269720101781171,28.77902353689567,True,
3110961,언주역 3번,8.142493638676845,27.948730916030534,True,
3110189,제기동역 1번,8.015267175572518,23.1305534351145,True,
3110432,대진고등학교,7.888040712468193,26.148702290076336,True,
3111029,오금역 4번,7.760814249363868,23.18401081424936,True,
3110514,서대문우체국,7.633587786259542,19.38090012722646,True,
3110225,촬영소사거리,7.506361323155216,27.78835877862595,True,
3110053,청구역 1번,7.37913486005089,31.186787531806615,True,
3110048,장충동주민센터,7.251908396946565,28.54611323155216,True,
3110186,종암초등학교,7.124681933842239,19.38090012722646,True,
3110162,군자역 4번,6.997455470737914,28.96543575063613,True,
3130054,황학동주방가구거리상점가,6.870229007633588,31.83802798982188,True,
3110309,대광초등학교,6.743002544529262,22.931997455470736,True,
3110156,군자역 5번,6.488549618320611,31.80863867684478,True,
3110418,광운대학교 남단,6.361323155216285,21.400747455470736,True,
3110168,대원고등학교,6.23409669211196,25.661596692111956,True,
3110034,창신1동주민센터,6.106870229007633,19.38090012722646,True,
3120011,종로4가,5.979643765903308,45.270992366412216,True,
3120020,시청역_1번,5.852417302798982,31.64581743002545,True,
3130033,대림상가(청계상가),5.7251908396946565,29.545534351145033,True,
3130013,동대문상가A동,5.597964376590331,19.38090012722646,True,
3110091,리움미술관,5.470737913486006,21.400747455470736,True,
3110953,학동근린공원,5.343511450381679,21.400747455470736,True,
3110232,동대부고,5.216284987277354,33.35447201017811,True,
3110124,뚝섬역교차로,5.089058524173027,30.39450063613231,True,
3110279,신내역 2번,4.961832061068702,28.487770356234098,True,
3130016,동대문상가B동,4.8346055979643765,19.38090012722646,True,
3130125,장위전통시장,4.707379134860051,21.400747455470736,True,
3120010,원남동사거리,4.580152671755725,33.86925254452926,True,
3110296,성신여대입구역 4번,4.4529262086514,25.98069338422392,True,
3110229,장평중학교,4.325699745547073,38.21408396946565,True,
3110424,상계초등학교,4.198473282442748,29.78701017811705,True,
3130092,청량리농수산물시장,4.071246819338422,30.814701017811707,True,
3110293,삼선중학교,3.944020356234097,29.710642493638673,True,
3110164,아차산역 5번,3.816793893129771,19.38090012722646,True,
3130061,이태원시장,3.689567430025445,24.829188931297708,True,
3110020,서울국제고등학교,3.5623409669211195,25.40958333333333,True,
3110073,삼각지역 3번,3.435114503816794,21.400747455470736,True,
3130086,서울약령시장,3.307888040712468,42.187207379134854,True,
3110181,신설동역 9번,3.1806615776081424,28.366638040712463,True,
3130012,"동대문종합시장(동대문종합시장 신관, 동대문종합시장D동상가)",3.0534351145038165,32.64425890585241,True,
3120073,미아사거리,2.926208651399491,37.03429707379135,True,
3120021,시청역_8번,2.7989821882951653,34.60699109414758,True,
3130087,경동광성상가(경동시장),2.6717557251908395,22.504338422391857,True,
3130046,team204(팀204),2.5445292620865136,19.38090012722646,True,
3120019,경찰청앞교차로,2.417302798982188,19.38090012722646,True,
3130007,광장시장(광장전통시장),2.035623409669211,36.45517811704835,True,
3130022,숭례문수입상가(남대문시장),1.9083969465648856,19.38090012722646,True,
3130017,동대문상가C동,1.7811704834605595,19.38090012722646,True,
3130088,경동시장,1.653944020356234,28.706195928753186,True,
3130068,마장축산물시장,1.3994910941475829,43.4487213740458,True,
3110217,자동차부품상가,1.2722646310432568,26.47483460559796,True,
3120025,롯데백화점(시청광장 지하쇼핑센터),1.1450381679389312,36.74186386768447,True,
3130024,남대문시장(자유상가),1.0178117048346056,45.02392175572519,True,
3130005,세운상가가동,0.8905852417302799,19.38090012722646,True,
3130025,삼익패션타운(남대문시장),0.7633587786259541,19.38090012722646,True,
3130047,테크노상가(엘리시움),0.6361323155216284,22.351603053435113,True,
3130038,"평화시장(통일상가, 동화상가)",0.5089058524173028,34.707315521628495,True,
3130048,동평화시장,0.381679389312977,19.38090012722646,True,
3130050,청평화시장,0.2544529262086514,19.38090012722646,True,
3130327,"평화시장(남평화시장, 제일평화시장, 신평화패션타운)",0.1272264631043257,19.38090012722646,True,
3001491,이태원 관광특구,43.25699745547074,78.97645674300253,False,tourism_special_zone
3001492,명동 남대문 북창동 다동 무교동 관광특구,2.2900763358778624,81.37558524173028,False,tourism_special_zone
3001493,동대문패션타운 관광특구,1.5267175572519085,75.84433524173028,False,tourism_special_zone
3001494,종로·청계 관광특구,18.575063613231553,84.36459605597962,False,tourism_special_zone
3001495,잠실 관광특구,2.162849872773537,83.81423346055978,False,tourism_special_zone
3001496,강남 마이스 관광특구,6.615776081424936,53.200973282442746,False,tourism_special_zone
