preview_rank,area_code,area_name,full_score,coffee_subtype_score,bakery_subtype_score,coffee_stores,bakery_stores,evidence_sentence
1,3120007,북촌(안국역),96.45332059613332,96.44385688348976,96.47540259230163,80.0,21.0,"커피·음료 점포 80개, 제과점 21개; 두 업종 추정매출 관측. 보행·착석 여부 미반영"
2,3120002,서촌(경복궁역),94.3947932589813,95.70689660945258,91.3332187745483,77.0,21.0,"커피·음료 점포 77개, 제과점 21개; 두 업종 추정매출 관측. 보행·착석 여부 미반영"
3,3120064,경희대학교(경희대),91.93568291372902,92.43672073748968,90.76659465828752,31.0,9.0,"커피·음료 점포 31개, 제과점 9개; 두 업종 추정매출 관측. 보행·착석 여부 미반영"
4,3110008,배화여자대학교(박노수미술관),88.6087874895572,94.9830885694157,73.73541830322074,46.0,9.0,"커피·음료 점포 46개, 제과점 9개; 두 업종 추정매출 관측. 보행·착석 여부 미반영"
5,3120051,뚝섬역,86.5753946736662,89.20846697292905,80.43155930871956,60.0,22.0,"커피·음료 점포 60개, 제과점 22개; 두 업종 추정매출 관측. 보행·착석 여부 미반영"
6,3120008,인사동,85.99302875354672,89.67247711061046,77.40764925373134,73.0,13.0,"커피·음료 점포 73개, 제과점 13개; 두 업종 추정매출 관측. 보행·착석 여부 미반영"
7,3120005,삼청동,85.59390047516536,90.14474840633544,74.97525530243519,50.0,10.0,"커피·음료 점포 50개, 제과점 10개; 두 업종 추정매출 관측. 보행·착석 여부 미반영"
8,3120012,대학로(혜화역),85.21057050205093,89.29215996982475,75.686861743912,84.0,18.0,"커피·음료 점포 84개, 제과점 18개; 두 업종 추정매출 관측. 보행·착석 여부 미반영"
9,3111013,송파나루역 1번(송리단길),85.16758998553532,88.84908910513575,76.57742537313433,73.0,23.0,"커피·음료 점포 73개, 제과점 23개; 두 업종 추정매출 관측. 보행·착석 여부 미반영"
10,3110082,용산구청,85.09450319669949,90.1829439113438,73.22147486252945,17.0,5.0,"커피·음료 점포 17개, 제과점 5개; 두 업종 추정매출 관측. 보행·착석 여부 미반영"
11,3110566,경의선책거리,84.25964511836116,90.41460356376813,69.89807541241161,76.0,13.0,"커피·음료 점포 76개, 제과점 13개; 두 업종 추정매출 관측. 보행·착석 여부 미반영"
12,3120074,안암역,83.90081164138425,85.70915732744041,79.68133837391989,10.0,3.0,"커피·음료 점포 10개, 제과점 3개; 두 업종 추정매출 관측. 보행·착석 여부 미반영"
13,3120103,홍대입구역(홍대),83.27265575304878,88.64798790666717,70.73021406127258,224.0,30.0,"커피·음료 점포 224개, 제과점 30개; 두 업종 추정매출 관측. 보행·착석 여부 미반영"
14,3120020,시청역_1번,83.05369747776045,86.44715521735951,75.135629418696,14.0,3.0,"커피·음료 점포 14개, 제과점 3개; 두 업종 추정매출 관측. 보행·착석 여부 미반영"
15,3130179,"이화여대 3,5,7길 상점가",82.92545981333782,90.11770322340824,66.1435585231736,35.0,5.0,"커피·음료 점포 35개, 제과점 5개; 두 업종 추정매출 관측. 보행·착석 여부 미반영"
16,3110069,숙대입구,82.3205977348217,87.32205523109418,70.65053024351926,39.0,8.0,"커피·음료 점포 39개, 제과점 8개; 두 업종 추정매출 관측. 보행·착석 여부 미반영"
17,3110081,해방촌 남동측,82.03192699867589,84.97514231771339,75.16442458758837,35.0,11.0,"커피·음료 점포 35개, 제과점 11개; 두 업종 추정매출 관측. 보행·착석 여부 미반영"
18,3110131,성수동카페거리,81.5087544478406,84.38779391998776,74.79099567949724,40.0,13.0,"커피·음료 점포 40개, 제과점 13개; 두 업종 추정매출 관측. 보행·착석 여부 미반영"
19,3110572,서강대역 1번,80.91698375968096,84.69266743471425,72.1070551846033,29.0,7.0,"커피·음료 점포 29개, 제과점 7개; 두 업종 추정매출 관측. 보행·착석 여부 미반영"
20,3110214,경희대후문,80.90122770672949,85.73023551864735,69.63354281225452,15.0,3.0,"커피·음료 점포 15개, 제과점 3개; 두 업종 추정매출 관측. 보행·착석 여부 미반영"
