preview_rank,area_code,area_name,cafe_study_preview_score,cafe_percentile_common_universe,study_proxy_percentile_common_universe,status
1,3120012,대학로(혜화역),97.47706422018348,96.78899082568807,98.1651376146789,exploratory_same_observed_subset_not_final_v1
2,3130179,"이화여대 3,5,7길 상점가",95.41284403669725,93.57798165137615,97.24770642201835,exploratory_same_observed_subset_not_final_v1
3,3120051,뚝섬역,94.4954128440367,98.1651376146789,90.82568807339449,exploratory_same_observed_subset_not_final_v1
4,3120006,종각역,93.80733944954127,90.82568807339449,96.78899082568807,exploratory_same_observed_subset_not_final_v1
5,3110069,숙대입구,92.66055045871559,93.11926605504587,92.20183486238533,exploratory_same_observed_subset_not_final_v1
6,3120002,서촌(경복궁역),92.43119266055047,99.54128440366972,85.3211009174312,exploratory_same_observed_subset_not_final_v1
7,3120072,성신여대,92.43119266055047,89.90825688073394,94.95412844036697,exploratory_same_observed_subset_not_final_v1
8,3120053,건대입구역(건대),89.44954128440367,84.40366972477065,94.4954128440367,exploratory_same_observed_subset_not_final_v1
9,3130070,뚝섬역상점가,89.44954128440367,82.56880733944955,96.3302752293578,exploratory_same_observed_subset_not_final_v1
10,3120094,"신촌역(신촌역, 신촌로터리)",87.61467889908258,76.60550458715596,98.62385321100918,exploratory_same_observed_subset_not_final_v1
11,3120032,충무로역,87.1559633027523,74.77064220183486,99.54128440366972,exploratory_same_observed_subset_not_final_v1
12,3110179,광나루역 1번,86.4678899082569,77.52293577981652,95.41284403669725,exploratory_same_observed_subset_not_final_v1
13,3110566,경의선책거리,86.4678899082569,95.41284403669725,77.52293577981652,exploratory_same_observed_subset_not_final_v1
14,3120031,을지로3가역,86.0091743119266,82.11009174311926,89.90825688073394,exploratory_same_observed_subset_not_final_v1
15,3120186,가로수길,85.77981651376146,89.44954128440367,82.11009174311926,exploratory_same_observed_subset_not_final_v1
16,3120081,노원역,85.55045871559633,72.01834862385321,99.08256880733946,exploratory_same_observed_subset_not_final_v1
17,3110578,대흥역 2번,85.09174311926606,86.69724770642202,83.4862385321101,exploratory_same_observed_subset_not_final_v1
18,3120103,홍대입구역(홍대),83.94495412844037,94.4954128440367,73.39449541284404,exploratory_same_observed_subset_not_final_v1
19,3120064,경희대학교(경희대),83.71559633027523,99.08256880733946,68.34862385321101,exploratory_same_observed_subset_not_final_v1
20,3120225,잠실새내역(신천),83.02752293577981,72.47706422018348,93.57798165137615,exploratory_same_observed_subset_not_final_v1
