고객주소광역시도,고객주소시군구,rows,amount,transactions
경기,오산시,2,319406608,3876
서울,동작구,6,222531568,7262
전남,,2,166382392,2595
경기,광주시,3,36309428,85
서울,관악구,8,29416284,1569
서울,중랑구,5,28616262,933
울산,,1,26649215,3583
서울,서대문구,7,26006530,498
서울,강동구,6,25185310,1895
경기,의정부시,4,23027712,437
경기,의왕시,1,17831783,384
경기,양주시,3,17639082,256
서울,양천구,5,17285370,710
경기,성남시,6,17281278,490
경기,이천시,2,14954613,1649
경기,하남시,2,12724318,256
서울,성북구,7,10613895,613
서울,금천구,2,10187912,577
서울,구로구,9,9940428,363
서울,강서구,3,8725646,843
서울,강남구,8,8446152,597
경기,수원시,8,7782750,415
서울,송파구,6,7661704,928
서울,종로구,1,6450073,160
서울,노원구,5,5621121,1356
경기,시흥시,2,5569008,262
서울,용산구,4,4713338,90
서울,마포구,5,4248291,294
부산,,4,3656998,100
서울,영등포구,3,3237050,166
경기,광명시,3,3095896,91
경기,고양시,4,3005317,106
서울,중구,5,2567748,342
서울,도봉구,2,2361111,454
인천,연수구,4,2153299,107
서울,광진구,4,1775372,85
서울,성동구,2,1713968,48
서울,동대문구,1,1705959,43
경기,부천시,2,1595966,32
경기,과천시,1,1559124,16
경기,남양주시,5,1396270,150
인천,남동구,2,1296412,58
충북,,1,1233416,182
경기,파주시,2,1217291,37
대구,,1,1092081,144
인천,서구,2,1027730,37
경기,안산시,3,886832,96
경기,평택시,3,881119,133
경기,화성시,2,871400,43
서울,은평구,3,846679,64
강원,,3,837976,101
경기,용인시,2,757617,64
서울,서초구,2,748326,43
인천,중구,1,624717,16
충남,,3,543558,64
인천,부평구,1,497104,32
인천,미추홀구,1,441574,48
경기,안양시,1,385509,32
전북,,1,319300,230
경기,김포시,1,248819,16
경기,구리시,1,71816,16
제주,,1,45919,32
