admin_code,quarters_observed,positive_gap_quarters,negative_gap_quarters,mean_gap_z,mean_gap_ratio,gap_type,dong_name,sggnm,minimum_period_ratio,mean_period_ratio,sales_amount,floating_population,store_count,data_quality_warning,공부,생활서비스,쇼핑,식사,여가문화,카페,top_3_industries
11740690,4,4,0,4.2688442085632,5.079006626807646,목적소비형,둔촌1동,강동구,0.5419161676646707,0.5568862275449101,26521528966,29398,176,하위 5% 규모: 잔차 과장 가능,0.0629745498889274,0.43485091160411343,0.27896702269634904,0.18374811204314184,0.022411259274002747,0.01704814449346555,일반의원 · 의약품 · 슈퍼마켓
11170625,4,4,0,2.8473135436439296,2.751415739561605,목적소비형,한강로동,용산구,0.5808383233532934,0.6477045908183633,680873040637,5774895,4886,,0.008465840052364624,0.015087760361886405,0.8727889725109889,0.09118007478739104,0.005127720765289285,0.007349631522079777,컴퓨터및주변장치판매 · 가전제품 · 한식음식점
11230545,4,4,0,1.9599058644145382,2.00077614788196,목적소비형,제기동,동대문구,0.997005988023952,0.999001996007984,979603471695,11953847,3054,,0.005489249352797538,0.026174854894739828,0.9127732533959372,0.05313564357722731,0.002015189699750914,0.0004118090795472413,청과상 · 반찬가게 · 미곡판매
11140605,4,2,0,1.5241649084425684,1.7666877321004666,일반형,을지로동,중구,0.9461077844311376,0.9570858283433132,240592120952,4848076,2850,,0.15421382557827928,0.04303210048622307,0.502900153601203,0.23834461117469655,0.03832563136113518,0.02318367779846297,조명용품 · 한식음식점 · 문구
11110630,4,3,0,1.4561134396760087,1.743392890370566,목적소비형,종로5·6가동,종로구,0.9491017964071856,0.9620758483033932,116643826107,5436250,1873,,0.014830684055349118,0.39092755623577324,0.33262816412939666,0.21023672390945639,0.029346473330358072,0.022030398339666492,의약품 · 한식음식점 · 일반의류
11710690,4,2,0,1.3870208460092295,1.6979114603139536,일반형,잠실4동,송파구,0.7065868263473054,0.7345309381237525,13455125434,2039053,322,하위 5% 규모: 잔차 과장 가능,0.04304866683266626,0.6339721540941526,0.2445763049287081,0.018042009209856318,0.05225947854957767,0.008101386385039032,일반의원 · 의약품 · 편의점
11110615,4,3,0,1.2683189588109673,1.569995578406818,목적소비형,종로1·2·3·4가동,종로구,0.94311377245509,0.9610778443113772,590990167722,13824388,9877,,0.02268132347390491,0.09444779807615426,0.48696921232601187,0.2868983358311263,0.0682491776732456,0.04075415261955704,시계및귀금속 · 한식음식점 · 조명용품
11350611,4,2,0,1.239557363847257,1.5834523123607156,일반형,하계1동,노원구,0.9191616766467066,0.9271457085828344,56170368431,3642081,705,,0.07225450342177407,0.08608669296766287,0.7044124898095419,0.10796185003574202,0.02034729005568057,0.008937173709598593,일반의류 · 한식음식점 · 일반교습학원
11140625,4,2,0,1.1145537388571882,1.5027178713922564,일반형,다산동,중구,0.934131736526946,0.9451097804391216,43971161618,4052419,809,,0.007918996432822418,0.3557920466580474,0.31194158178402664,0.2608898996724249,0.05756389787901009,0.005893577573668547,일반의류 · 의약품 · 한식음식점
11350625,4,2,0,1.1129042027069707,1.4960814766402963,일반형,중계2·3동,노원구,0.874251497005988,0.8862275449101796,58263034360,4456423,1019,,0.016599004765600747,0.2003171219316494,0.5989016195310979,0.1432783963914371,0.021809255353036853,0.019094602027178043,일반의류 · 일반의원 · 컴퓨터및주변장치판매
11170560,4,2,0,1.0902685954234808,1.507859717979868,일반형,원효로1동,용산구,0.5359281437125748,0.5668662674650699,102265934508,4702896,1548,,0.03251719531042727,0.05679616146807548,0.7523713055786043,0.11385413753872427,0.03515727764379586,0.009303922460372848,컴퓨터및주변장치판매 · 한식음식점 · 호프-간이주점
11710710,4,1,0,1.0838702624354384,1.4777428780727657,일반형,잠실6동,송파구,0.6317365269461078,0.6407185628742514,251589130813,2279811,1680,,0.001446349601129897,0.09680177107135018,0.7654089026092763,0.10300541595042917,0.004804471366048147,0.028533089401766278,일반의류 · 일반의원 · 한식음식점
11110580,4,2,0,1.0689744132597199,1.4615387222095375,일반형,교남동,종로구,0.6526946107784432,0.6936127744510978,9103806955,3950238,295,하위 5% 규모: 잔차 과장 가능,0.017187299859655253,0.5285013789047331,0.11873268351833148,0.3232308851171153,0.0,0.01234775260016484,의약품 · 한식음식점 · 일반의원
11230740,4,1,0,0.8985801878419692,1.3832712422020852,일반형,이문1동,동대문구,0.997005988023952,0.997005988023952,29537499828,11235621,894,,0.02263341856599062,0.2349957737594337,0.2816256193800967,0.3264592845755733,0.03212779058911485,0.10215811312979078,한식음식점 · 편의점 · 커피-음료
11350695,4,1,0,0.8957347204192201,1.3941574314614222,일반형,상계6·7동,노원구,0.7664670658682635,0.8003992015968064,97803554033,6079845,1432,,0.07212643600476755,0.6241584829054655,0.09604195203203572,0.12699658000985437,0.06547730632405493,0.015199242723821928,일반의원 · 의약품 · 한식음식점
11260570,4,2,0,0.8947050122635745,1.4017450978770842,일반형,면목7동,중랑구,0.9910179640718564,0.996007984031936,43583890702,6074034,910,,0.009751890667725454,0.3896302253763852,0.3852790277218055,0.17558272774047762,0.026351338086191035,0.013404790407415152,의약품 · 한식음식점 · 일반의원
11230705,4,1,0,0.8614284435924774,1.3648127126109462,일반형,청량리동,동대문구,0.9820359281437124,0.9880239520958084,64183152952,6002827,1099,,0.0013700379765662467,0.301438456762463,0.42806262891988195,0.22176681191783781,0.036815541934612436,0.010546522488638617,청과상 · 한식음식점 · 일반의원
11320680,4,1,0,0.8442621180234848,1.3837779946308508,일반형,쌍문3동,도봉구,0.5778443113772455,0.6067864271457085,32540651259,5550556,686,,0.03450611255635042,0.4420380032812545,0.2574649681506548,0.21192570932619761,0.046622376513758265,0.007442830171784424,한식음식점 · 인테리어 · 슈퍼마켓
11215870,4,1,0,0.7796387019864458,1.3264418407039331,일반형,구의3동,광진구,0.8413173652694611,0.8622754491017964,117346571291,6128436,2233,,0.11160275961982388,0.2367487361527259,0.46584003619023984,0.1302946295301996,0.03738675993455704,0.018127078572453728,컴퓨터및주변장치판매 · 일반교습학원 · 핸드폰
11110710,4,1,0,0.7723004138004171,1.3214509992624006,일반형,숭인2동,종로구,0.9850299401197604,0.9870259481037924,25818356136,5183066,831,,0.004500010240311142,0.21929991840592836,0.422526692696327,0.29817116533092664,0.04211184710106208,0.013390366225444804,한식음식점 · 일반의원 · 일반의류
11680545,4,0,0,0.7430445577999064,1.3045640913300844,일반형,압구정동,강남구,0.5808383233532934,0.6786427145708583,353798537330,7378991,4395,,0.07455579856565825,0.27569766252317707,0.42320666741010804,0.18837597812575446,0.024993124433842044,0.013170768941460168,일반의류 · 일반의원 · 한식음식점
11350710,4,0,0,0.7247548066056592,1.2963640031027905,일반형,상계9동,노원구,0.5149700598802395,0.5588822355289421,19019406557,1764587,428,하위 5% 규모: 잔차 과장 가능,0.0921117780804374,0.3659496601085249,0.3491079196451713,0.15998819878426138,0.0192940589339756,0.01354838444762943,슈퍼마켓 · 일반의원 · 의약품
11140670,4,1,0,0.6155731493936134,1.2919604096005763,일반형,황학동,중구,0.9790419161676648,0.9850299401197604,56726095509,5321500,1305,,0.001874700048465837,0.11191666819361382,0.4532004561625645,0.3960993103682785,0.018473900426193353,0.018434964800884017,한식음식점 · 반찬가게 · 가구
11680580,4,2,0,0.5981584387608156,1.2715639338744196,일반형,삼성1동,강남구,0.7395209580838323,0.7644710578842315,251151596955,4923443,3496,,0.03055067755103616,0.12067706187602091,0.3368029736126111,0.4217440390633012,0.045581916252163776,0.04464333164486686,한식음식점 · 일반의류 · 중식음식점
11140580,4,1,0,0.5906101576598795,1.2535045742225122,일반형,장충동,중구,0.8233532934131736,0.8602794411177644,26121951436,2090605,495,,0.028186703884047447,0.08205202142923086,0.38165249600228984,0.3825561870246791,0.05123033860156818,0.07432225305818457,한식음식점 · 일반의류 · 커피-음료
11230650,4,0,0,0.5876662723259791,1.2366755830837979,일반형,장안1동,동대문구,0.9580838323353292,0.9800399201596806,175696276097,8685517,2575,,0.02785370252980314,0.5088980699945905,0.17285516032925508,0.2596724101813733,0.024165217910799508,0.006555439054178487,의약품 · 한식음식점 · 반찬가게
11140665,4,0,0,0.5641787778779064,1.2514538265014075,일반형,동화동,중구,0.937125748502994,0.9451097804391216,33427484047,3558358,531,,0.003968754208766312,0.06671931614309327,0.8082863076386647,0.07784814547637318,0.03665868658487853,0.006518789948223949,일반의류 · 한식음식점 · 편의점
11305595,4,0,0,0.5392511243488267,1.2189615145598578,일반형,번1동,강북구,0.5479041916167665,0.593812375249501,53071411855,6453446,1220,,0.008746075349722765,0.2845045730694552,0.37015269044795984,0.2147542532717872,0.10669746076232402,0.015144947098750968,한식음식점 · 신발 · 일반의원
11260630,4,1,0,0.5356477543634515,1.2288773953032424,일반형,묵2동,중랑구,0.9910179640718564,0.996007984031936,28190579436,5112908,899,,0.005823068779862308,0.27845064766479316,0.39718037596281214,0.2331156845470099,0.07680406310609755,0.00862615993942495,슈퍼마켓 · 한식음식점 · 일반의원
11215740,4,0,0,0.5035966323790334,1.2046232443011191,일반형,중곡1동,광진구,0.8802395209580839,0.8942115768463075,61618566267,3450358,1177,,0.00992879706660183,0.31897180799102864,0.4081172604541412,0.21009879340430646,0.050511352544515054,0.0023719885394067604,한식음식점 · 일반의원 · 슈퍼마켓
11200660,4,1,0,0.48972175239875826,1.2005549474668218,일반형,성수1가2동,성동구,0.9640718562874252,0.9700598802395208,89766378253,5517614,2081,,0.019193955415511242,0.13767058050586983,0.49993381876805526,0.2574230803639193,0.02307072599234322,0.0627078389543011,컴퓨터및주변장치판매 · 한식음식점 · 의료기기
11230720,4,1,0,0.470620430799223,1.2094303736658851,일반형,휘경1동,동대문구,0.997005988023952,0.997005988023952,18235367546,6298818,654,,0.05780481245255839,0.38148205608972924,0.15753916205709584,0.31186727444095136,0.0632812669165599,0.028025428043105264,일반의원 · 한식음식점 · 편의점
11110640,4,0,0,0.45108874210237515,1.1797351339057736,일반형,이화동,종로구,0.8473053892215568,0.8682634730538922,38702183156,4456453,675,,0.01648901968727999,0.08069542442635635,0.27232537220231845,0.4374065918132983,0.06224381503983806,0.13083977683090886,한식음식점 · 커피-음료 · 슈퍼마켓
11290600,4,0,0,0.42453992370665394,1.1705531696624618,일반형,안암동,성북구,0.874251497005988,0.8902195608782435,42478152488,7935075,996,,0.01470300736776243,0.17296550903610006,0.19463374063492062,0.4079921382384958,0.09746028444079632,0.11224532028192478,한식음식점 · 커피-음료 · 의약품
11200620,4,0,0,0.39957790574017815,1.1611484821079538,일반형,금호4가동,성동구,0.8233532934131736,0.8612774451097804,16400658389,2565751,521,,0.009888186019944787,0.6292524744568655,0.07932196702984447,0.22710633882223713,0.047187087289072366,0.0072439463820357,일반의원 · 한식음식점 · 의약품
11305535,4,0,0,0.3667900039047354,1.1440766449379698,일반형,미아동,강북구,0.5688622754491018,0.6017964071856288,49340384038,7847140,1156,,0.020481154792425533,0.36080846357598834,0.32099126185970367,0.22486347662910747,0.05899582449050576,0.013859818652269242,한식음식점 · 의약품 · 일반의원
11110515,4,0,0,0.3442764316469793,1.1389754716394447,일반형,청운효자동,종로구,0.6167664670658682,0.6646706586826348,25920026514,3348036,917,,0.16898324199762044,0.09845555958909309,0.20958487739454323,0.3305441025830889,0.010168419073863297,0.18226379936179105,커피-음료 · 한식음식점 · 서적
11260660,4,1,0,0.3432198469837445,1.2271830599870213,일반형,망우3동,중랑구,0.5898203592814372,0.6427145708582834,15817388133,3877776,500,,0.01633464582315943,0.18219630957828756,0.40709008724177587,0.33506749536876906,0.046859102259345184,0.012452359728662921,한식음식점 · 슈퍼마켓 · 육류판매
11260600,4,0,0,0.32651806272649153,1.133653031508428,일반형,중화1동,중랑구,1.0,1.0,20007288885,4782186,604,,0.05526455460084691,0.27254941488290507,0.5922628348153628,0.05971430471500387,0.017765809103025804,0.002443081882855514,육류판매 · 슈퍼마켓 · 일반의원
11140645,4,0,0,0.312012061666957,1.1306161723311647,일반형,청구동,중구,0.9850299401197604,0.9890219560878242,8069509412,2760517,437,,0.18810212040186416,0.24373875542856854,0.37691009139627235,0.12448926913774074,0.02336968090272797,0.043390082732826234,일반의류 · 일반교습학원 · 일반의원
11230710,4,1,0,0.3120056019727773,1.147096859882752,일반형,회기동,동대문구,0.9461077844311376,0.9520958083832336,30035838073,4730769,901,,0.005708140574712972,0.23310746881718947,0.12824764288707116,0.41867419528753563,0.12336171722575527,0.09090083520773547,한식음식점 · 의약품 · 커피-음료
11305545,4,0,0,0.31035618285164973,1.1262291299547589,일반형,송중동,강북구,0.6047904191616766,0.6407185628742514,75586231242,11297871,1557,,0.012165010133341184,0.32912427929303584,0.34109696044315974,0.23627554448139262,0.061926946112892955,0.01941125953617763,일반의원 · 한식음식점 · 가전제품
11140540,4,0,0,0.3051946558903712,1.122999122963272,일반형,회현동,중구,0.7754491017964071,0.8003992015968064,259968527196,4347793,4752,,0.004651769754760556,0.13444997784538668,0.6033524872291287,0.20250793976806447,0.020854549646744387,0.03418327575591517,일반의류 · 한식음식점 · 육류판매
11230570,4,0,0,0.29508428762036826,1.1211849990961493,일반형,전농2동,동대문구,1.0,1.0,15351772775,2307719,590,,0.1885946716665105,0.43838445700288187,0.09820966784078786,0.20336925857085583,0.0499436079622407,0.021498336956723228,일반의원 · 일반교습학원 · 의약품
11305635,4,0,0,0.29039059530284395,1.119664468442393,일반형,수유3동,강북구,0.5329341317365269,0.5688622754491018,107559312289,9345749,1956,,0.004327416307287059,0.21941160971343926,0.32732955559814064,0.27174999542079864,0.16114607833702752,0.016035344623306864,한식음식점 · 호프-간이주점 · 시계및귀금속
11710510,4,0,0,0.288544202785321,1.1122108428067914,일반형,풍납1동,송파구,0.6197604790419161,0.6387225548902196,10667586358,4301974,422,,0.009177636131961464,0.33408470720532973,0.40750237215000196,0.20577273905580507,0.04137919996016404,0.002083345496737717,육류판매 · 한식음식점 · 슈퍼마켓
11110680,4,0,0,0.28781044787085336,1.1150410005402343,일반형,창신2동,종로구,0.6586826347305389,0.6826347305389221,12957408786,4552384,346,,0.0,0.14788250534091008,0.35698874098946715,0.435228808872126,0.05093343081936784,0.00896651397812896,한식음식점 · 슈퍼마켓 · 육류판매
11140570,4,0,0,0.23535848872017273,1.0976064004566894,일반형,필동,중구,0.8562874251497006,0.8872255489021956,37143898916,2729614,1160,,0.032819142943416035,0.08402550922449317,0.12794337198545697,0.5738961568683804,0.07366793815016853,0.10764788082808491,한식음식점 · 커피-음료 · 중식음식점
11230750,4,0,0,0.22284702603866854,1.090565458941318,일반형,이문2동,동대문구,0.994011976047904,0.996007984031936,9369868027,3394045,449,,0.12768604270118605,0.4117689744276267,0.1969677806220824,0.23437339839493132,0.0269574222680778,0.0022463815860957375,일반의원 · 한식음식점 · 의약품
11140650,4,0,0,0.21683838962184096,1.111097983566297,일반형,신당5동,중구,0.8982035928143712,0.9131736526946108,26917215712,3133863,720,,0.0002149329656492222,0.28510067174513865,0.20645165579003702,0.3872721371903534,0.11770405464290094,0.0032565476659207893,한식음식점 · 일반의원 · 슈퍼마켓
11260565,4,0,0,0.20721674649672966,1.0825869628288636,일반형,면목본동,중랑구,0.997005988023952,0.999001996007984,61266741523,9954963,1546,,0.011770469410867545,0.18611707493402938,0.3966775988058124,0.34564787347226716,0.05435087130837422,0.005436112068649341,한식음식점 · 육류판매 · 반찬가게
11680565,4,0,0,0.20589924843260507,1.085270124057741,일반형,청담동,강남구,0.6017964071856288,0.6397205588822356,304226566513,9144809,4440,,0.037368110902682175,0.33970766229774285,0.3930476475790959,0.18175069401980462,0.038266408684931655,0.009859476515742838,일반의류 · 일반의원 · 한식음식점
11215850,4,0,0,0.1818335195015274,1.0747041509157809,일반형,구의1동,광진구,0.8203592814371258,0.8313373253493014,61376274551,6680759,1385,,0.011981394184962284,0.36862883026893284,0.23675051935460376,0.27798485383505595,0.09094762708938404,0.013706775267061126,한식음식점 · 철물점 · 슈퍼마켓
11260655,4,0,0,0.17530038868618303,1.0708280063744056,일반형,망우본동,중랑구,0.781437125748503,0.8103792415169662,72746702458,11290836,1911,,0.005407645263744032,0.31021484664585347,0.3425431863167518,0.27486301080855513,0.058001853079678464,0.008969457885417104,한식음식점 · 의약품 · 일반의원
11215860,4,0,0,0.1650492242208232,1.0689340919742927,일반형,구의2동,광진구,0.8802395209580839,0.907185628742515,31461447756,4877442,939,,0.057568687780891706,0.3521653951187611,0.21913518263587184,0.30679153206353166,0.04798777515608999,0.01635142724485371,한식음식점 · 의약품 · 세탁소
11140520,4,0,0,0.1621991098476297,1.0654957121212574,일반형,소공동,중구,0.8712574850299402,0.8862275449101796,180541098056,2542035,2681,,0.0011828730870671845,0.06773345782026277,0.253628353189681,0.4700015006316175,0.09675439722085746,0.11069941805051409,한식음식점 · 시계및귀금속 · 커피-음료
11170685,4,0,0,0.15790054013623994,1.0666674974458341,일반형,한남동,용산구,0.8622754491017964,0.8882235528942116,93688601062,4379717,2297,,0.02300857452843669,0.19335235696402547,0.21212037795129993,0.42039047676606667,0.12098121797655154,0.0301469958136197,한식음식점 · 일반의류 · 양식음식점
11710680,4,0,0,0.15504605510311936,1.0682250939952902,일반형,잠실3동,송파구,0.5059880239520959,0.5289421157684631,99129036900,3450782,1520,,0.03970816395574201,0.18311084202614702,0.5521838380737865,0.19653052998641612,0.010115463897944921,0.018351162059963483,완구 · 시계및귀금속 · 일반의원
11260620,4,0,0,0.1432927327986543,1.06018538154253,일반형,묵1동,중랑구,0.9820359281437124,0.9860279441117764,45076371888,6861147,1040,,0.035922659082308975,0.22169000796757293,0.4540518757111555,0.23838034011917814,0.030513339991459252,0.019441777128325212,신발 · 한식음식점 · 일반의원
11740610,4,0,0,0.13288706915276713,1.0631386269242082,일반형,천호2동,강동구,0.7245508982035929,0.7445109780439122,145293691119,10996301,2891,,0.07245330512925063,0.3474275698636916,0.2802429158926873,0.23091928320907346,0.05514634906919382,0.013810576836103237,일반의류 · 의약품 · 한식음식점
11350700,4,0,0,0.12141575056490665,1.0522056146578649,일반형,상계8동,노원구,0.6227544910179641,0.6736526946107785,13716090451,999826,373,하위 5% 규모: 잔차 과장 가능,0.09962655261582745,0.5065006440296185,0.11395972150985927,0.18345623754737952,0.07607259756178754,0.020384246735527745,일반의원 · 의약품 · 치과의원
11110540,4,0,0,0.11473189744630628,1.07399599614099,일반형,삼청동,종로구,0.7305389221556886,0.7664670658682634,38345074586,974927,714,하위 5% 규모: 잔차 과장 가능,0.010523566751577788,0.021882220521390015,0.2511604668391034,0.491124738896081,0.021680979629741904,0.20362802736210592,한식음식점 · 커피-음료 · 일반의류
11215820,4,0,0,0.11030546519357498,1.0470396455537319,일반형,자양1동,광진구,0.6197604790419161,0.6307385229540917,44970439668,7523250,1230,,0.016472192521771366,0.39125882381622085,0.34188201837706794,0.20050410319684137,0.04031734162230473,0.009565520465793814,일반의원 · 한식음식점 · 의약품
11230730,4,0,0,0.10558500915312276,1.0609015191711133,일반형,휘경2동,동대문구,1.0,1.0,14760610838,4420776,558,,0.17633672370110892,0.5115636153458217,0.14563574540328925,0.12735841034168996,0.0239630871568948,0.015142418051195287,의약품 · 편의점 · 외국어학원
11110600,4,0,0,0.1050665349909889,1.060645665943446,일반형,가회동,종로구,0.6976047904191617,0.7275449101796406,30409432895,1171993,610,하위 5% 규모: 잔차 과장 가능,0.01036256654598162,0.00981660085641002,0.07513506824968365,0.6287720420180496,0.07161383231050222,0.20429989001937288,한식음식점 · 커피-음료 · 양식음식점
11140550,4,0,0,0.09850166890586069,1.046042563260102,일반형,명동,중구,0.9131736526946108,0.9191616766467066,268609825638,5774872,4294,,0.012880449982729683,0.13917095640566732,0.2714552993317036,0.4633800658161462,0.03541784857796401,0.07769537988578916,한식음식점 · 커피-음료 · 화장품
11230660,4,0,0,0.08687323980315506,1.037794010203759,일반형,장안2동,동대문구,0.9760479041916168,0.9850299401197604,100573890106,8058972,1956,,0.09753328104005396,0.21415562398252175,0.44541533296351543,0.18609917306841256,0.04548253403720241,0.011314054908293894,슈퍼마켓 · 조명용품 · 한식음식점
11260680,4,0,0,0.08581916020933421,1.0404755947926272,일반형,신내1동,중랑구,0.8053892215568862,0.8502994011976049,36706234831,4878033,1230,,0.11286152377310278,0.3063127880254366,0.1036398832654763,0.35252025666963455,0.09391269491058522,0.03075285335576455,한식음식점 · 의약품 · 일반교습학원
11260520,4,0,0,0.08291910584089854,1.0473381336012761,일반형,면목2동,중랑구,0.9910179640718564,0.994011976047904,26817584673,5699307,1063,,0.05056807954690037,0.2316324280409218,0.35642722689428236,0.3204925951311827,0.03384871587313064,0.0070309545135821185,한식음식점 · 슈퍼마켓 · 의약품
11740650,4,0,0,0.07994894827166342,1.0391670235200454,일반형,성내2동,강동구,0.6736526946107785,0.6906187624750499,58301128830,8151201,1416,,0.004713913289764342,0.4111721480710822,0.24458381237487267,0.274594795817438,0.04540214565516158,0.01953318479168116,한식음식점 · 일반의원 · 의료기기
11110650,4,0,0,0.078647125368662,1.034200318731455,일반형,혜화동,종로구,0.7604790419161677,0.7904191616766467,53380124553,9250213,1331,,0.033220149050782605,0.10814935572636374,0.1522393566341591,0.5299881084187174,0.08534697502394567,0.09105605514603153,한식음식점 · 커피-음료 · 분식전문점
11290555,4,0,0,0.03822975582110116,1.025267893688231,일반형,삼선동,성북구,0.7694610778443114,0.8043912175648703,60224100900,10201987,1436,,0.049787735594073436,0.3148128284468918,0.2986199462381679,0.26461890166632607,0.053639032259923704,0.0185215557946171,한식음식점 · 일반의원 · 의약품
11200520,4,0,0,0.030383860731078245,1.0179669317599194,일반형,왕십리2동,성동구,0.8892215568862275,0.907185628742515,13725661749,4634683,535,,0.04496714411929663,0.3626922017339304,0.3295396472472112,0.2190158407640357,0.035783399735592594,0.008001766399933451,일반의원 · 한식음식점 · 미곡판매
11200560,4,0,0,0.029817513635647084,1.017943135530581,일반형,행당1동,성동구,0.9670658682634732,0.9840319361277444,42718825214,6771746,1086,,0.07372721876648937,0.4023872381529485,0.12189083138207481,0.34505553479427664,0.03697626742044236,0.019962909483768276,한식음식점 · 일반의원 · 의약품
11215710,4,0,0,0.025648894939035088,1.0164455676348432,일반형,화양동,광진구,0.9820359281437124,0.9890219560878244,84693721210,8980586,2151,,0.011856941986408203,0.15954431417053566,0.14433786563338089,0.4524836650520814,0.16213321133867795,0.06964400181891595,한식음식점 · 호프-간이주점 · 일반의원
11260590,4,0,0,0.023501462657828015,1.016058064815139,일반형,상봉2동,중랑구,1.0,1.0,70363047726,6224381,1622,,0.007409220917066107,0.25368717642121313,0.23419583590480134,0.37607952054671917,0.11356725860024468,0.015060987609955593,한식음식점 · 일반의원 · 슈퍼마켓
11215730,4,0,0,0.018516090934808493,1.0165604057320352,일반형,군자동,광진구,0.9311377245508982,0.9540918163672656,46835445983,6843014,1278,,0.020707651921410764,0.3157983181235975,0.21396537811633973,0.3473126894084518,0.07090311409024168,0.03131284833995855,한식음식점 · 의료기기 · 슈퍼마켓
11290575,4,0,0,0.012869265061715634,1.0117103399382654,일반형,동선동,성북구,0.7155688622754491,0.7425149700598803,66621263124,7752129,1710,,0.06052170302588392,0.2038066270633143,0.11432032688759262,0.34394027507931524,0.15065620284500808,0.12675486509888587,한식음식점 · 커피-음료 · 호프-간이주점
11410520,4,0,0,0.002691965601134466,1.0304320799683016,일반형,천연동,서대문구,0.6227544910179641,0.6776447105788422,19004151548,3212534,573,,0.024864844863317758,0.2590905965237991,0.3317905475061096,0.3365592386403127,0.0376728335485909,0.010021938917869969,한식음식점 · 육류판매 · 의약품
11200790,4,0,0,-0.009878688341872416,1.0160882395595459,일반형,용답동,성동구,1.0,1.0,37314199839,2756340,1147,,0.15020491799859012,0.2749744044431042,0.2724281509146902,0.26393265862575527,0.022719927176729188,0.015739940841131003,한식음식점 · 문구 · 슈퍼마켓
11290705,4,0,0,-0.01042727339828485,1.0085781176024853,일반형,종암동,성북구,0.7724550898203593,0.7784431137724551,38265666519,11055108,1274,,0.05823962718363855,0.3204554361521796,0.2337662838711679,0.2835394681447075,0.07476233217000194,0.029236852478304536,한식음식점 · 일반의원 · 미곡판매
11350600,4,0,0,-0.04179202312218269,0.9930534503275029,일반형,공릉2동,노원구,0.8922155688622755,0.9301397205588824,41768789327,8198449,1287,,0.09997367460925449,0.25889876312526333,0.22562190544288074,0.31714703125084426,0.06661124118820214,0.03174738438355503,한식음식점 · 일반의원 · 슈퍼마켓
11260690,4,0,0,-0.042876360942574694,0.9958109046796306,일반형,신내2동,중랑구,0.7934131736526946,0.8073852295409182,34615908759,1718239,681,하위 5% 규모: 잔차 과장 가능,0.14504280280362752,0.32371940783113273,0.18928529306041786,0.2014754352848449,0.13035456539406348,0.010122495625913549,일반의원 · 일반교습학원 · 슈퍼마켓
11140635,4,0,0,-0.04437569606556685,0.9964099206144831,일반형,약수동,중구,0.9520958083832336,0.9580838323353292,30841090583,1923163,632,,0.06634962234856713,0.39850228748961747,0.2527647423498377,0.23011505400240145,0.04039706594184935,0.011871227867726923,일반의원 · 한식음식점 · 슈퍼마켓
11170530,4,0,0,-0.05208021231559045,0.9959271588402621,일반형,남영동,용산구,0.6856287425149701,0.7235528942115769,65664426522,1871643,1170,하위 5% 규모: 잔차 과장 가능,0.01255508901343695,0.1345621054048136,0.09356033133011027,0.5201288149765104,0.1720180414157063,0.0671756178594225,한식음식점 · 호프-간이주점 · 일반의원
11110700,4,0,0,-0.08036028719231736,0.9902051172623823,일반형,숭인1동,종로구,0.9491017964071856,0.9640718562874252,4386583533,2309254,259,하위 5% 규모: 잔차 과장 가능,0.04023593570536481,0.4431298078280549,0.1984035864021924,0.2878331780305801,0.02204951194303405,0.008347980090773754,한식음식점 · 핸드폰 · 일반의원
11320690,4,0,0,-0.09474853912863294,0.9736047945896242,일반형,방학1동,도봉구,0.6197604790419161,0.6307385229540917,62232465977,6491419,1580,,0.07576771207720834,0.37080876309045185,0.2329202937154566,0.24174745234360778,0.05925795356338495,0.019497825209890445,한식음식점 · 자동차수리 · 일반의원
11200550,4,0,1,-0.09977345385824365,1.0131879709140579,일반형,사근동,성동구,0.9670658682634732,0.9790419161676648,36655134129,4595770,705,,0.0623582028088014,0.020830420325645947,0.21913821307354028,0.47855980797303277,0.17362620820325522,0.04548714761572439,한식음식점 · 편의점 · PC방
11290810,4,0,0,-0.10938427182262735,0.9723156873195506,일반형,석관동,성북구,0.9850299401197604,0.9880239520958084,45506672764,10318531,1286,,0.005088782829739119,0.28744764289487046,0.19574282101869556,0.4260201499797789,0.06651320079358725,0.019187402483328696,한식음식점 · 의약품 · 일반의원
11290780,4,1,2,-0.1352025815547872,1.0360828790996106,일반형,장위3동,성북구,0.8952095808383234,0.8972055888223552,6493400019,3971878,400,,0.10762526302940216,0.32137719821570104,0.3418794365824207,0.19293153391663856,0.019300993567819804,0.016885574688017692,슈퍼마켓 · 한식음식점 · 일반의원
11215750,4,0,0,-0.15935424007976665,0.9646801394517592,일반형,중곡2동,광진구,0.9191616766467066,0.934131736526946,40723679033,4707238,1159,,0.05553210907510199,0.42063388433346316,0.2159231392840155,0.2301289960174213,0.07124051094816515,0.006541360341832944,한식음식점 · 일반의원 · 의약품
11170520,4,0,1,-0.1604202674024656,0.9652393613319348,일반형,용산2가동,용산구,0.7335329341317365,0.7714570858283433,15051073494,4761506,604,,0.005283549710371244,0.08188076488306861,0.34667039856526,0.4631381989981531,0.020189861747810824,0.08283722609533621,양식음식점 · 슈퍼마켓 · 한식음식점
11260550,4,1,0,-0.1762024723082127,0.9800424802551913,일반형,면목5동,중랑구,0.9730538922155688,0.9810379241516964,6389660401,2362972,437,,0.018796784095317993,0.46316615191893984,0.1684558462342606,0.316765555440667,0.03281566231081457,0.0,자동차수리 · 한식음식점 · 슈퍼마켓
11215810,4,0,0,-0.1849171989728003,0.9431894671818949,일반형,광장동,광진구,0.8323353293413174,0.8542914171656687,40947235441,6141905,1040,,0.10565860242833384,0.2327493750764252,0.37524714473433946,0.2044420796139481,0.03097487245085245,0.05092792569610097,일반의류 · 일반의원 · 한식음식점
11260610,4,0,0,-0.18735524728814554,0.945765579338864,일반형,중화2동,중랑구,1.0,1.0,43049812238,7807056,1199,,0.006769188106766488,0.22575203975968616,0.21937225732343274,0.44867073833484716,0.0961492148471284,0.0032865616281390108,한식음식점 · 반찬가게 · 슈퍼마켓
11440555,4,0,0,-0.19184426259846715,0.9410947207633436,일반형,아현동,마포구,0.5359281437125748,0.5738522954091816,36509402289,7711312,1275,,0.047430465344039205,0.600357616142183,0.19971000103709752,0.12338689426743248,0.01426137875056024,0.014853644458687566,일반의원 · 의약품 · 한식음식점
11290715,4,0,0,-0.19825058580829555,0.9395807335897308,일반형,월곡1동,성북구,0.6856287425149701,0.6926147704590818,17306431159,7990456,836,,0.05151171364041711,0.45896670798411837,0.24450505393767763,0.20576642875028003,0.016401383473702926,0.02284871221380392,의약품 · 한식음식점 · 슈퍼마켓
11200720,4,0,0,-0.20834339133208474,0.94269174921916,일반형,송정동,성동구,0.7245508982035929,0.7435129740518961,6639254427,3275272,459,,0.0,0.30949068582817846,0.4282339347378651,0.21331948271787476,0.03644504554848565,0.01251085116759602,한식음식점 · 슈퍼마켓 · 조명용품
11200615,4,0,0,-0.2087092617655242,0.9384675106982765,일반형,금호2·3가동,성동구,0.9850299401197604,0.9900199600798404,16737813459,5454810,805,,0.038714920834033176,0.28383491587101456,0.25022193539551024,0.3843016635211265,0.03402849675647111,0.008898067621844441,한식음식점 · 일반의원 · 의약품
11350640,4,0,1,-0.23057171526687434,0.9495236953694428,일반형,상계2동,노원구,0.6916167664670658,0.7105788423153693,94836299343,10163366,2383,,0.024295355259136515,0.2502676000057553,0.2568520798760793,0.35330510288909894,0.07596217880608112,0.03931768316384884,한식음식점 · 일반의류 · 일반의원
11215770,4,0,0,-0.23132272025342815,0.9372656469025735,일반형,중곡4동,광진구,0.8532934131736527,0.8842315369261476,35538769238,6389649,982,,0.01546997616372547,0.46354434872734185,0.22635712033601968,0.2078537558948878,0.056080237687830534,0.0306945611901947,일반의원 · 핸드폰 · 한식음식점
11260540,4,0,0,-0.23521846474682337,0.9278018723226762,일반형,면목4동,중랑구,0.9880239520958084,0.9890219560878244,13116781562,4493472,525,,0.21735531955944912,0.2374403731036228,0.3551160285762789,0.1221007712471045,0.04951772070990901,0.018469786803635726,문구 · 슈퍼마켓 · 편의점
11230600,4,0,0,-0.24753352957995112,0.9248325228343577,일반형,답십리1동,동대문구,1.0,1.0,42030291531,6767873,1137,,0.0582023871329973,0.13928098815784537,0.6206503355029036,0.13375972726369142,0.033992963050142495,0.014113598892419732,조명용품 · 일반의류 · 육류판매
11680521,4,0,0,-0.2513567848546682,0.9218350651342044,일반형,논현1동,강남구,0.5299401197604791,0.6017964071856288,260554044768,9197399,4191,,0.007931474135587117,0.3655163326050063,0.3254147925183669,0.22907988606028562,0.04790504151687213,0.024152473163881888,일반의원 · 한식음식점 · 가구
11140680,4,0,0,-0.25297202908459865,0.9318026294800312,일반형,중림동,중구,0.6077844311377245,0.6506986027944112,27048232056,1945691,626,,0.0022801911367925747,0.3315412358350701,0.21009979788085267,0.37219306822557524,0.05440377910664876,0.029481927815060593,한식음식점 · 의료기기 · 일반의원
11320522,4,0,0,-0.25698899622270976,0.926628023609946,일반형,도봉2동,도봉구,0.6107784431137725,0.6287425149700598,13380603185,3037470,896,,0.10234397994368144,0.24566901861980597,0.20430931619470188,0.32899584406889354,0.09518153833511206,0.023500302837805142,한식음식점 · 슈퍼마켓 · 의약품
11215840,4,0,0,-0.2748831095497202,0.9140111582952246,일반형,자양3동,광진구,0.8922155688622755,0.9021956087824352,41510736780,6560805,1187,,0.11567705014365201,0.18142359365754432,0.3137280951195875,0.2664818457361045,0.03851180537875291,0.08417760996435872,한식음식점 · 편의점 · 일반의원
11110670,4,0,0,-0.2822389604553332,0.9202019665040881,일반형,창신1동,종로구,0.9760479041916168,0.9830339321357284,76272544094,2847894,1538,,0.38830719927866997,0.14650211094609356,0.3002880116962262,0.13592233340510185,0.020776835463190757,0.008203509210717688,문구 · 신발 · 한식음식점
11290760,4,0,0,-0.28511437784622984,0.9116910781732912,일반형,장위1동,성북구,0.6077844311377245,0.6147704590818363,10970401438,6547080,656,,0.020160124153152253,0.19040497030168935,0.35538959344689025,0.3371560950530095,0.08401398209617641,0.01287523494908227,한식음식점 · 슈퍼마켓 · 편의점
11290725,4,0,0,-0.30203585592699145,0.9059640845768235,일반형,월곡2동,성북구,0.8562874251497006,0.8772455089820359,28694438382,6476470,969,,0.06146990934335409,0.25627423670410415,0.20356288247356435,0.3840002148957201,0.06168194409095928,0.033010812492297974,한식음식점 · 의약품 · 슈퍼마켓
11350560,4,0,0,-0.30336184703465346,0.9133842202056837,일반형,월계1동,노원구,0.9700598802395208,0.9760479041916168,24199024382,4573146,905,,0.00978447350861469,0.27305785455198106,0.17684817720103077,0.43551920745364203,0.06992188045641186,0.03486840682831955,한식음식점 · 의약품 · 편의점
11350595,4,0,0,-0.30812483116815637,0.9066196008211692,일반형,공릉1동,노원구,1.0,1.0,72371761036,10139716,2049,,0.02164552729649291,0.22105190753949086,0.2125529767521906,0.43384490394508407,0.07094401680299053,0.039960667663751004,한식음식점 · 반찬가게 · 의약품
11170650,4,0,0,-0.3115846735508973,0.9059207575169914,일반형,이태원1동,용산구,0.8233532934131736,0.8323353293413174,83354980644,2476459,1549,,0.00028441211091213267,0.01969723528594189,0.33832536558845633,0.4425755926278348,0.16364154024888314,0.03547585413797172,양식음식점 · 한식음식점 · 호프-간이주점
11200580,4,0,0,-0.3571218689569091,0.8884573184852264,일반형,응봉동,성동구,0.5868263473053892,0.6047904191616766,2554899779,2747744,271,하위 5% 규모: 잔차 과장 가능,0.3065403826942051,0.16591170678558348,0.3033469415787992,0.1402283819290275,0.04840438870302943,0.03556819830935529,일반교습학원 · 슈퍼마켓 · 한식음식점
11200645,4,0,0,-0.35822432835264095,0.8923101307573467,일반형,옥수동,성동구,0.7544910179640718,0.8063872255489022,10326405769,2805400,809,,0.27208415249714557,0.32178477345673634,0.06015946544197822,0.24913427339095684,0.07023532613615621,0.026602009077026808,한식음식점 · 일반의원 · 일반교습학원
11290580,4,0,0,-0.3646285822439854,0.9115568692441938,일반형,돈암1동,성북구,0.5538922155688623,0.5848303393213573,8758323312,2268425,343,하위 5% 규모: 잔차 과장 가능,0.3923072602597706,0.43785547420311993,0.09179548988542752,0.03793984215503005,0.040073310780742735,2.862271590916579e-05,일반교습학원 · 의약품 · 일반의원
11110530,4,0,0,-0.3986334105066756,0.8792596520144489,일반형,사직동,종로구,0.6916167664670658,0.7285429141716567,111331653373,3910218,2655,,0.04289441304711773,0.07120651715680508,0.11437076888043424,0.5810051774609425,0.0781633927940067,0.11235973066069378,한식음식점 · 커피-음료 · 호프-간이주점
11290525,4,0,1,-0.4085562207938335,0.8894766791644467,일반형,성북동,성북구,0.7365269461077845,0.7574850299401197,29439475206,4206870,998,,0.08632987589676941,0.24768404551973452,0.2059059542530352,0.39403419506730186,0.017981560245072258,0.04806436901808677,한식음식점 · 일반의원 · 슈퍼마켓
11410565,4,0,0,-0.44539924871652503,0.8643468131745395,일반형,충현동,서대문구,0.7125748502994012,0.7514970059880239,30723570402,10746254,1070,,0.010303582912336023,0.12294196451054777,0.21427792013949798,0.5229071980173953,0.08011040607571375,0.04945892834450914,한식음식점 · 편의점 · 커피-음료
11215847,4,0,0,-0.45299347656708966,0.8597250801785776,일반형,자양4동,광진구,0.9251497005988024,0.935129740518962,43574051716,8810461,1486,,0.004519494199977921,0.20870077330129913,0.26882502940847247,0.41675551205012024,0.07874155998534639,0.02245763105478387,한식음식점 · 중식음식점 · 편의점
11200650,4,0,1,-0.48046413615304434,0.8631868054390736,일반형,성수1가1동,성동구,0.7874251497005988,0.8083832335329341,18054488280,2972249,1114,,0.04158411229143959,0.1640106880392846,0.23885973299931157,0.451347037790428,0.05325243712750634,0.05094599175202987,한식음식점 · 슈퍼마켓 · 양식음식점
11350612,4,0,0,-0.502208377424787,0.8451618053790071,일반형,하계2동,노원구,0.8892215568862275,0.8962075848303392,2445995318,2564244,280,하위 5% 규모: 잔차 과장 가능,0.10750678836745017,0.49087743961086355,0.39159369069569083,0.010022081325995408,0.0,0.0,슈퍼마켓 · 일반의원 · 의약품
11320514,4,0,0,-0.509467537911244,0.845152878156458,일반형,창4동,도봉구,0.6706586826347305,0.6886227544910181,24734602257,3460963,949,,0.0780010379772326,0.23305419772289326,0.1329725343397908,0.3940585940993488,0.1412672199332063,0.02064641592752821,한식음식점 · 편의점 · 호프-간이주점
11290685,4,0,0,-0.5342673630708645,0.8401527430881344,일반형,길음2동,성북구,0.6287425149700598,0.655688622754491,24386185115,4857812,1062,,0.08357438346297077,0.3188140735148356,0.2622427895073411,0.3013244442846509,0.012618083826925792,0.021426225403275833,의약품 · 패스트푸드점 · 한식음식점
11200535,4,0,1,-0.5418007910821185,0.8538993014063057,일반형,왕십리도선동,성동구,0.9790419161676648,0.9880239520958084,48245035576,5511049,1758,,0.009508846962654378,0.13891538832928066,0.43540780538774826,0.3083892438334389,0.09564759617040354,0.01213111931647423,한식음식점 · 육류판매 · 편의점
11215780,4,0,0,-0.5447686830625778,0.8523795872012425,일반형,능동,광진구,0.9461077844311376,0.9700598802395208,23091593954,2012058,613,,0.016128295333007397,0.18931375069683073,0.2293049172156771,0.4083260398040515,0.11700601835379043,0.03992097859664279,한식음식점 · 호프-간이주점 · 의약품
11215830,4,0,1,-0.5812532892487478,0.8289356206083376,일반형,자양2동,광진구,0.9041916167664672,0.9121756487025948,18500629805,5100964,1056,,0.0681492862291236,0.3089282062416793,0.26654441443216587,0.2739084669231346,0.05790584030336474,0.02456378587053188,한식음식점 · 의약품 · 슈퍼마켓
11740620,4,0,0,-0.5835077762657588,0.8217167262817329,일반형,천호3동,강동구,0.5808383233532934,0.6057884231536926,41213714765,7473454,1381,,0.002030264912471789,0.3627684887239744,0.26478646739865164,0.2758161568016083,0.08808254782902727,0.006516074334266578,일반의원 · 한식음식점 · 의약품
11320511,4,0,1,-0.6000642713397664,0.8273072980775216,일반형,창1동,도봉구,0.6706586826347305,0.6936127744510978,30682685938,3357329,713,,0.03125549210189227,0.4161252731198229,0.1946391137355975,0.2809274806129263,0.04365161334657598,0.03340102708318508,일반의원 · 치과의원 · 한식음식점
11290770,4,0,1,-0.6455221352663744,0.8533243464491465,일반형,장위2동,성북구,0.937125748502994,0.9510978043912176,14118815886,6084675,660,,0.007092936391308927,0.4148126041368226,0.2854095856576566,0.2647036892595116,0.020032165323470952,0.007949019231229319,한식음식점 · 일반의원 · 의약품
11260575,4,0,0,-0.6613809176987719,0.8060831494485812,일반형,면목3·8동,중랑구,0.9850299401197604,0.992015968063872,43134862522,6471946,1288,,0.013923618852237685,0.47128490340340673,0.18664560527795346,0.22159238001801831,0.08826867819639135,0.018284814251992437,의약품 · 한식음식점 · 일반의원
11230560,4,0,1,-0.6819853351151219,0.8058897007985169,일반형,전농1동,동대문구,1.0,1.0,51580097296,11037456,1923,,0.014544458702643391,0.25866653221754715,0.4862838072417738,0.17844041714736666,0.04593202345866316,0.01613276123200588,슈퍼마켓 · 한식음식점 · 일반의원
11350670,4,0,1,-0.71813710439101,0.7886387271877573,일반형,상계5동,노원구,0.5329341317365269,0.5838323353293413,25163604977,5306644,1167,,0.09231994998822143,0.26871802025904135,0.32759659355385373,0.23484277790886415,0.05759800033917056,0.01892465795084874,슈퍼마켓 · 한식음식점 · 일반교습학원
11260580,4,0,2,-0.7414861463254767,0.8179122698007864,일반형,상봉1동,중랑구,0.994011976047904,0.996007984031936,24573448129,5188135,825,,0.014310569284128811,0.12611865037135586,0.23646574520172825,0.5553734055292864,0.026441561704691932,0.04129006790880878,패스트푸드점 · 슈퍼마켓 · 한식음식점
11215760,4,0,1,-0.7777142314367037,0.7743763232151037,일반형,중곡3동,광진구,0.9580838323353292,0.9770459081836328,17371095329,4252517,783,,0.029314314978738553,0.3908878364546335,0.18189123202410584,0.23848633126109764,0.11188747751301918,0.04753280776840529,일반의원 · 한식음식점 · 의약품
11200590,4,0,0,-0.7835545640004971,0.7686761783439925,일반형,금호1가동,성동구,0.940119760479042,0.9580838323353292,5985321219,3089717,413,,0.19556539393144975,0.3581852310941108,0.17949579557895404,0.2422479352314942,0.018236478712872903,0.006269165451118289,일반의원 · 한식음식점 · 일반교습학원
11290610,4,0,2,-0.9378217068234471,0.7529274491519967,일반형,보문동,성북구,0.8982035928143712,0.9111776447105788,14504620674,5095415,723,,0.06350135220364882,0.2508492752604059,0.29684340044258645,0.2921551665667503,0.07247835794040704,0.02417244758620152,한식음식점 · 슈퍼마켓 · 편의점
11350580,4,0,3,-0.9509772945777404,0.7245276717027119,통과형,월계3동,노원구,0.8383233532934131,0.8493013972055888,9315407735,2300869,580,,0.04162978068506413,0.3334722472027146,0.17199046253019434,0.38774899701156235,0.0336728785173245,0.031485634053140026,한식음식점 · 의약품 · 슈퍼마켓
11290660,4,0,2,-0.974218430401292,0.7212251698459046,일반형,길음1동,성북구,0.6526946107784432,0.6796407185628742,13729519245,6201426,909,,0.319088214876529,0.31375889855493627,0.1763055433919529,0.1372662258138668,0.04351856524164842,0.01006255212106664,일반의원 · 일반교습학원 · 예술학원
11200570,4,0,2,-1.1315966079596924,0.6883401695960021,일반형,행당2동,성동구,0.9880239520958084,0.9920159680638724,5833741677,4292517,498,,0.17187087147739674,0.4786828228973019,0.20032479268107983,0.13190068511838907,0.015863788820966677,0.0013570390048657616,일반의원 · 편의점 · 치과의원
11140590,4,0,3,-1.1343019939419405,0.6761647299342874,통과형,광희동,중구,0.9730538922155688,0.9810379241516964,176129155339,6670949,4885,,0.011604344090937854,0.05788905332780147,0.6480923608036199,0.2276426775387024,0.03754138765540248,0.017230176583535928,청과상 · 운동/경기용품 · 한식음식점
11740685,4,0,3,-1.1348105043762873,0.6769561153142165,통과형,길동,강동구,0.5598802395209581,0.5798403193612774,110895860307,18073434,2729,,0.030795508863412743,0.30095430642412646,0.3118806349691742,0.262665066417825,0.0689947041198709,0.024709779205590702,한식음식점 · 의약품 · 일반의원
11350570,4,0,1,-1.1516304717693755,0.6974855670019581,일반형,월계2동,노원구,0.8413173652694611,0.8473053892215568,4778671939,3670360,459,,0.07827717172781633,0.16846979626905917,0.487207532285049,0.220079400809439,0.02753611394121692,0.018429984967419627,슈퍼마켓 · 화장품 · 육류판매
11320515,4,0,2,-1.175931060265257,0.6921973197196224,일반형,창5동,도봉구,0.6796407185628742,0.7035928143712574,61180128406,3752012,1888,,0.055358169249410255,0.47141239816638775,0.24694769641114897,0.15804626382660097,0.052897839385420656,0.015337632961031416,일반의원 · 의약품 · 일반의류
11230610,4,0,2,-1.1945761801553065,0.6723366482939388,일반형,답십리2동,동대문구,0.997005988023952,0.999001996007984,29056777692,5711539,1619,,0.032479037283608785,0.3610272287311548,0.1900871735519626,0.3515218790352027,0.04491306547591836,0.019971615922152748,한식음식점 · 의약품 · 일반의원
11140615,4,0,2,-1.4726206100796873,0.6218929460697249,일반형,신당동,중구,0.9670658682634732,0.9740518962075848,107638517081,5268914,9992,,0.0,0.04115043801343728,0.809445565748875,0.1336045463649228,0.006354416881136445,0.009445032991628381,일반의류 · 한식음식점 · 슈퍼마켓
11680590,4,0,4,-1.5138496630185108,0.6150249716159252,통과형,삼성2동,강남구,0.5059880239520959,0.5259481037924152,92938918999,8719348,2929,,0.07242889367017954,0.20955195755192238,0.24431859507903592,0.3344999451449882,0.07553741570929545,0.06366319284457853,한식음식점 · 일반의원 · 편의점
11680531,4,0,4,-1.8291553680211758,0.5317210889173997,통과형,논현2동,강남구,0.6107784431137725,0.6487025948103793,203485513107,11457248,4465,,0.008401151663809486,0.20461144835950348,0.36565239517997133,0.3331814520886781,0.058243522593020874,0.029910030115016722,한식음식점 · 운동/경기용품 · 일반의원
11200540,4,0,4,-1.893066875685349,0.5205438325850821,통과형,마장동,성동구,1.0,1.0,29063520125,4952140,2216,,0.04509595101911283,0.3726405291726513,0.1400884544779484,0.35942204096655345,0.058577058617740305,0.02417596574599375,한식음식점 · 철물점 · 슈퍼마켓
11200690,4,0,4,-2.08932546266749,0.48720270999945486,통과형,성수2가3동,성동구,0.9790419161676648,0.9830339321357288,118202449021,6050654,3152,,0.025729541115173338,0.1364451701092475,0.4454751992714214,0.2991483799774562,0.04266595086455455,0.05053575866214709,한식음식점 · 일반의류 · 컴퓨터및주변장치판매
11110690,4,0,4,-5.575207768878665,0.1502191321084418,통과형,창신3동,종로구,0.9101796407185628,0.9321357285429142,571412165,815624,158,하위 5% 규모: 잔차 과장 가능,0.0,0.13584742634941976,0.14022457327277937,0.21267668321342093,0.43143928341112586,0.0798120337532541,스포츠클럽 · 한식음식점 · 미용실
