area_code,area_name,area_type_name,primary_admin_name,primary_district_name,ratio_08,ratio_14,ratio_19,minimum_period_ratio,access_tier,in_50pct,in_80pct,first_dropped_at,top10_purposes_at_25pct,study_top10_at_25pct
3110566,경의선책거리,골목상권,서교동,마포구,0.3383233532934132,0.2514970059880239,0.2994011976047904,0.2514970059880239,exploration_25pct_all_periods,False,False,50pct,카페,False
3110832,노량진초등학교,골목상권,노량진1동,동작구,0.3263473053892216,0.2514970059880239,0.311377245508982,0.2514970059880239,exploration_25pct_all_periods,False,False,50pct,,False
3120102,서교동(홍대),발달상권,서교동,마포구,0.3233532934131736,0.2514970059880239,0.3053892215568862,0.2514970059880239,exploration_25pct_all_periods,False,False,50pct,카페,False
3120153,노량진역(노량진),발달상권,노량진1동,동작구,0.3263473053892216,0.2544910179640718,0.3083832335329341,0.2544910179640718,exploration_25pct_all_periods,False,False,50pct,,False
3111022,석촌중학교(방이육교),골목상권,가락본동,송파구,0.2604790419161676,0.2724550898203592,0.278443113772455,0.2604790419161676,exploration_25pct_all_periods,False,False,50pct,,False
3111029,오금역 4번,골목상권,가락2동,송파구,0.2604790419161676,0.2724550898203592,0.278443113772455,0.2604790419161676,exploration_25pct_all_periods,False,False,50pct,,False
3111035,오금공원(오주중학교),골목상권,오금동,송파구,0.2604790419161676,0.2724550898203592,0.278443113772455,0.2604790419161676,exploration_25pct_all_periods,False,False,50pct,,False
3120103,홍대입구역(홍대),발달상권,서교동,마포구,0.3413173652694611,0.2604790419161676,0.3173652694610778,0.2604790419161676,exploration_25pct_all_periods,False,False,50pct,,False
3120230,송파사거리(송파역),발달상권,석촌동,송파구,0.2694610778443114,0.2604790419161676,0.2754491017964072,0.2604790419161676,exploration_25pct_all_periods,False,False,50pct,,False
3120239,오금역,발달상권,가락본동,송파구,0.2604790419161676,0.2724550898203592,0.278443113772455,0.2604790419161676,exploration_25pct_all_periods,False,False,50pct,,False
3110971,선정릉역 4번,골목상권,역삼1동,강남구,0.3023952095808383,0.2664670658682634,0.2994011976047904,0.2664670658682634,exploration_25pct_all_periods,False,False,50pct,,False
3120232,송파나루역,발달상권,송파1동,송파구,0.2844311377245509,0.2664670658682634,0.281437125748503,0.2664670658682634,exploration_25pct_all_periods,False,False,50pct,,False
3110514,서대문우체국,골목상권,신촌동,서대문구,0.344311377245509,0.2694610778443114,0.3143712574850299,0.2694610778443114,exploration_25pct_all_periods,False,False,50pct,,False
3111018,풍납초등학교(풍납백제문화공원),골목상권,풍납1동,송파구,0.3023952095808383,0.278443113772455,0.3023952095808383,0.278443113772455,exploration_25pct_all_periods,False,False,50pct,,False
3110398,쌍문2동우체국,골목상권,쌍문2동,도봉구,0.344311377245509,0.281437125748503,0.3053892215568862,0.281437125748503,exploration_25pct_all_periods,False,False,50pct,,False
3110400,도봉구보건소,골목상권,쌍문2동,도봉구,0.344311377245509,0.281437125748503,0.3053892215568862,0.281437125748503,exploration_25pct_all_periods,False,False,50pct,,False
3110408,가인초등학교,골목상권,창5동,도봉구,0.344311377245509,0.281437125748503,0.3053892215568862,0.281437125748503,exploration_25pct_all_periods,False,False,50pct,,False
3130321,장신구 특화거리 상점가,전통시장,성내1동,강동구,0.2844311377245509,0.2904191616766467,0.3023952095808383,0.2844311377245509,exploration_25pct_all_periods,False,False,50pct,,False
3130138,수유프라자,전통시장,미아동,강북구,0.3952095808383233,0.2874251497005988,0.3203592814371258,0.2874251497005988,exploration_25pct_all_periods,False,False,50pct,,False
3111012,석촌역 6번,골목상권,석촌동,송파구,0.3023952095808383,0.2934131736526946,0.3083832335329341,0.2934131736526946,exploration_25pct_all_periods,False,False,50pct,,False
3111013,송파나루역 1번(송리단길),골목상권,송파1동,송파구,0.3023952095808383,0.2934131736526946,0.3083832335329341,0.2934131736526946,exploration_25pct_all_periods,False,False,50pct,,False
3111015,석촌역 3번,골목상권,송파1동,송파구,0.3023952095808383,0.2934131736526946,0.3083832335329341,0.2934131736526946,exploration_25pct_all_periods,False,False,50pct,,False
3120249,고덕역,발달상권,명일2동,강동구,0.2934131736526946,0.2994011976047904,0.3053892215568862,0.2934131736526946,exploration_25pct_all_periods,False,False,50pct,,False
3110071,한강미주맨션아파트,골목상권,이촌1동,용산구,0.4131736526946107,0.2964071856287425,0.374251497005988,0.2964071856287425,exploration_25pct_all_periods,False,False,50pct,,False
3130058,이촌종합시장,전통시장,이촌1동,용산구,0.4131736526946107,0.2964071856287425,0.374251497005988,0.2964071856287425,exploration_25pct_all_periods,False,False,50pct,,False
3110951,신사은행나무공원,골목상권,신사동,강남구,0.4610778443113772,0.2994011976047904,0.3622754491017964,0.2994011976047904,exploration_25pct_all_periods,False,False,50pct,,False
3111076,둔촌2동주민센터,골목상권,둔촌2동,강동구,0.3053892215568862,0.311377245508982,0.3173652694610778,0.3053892215568862,exploration_25pct_all_periods,False,False,50pct,,False
3130136,수유재래시장,전통시장,수유1동,강북구,0.4161676646706587,0.3053892215568862,0.3383233532934132,0.3053892215568862,exploration_25pct_all_periods,False,False,50pct,,False
3110525,홍은종합사회복지관,골목상권,홍은1동,서대문구,0.4461077844311377,0.311377245508982,0.3832335329341317,0.311377245508982,exploration_25pct_all_periods,False,False,50pct,,False
3130073,뚝도시장,전통시장,성수2가1동,성동구,0.311377245508982,0.3173652694610778,0.344311377245509,0.311377245508982,exploration_25pct_all_periods,False,False,50pct,,False
3110295,정릉우체국,골목상권,정릉2동,성북구,0.3802395209580838,0.3143712574850299,0.3203592814371258,0.3143712574850299,exploration_25pct_all_periods,False,False,50pct,,False
3110298,솔숲어린이공원,골목상권,정릉1동,성북구,0.3802395209580838,0.3143712574850299,0.3413173652694611,0.3143712574850299,exploration_25pct_all_periods,False,False,50pct,,False
3120223,휘문고교사거리,발달상권,대치2동,강남구,0.3323353293413174,0.3203592814371258,0.3413173652694611,0.3203592814371258,exploration_25pct_all_periods,False,False,50pct,,False
3120215,포스코사거리,발달상권,대치4동,강남구,0.3323353293413174,0.3233532934131736,0.3413173652694611,0.3233532934131736,exploration_25pct_all_periods,False,False,50pct,,False
3120222,삼성역,발달상권,대치2동,강남구,0.3323353293413174,0.3233532934131736,0.3413173652694611,0.3233532934131736,exploration_25pct_all_periods,False,False,50pct,,False
3110571,신수동주민센터,골목상권,신수동,마포구,0.437125748502994,0.3293413173652694,0.3802395209580838,0.3293413173652694,exploration_25pct_all_periods,False,False,50pct,,False
3111020,방이동고분군(방산고등학교),골목상권,방이1동,송파구,0.3293413173652694,0.3323353293413174,0.3473053892215569,0.3293413173652694,exploration_25pct_all_periods,False,False,50pct,,False
3111021,방이역 4번,골목상권,방이1동,송파구,0.3293413173652694,0.3323353293413174,0.3473053892215569,0.3293413173652694,exploration_25pct_all_periods,False,False,50pct,,False
3111030,방이역 2번,골목상권,오금동,송파구,0.3293413173652694,0.3323353293413174,0.3473053892215569,0.3293413173652694,exploration_25pct_all_periods,False,False,50pct,,False
3111032,방이역 1번,골목상권,오금동,송파구,0.3293413173652694,0.3323353293413174,0.3473053892215569,0.3293413173652694,exploration_25pct_all_periods,False,False,50pct,,False
3120238,방이역,발달상권,방이1동,송파구,0.3293413173652694,0.3323353293413174,0.3473053892215569,0.3293413173652694,exploration_25pct_all_periods,False,False,50pct,,False
3110058,성심여자고등학교,골목상권,원효로2동,용산구,0.4431137724550898,0.3323353293413174,0.4011976047904191,0.3323353293413174,exploration_25pct_all_periods,False,False,50pct,,False
3110361,삼양사거리역 1번,골목상권,송천동,강북구,0.4431137724550898,0.3353293413173652,0.4071856287425149,0.3353293413173652,exploration_25pct_all_periods,False,False,50pct,,False
3110574,서강대학교,골목상권,대흥동,마포구,0.437125748502994,0.3353293413173652,0.3832335329341317,0.3353293413173652,exploration_25pct_all_periods,False,False,50pct,,False
3120047,한남오거리,발달상권,한남동,용산구,0.4431137724550898,0.3353293413173652,0.344311377245509,0.3353293413173652,exploration_25pct_all_periods,False,False,50pct,,False
3120187,신논현역,발달상권,논현1동,강남구,0.4041916167664671,0.3353293413173652,0.3802395209580838,0.3353293413173652,exploration_25pct_all_periods,False,False,50pct,,False
3110579,마포역 4번,골목상권,도화동,마포구,0.4401197604790419,0.3383233532934132,0.3892215568862275,0.3383233532934132,exploration_25pct_all_periods,False,False,50pct,,False
3130062,보광시장,전통시장,보광동,용산구,0.4461077844311377,0.3383233532934132,0.4131736526946107,0.3383233532934132,exploration_25pct_all_periods,False,False,50pct,,False
3001496,강남 마이스 관광특구,관광특구,삼성1동,강남구,0.3413173652694611,0.3473053892215569,0.344311377245509,0.3413173652694611,exploration_25pct_all_periods,False,False,50pct,쇼핑,False
3110583,공덕래미안3차아파트,골목상권,아현동,마포구,0.4071856287425149,0.3413173652694611,0.3772455089820359,0.3413173652694611,exploration_25pct_all_periods,False,False,50pct,,False
3120218,코엑스,발달상권,삼성1동,강남구,0.3413173652694611,0.3473053892215569,0.344311377245509,0.3413173652694611,exploration_25pct_all_periods,False,False,50pct,,False
3110569,홍대땡땡거리,골목상권,서교동,마포구,0.437125748502994,0.344311377245509,0.3922155688622754,0.344311377245509,exploration_25pct_all_periods,False,False,50pct,,False
3110573,신촌역 6번,골목상권,대흥동,마포구,0.437125748502994,0.344311377245509,0.3922155688622754,0.344311377245509,exploration_25pct_all_periods,False,False,50pct,,False
3120094,"신촌역(신촌역, 신촌로터리)",발달상권,신촌동,서대문구,0.437125748502994,0.344311377245509,0.3922155688622754,0.344311377245509,exploration_25pct_all_periods,False,False,50pct,,False
3130175,신촌 상인회(신촌상점가),전통시장,신촌동,서대문구,0.437125748502994,0.344311377245509,0.3922155688622754,0.344311377245509,exploration_25pct_all_periods,False,False,50pct,,False
3130194,용강동 상점가,전통시장,용강동,마포구,0.4401197604790419,0.3473053892215569,0.3892215568862275,0.3473053892215569,exploration_25pct_all_periods,False,False,50pct,,False
3110381,번동주공2단지,골목상권,번3동,강북구,0.4191616766467065,0.3772455089820359,0.3562874251497006,0.3562874251497006,exploration_25pct_all_periods,False,False,50pct,,False
3111004,삼전역 1번,골목상권,잠실본동,송파구,0.3712574850299401,0.3562874251497006,0.3892215568862275,0.3562874251497006,exploration_25pct_all_periods,False,False,50pct,,False
3110577,용강동주민센터,골목상권,용강동,마포구,0.4461077844311377,0.3592814371257485,0.4011976047904191,0.3592814371257485,exploration_25pct_all_periods,False,False,50pct,,False
3110962,도산공원북측,골목상권,압구정동,강남구,0.5119760479041916,0.3592814371257485,0.4640718562874251,0.3592814371257485,exploration_25pct_all_periods,False,False,50pct,,False
3111019,한성백제역 3번,골목상권,방이2동,송파구,0.3862275449101796,0.3592814371257485,0.4101796407185629,0.3592814371257485,exploration_25pct_all_periods,False,False,50pct,,False
3130313,방이시장,전통시장,방이2동,송파구,0.3862275449101796,0.3592814371257485,0.4101796407185629,0.3592814371257485,exploration_25pct_all_periods,False,False,50pct,,False
3111014,송파나루역 2번,골목상권,방이2동,송파구,0.3862275449101796,0.3622754491017964,0.4191616766467065,0.3622754491017964,exploration_25pct_all_periods,False,False,50pct,,False
3111066,암사동성당(효정하나플러스아파트),골목상권,암사1동,강동구,0.4221556886227545,0.3622754491017964,0.4191616766467065,0.3622754491017964,exploration_25pct_all_periods,False,False,50pct,,False
3110280,북정마을,골목상권,성북동,성북구,0.4640718562874251,0.3712574850299401,0.374251497005988,0.3712574850299401,exploration_25pct_all_periods,False,False,50pct,,False
3110399,창2동주민센터,골목상권,창2동,도봉구,0.4580838323353293,0.374251497005988,0.4251497005988024,0.374251497005988,exploration_25pct_all_periods,False,False,50pct,,False
3110578,대흥역 2번,골목상권,염리동,마포구,0.4580838323353293,0.374251497005988,0.4161676646706587,0.374251497005988,exploration_25pct_all_periods,False,False,50pct,,False
3110134,성수119안전센터,골목상권,성수2가1동,성동구,0.3772455089820359,0.4790419161676646,0.5209580838323353,0.3772455089820359,exploration_25pct_all_periods,False,False,50pct,,False
3110416,노원초등학교,골목상권,상계1동,노원구,0.5269461077844312,0.3832335329341317,0.4550898203592814,0.3832335329341317,exploration_25pct_all_periods,False,False,50pct,,False
3110521,홍제역 4번,골목상권,홍제1동,서대문구,0.4880239520958084,0.3832335329341317,0.4461077844311377,0.3832335329341317,exploration_25pct_all_periods,False,False,50pct,,False
3110522,홍제역 3번,골목상권,홍제1동,서대문구,0.4880239520958084,0.3832335329341317,0.4461077844311377,0.3832335329341317,exploration_25pct_all_periods,False,False,50pct,,False
3110527,홍제역 2번,골목상권,홍제3동,서대문구,0.4880239520958084,0.3832335329341317,0.4461077844311377,0.3832335329341317,exploration_25pct_all_periods,False,False,50pct,,False
3110529,홍제3동주민센터,골목상권,홍제3동,서대문구,0.4880239520958084,0.3832335329341317,0.4461077844311377,0.3832335329341317,exploration_25pct_all_periods,False,False,50pct,,False
3130080,자양종합시장(기능상실),전통시장,자양2동,광진구,0.4461077844311377,0.3832335329341317,0.3982035928143712,0.3832335329341317,exploration_25pct_all_periods,False,False,50pct,,False
3130176,유진상가,전통시장,홍은1동,서대문구,0.4880239520958084,0.3832335329341317,0.4461077844311377,0.3832335329341317,exploration_25pct_all_periods,False,False,50pct,,False
3130177,인왕시장(홍제골목형상점가),전통시장,홍제3동,서대문구,0.4880239520958084,0.3832335329341317,0.4461077844311377,0.3832335329341317,exploration_25pct_all_periods,False,False,50pct,,False
3110437,당고개역 2번,골목상권,상계3·4동,노원구,0.4850299401197604,0.3862275449101796,0.4520958083832335,0.3862275449101796,exploration_25pct_all_periods,False,False,50pct,,False
3110439,당고개역 5번,골목상권,상계3·4동,노원구,0.4850299401197604,0.3862275449101796,0.4520958083832335,0.3862275449101796,exploration_25pct_all_periods,False,False,50pct,,False
3110440,상계3동4동주민센터,골목상권,상계3·4동,노원구,0.4850299401197604,0.3862275449101796,0.4520958083832335,0.3862275449101796,exploration_25pct_all_periods,False,False,50pct,,False
3110401,도봉구민회관,골목상권,창5동,도봉구,0.4401197604790419,0.3892215568862275,0.4251497005988024,0.3892215568862275,exploration_25pct_all_periods,False,False,50pct,,False
3110520,경의중앙 신촌역,골목상권,신촌동,서대문구,0.5,0.3892215568862275,0.4820359281437126,0.3892215568862275,exploration_25pct_all_periods,False,False,50pct,,False
3110575,대흥동주민센터,골목상권,대흥동,마포구,0.5,0.3892215568862275,0.4820359281437126,0.3892215568862275,exploration_25pct_all_periods,False,False,50pct,,False
3110582,이대역 5번,골목상권,염리동,마포구,0.5,0.3892215568862275,0.4820359281437126,0.3892215568862275,exploration_25pct_all_periods,False,False,50pct,,False
3120096,"이화여대(이대역, 이대)",발달상권,신촌동,서대문구,0.5,0.3892215568862275,0.4820359281437126,0.3892215568862275,exploration_25pct_all_periods,False,False,50pct,,False
3130148,방학동도깨비시장,전통시장,방학2동,도봉구,0.4491017964071856,0.3892215568862275,0.4251497005988024,0.3892215568862275,exploration_25pct_all_periods,False,False,50pct,,False
3130178,이대 앞 스타트업 상점가,전통시장,신촌동,서대문구,0.5,0.3892215568862275,0.4820359281437126,0.3892215568862275,exploration_25pct_all_periods,False,False,50pct,,False
3130179,"이화여대 3,5,7길 상점가",전통시장,신촌동,서대문구,0.5,0.3892215568862275,0.4820359281437126,0.3892215568862275,exploration_25pct_all_periods,False,False,50pct,,False
3110157,자양동우체국,골목상권,자양2동,광진구,0.4221556886227545,0.3922155688622754,0.4311377245508982,0.3922155688622754,exploration_25pct_all_periods,False,False,50pct,,False
3111074,명일역 1번,골목상권,암사1동,강동구,0.3952095808383233,0.3922155688622754,0.4101796407185629,0.3922155688622754,exploration_25pct_all_periods,False,False,50pct,,False
3110572,서강대역 1번,골목상권,신수동,마포구,0.4850299401197604,0.3982035928143712,0.4491017964071856,0.3982035928143712,exploration_25pct_all_periods,False,False,50pct,,False
3110580,양원초등학교,골목상권,대흥동,마포구,0.5029940119760479,0.4011976047904191,0.4820359281437126,0.4011976047904191,exploration_25pct_all_periods,False,False,50pct,,False
3111010,석촌역 7번,골목상권,석촌동,송파구,0.4041916167664671,0.4011976047904191,0.4251497005988024,0.4011976047904191,exploration_25pct_all_periods,False,False,50pct,,False
3110587,공덕동주민센터,골목상권,공덕동,마포구,0.4730538922155688,0.4071856287425149,0.467065868263473,0.4071856287425149,exploration_25pct_all_periods,False,False,50pct,,False
3110151,자양한강도서관,골목상권,자양2동,광진구,0.4640718562874251,0.4161676646706587,0.4520958083832335,0.4161676646706587,exploration_25pct_all_periods,False,False,50pct,,False
3111058,성내중학교,골목상권,성내1동,강동구,0.4281437125748503,0.4161676646706587,0.4341317365269461,0.4161676646706587,exploration_25pct_all_periods,False,False,50pct,,False
3120228,석촌역(석촌호수),발달상권,송파1동,송파구,0.4161676646706587,0.4161676646706587,0.4311377245508982,0.4161676646706587,exploration_25pct_all_periods,False,False,50pct,,False
3111057,천호공원(해공체육문화센터),골목상권,천호2동,강동구,0.4550898203592814,0.4251497005988024,0.4491017964071856,0.4251497005988024,exploration_25pct_all_periods,False,False,50pct,,False
3111052,암사역 3번(천호동자전거거리),골목상권,천호2동,강동구,0.5089820359281437,0.4281437125748503,0.5059880239520959,0.4281437125748503,exploration_25pct_all_periods,False,False,50pct,,False
3111054,암사역 4번(삼성광나루아파트),골목상권,암사2동,강동구,0.5089820359281437,0.4281437125748503,0.5059880239520959,0.4281437125748503,exploration_25pct_all_periods,False,False,50pct,,False
3111060,암사역 2번(서울강동초등학교),골목상권,천호2동,강동구,0.5089820359281437,0.4281437125748503,0.5059880239520959,0.4281437125748503,exploration_25pct_all_periods,False,False,50pct,,False
3111061,암사역 1번,골목상권,암사1동,강동구,0.5089820359281437,0.4281437125748503,0.5059880239520959,0.4281437125748503,exploration_25pct_all_periods,False,False,50pct,,False
3120244,암사역,발달상권,암사2동,강동구,0.5089820359281437,0.4281437125748503,0.5059880239520959,0.4281437125748503,exploration_25pct_all_periods,False,False,50pct,,False
3130320,암사종합시장,전통시장,암사1동,강동구,0.5089820359281437,0.4281437125748503,0.5059880239520959,0.4281437125748503,exploration_25pct_all_periods,False,False,50pct,,False
3110360,수유초등학교,골목상권,수유1동,강북구,0.5239520958083832,0.4311377245508982,0.4730538922155688,0.4311377245508982,exploration_25pct_all_periods,False,False,50pct,,False
3110952,논현목련공원,골목상권,논현1동,강남구,0.4820359281437126,0.437125748502994,0.4820359281437126,0.437125748502994,exploration_25pct_all_periods,False,False,50pct,,False
3120177,신논현역 1번,발달상권,반포1동,서초구,0.4940119760479042,0.437125748502994,0.4820359281437126,0.437125748502994,exploration_25pct_all_periods,False,False,50pct,,False
3120233,몽촌토성역,발달상권,방이2동,송파구,0.4550898203592814,0.437125748502994,0.4850299401197604,0.437125748502994,exploration_25pct_all_periods,False,False,50pct,,False
3110081,해방촌 남동측,골목상권,용산2가동,용산구,0.5239520958083832,0.4401197604790419,0.4820359281437126,0.4401197604790419,exploration_25pct_all_periods,False,False,50pct,,False
3110576,대흥역 3번,골목상권,대흥동,마포구,0.5149700598802395,0.4431137724550898,0.4940119760479042,0.4431137724550898,exploration_25pct_all_periods,False,False,50pct,,False
3111050,강동구청(강동구청역 2번),골목상권,성내1동,강동구,0.5149700598802395,0.4491017964071856,0.5239520958083832,0.4491017964071856,exploration_25pct_all_periods,False,False,50pct,,False
3111053,성내천어린이공원(하니사랑길),골목상권,성내1동,강동구,0.5149700598802395,0.4491017964071856,0.5239520958083832,0.4491017964071856,exploration_25pct_all_periods,False,False,50pct,,False
3120242,강동구청역,발달상권,성내1동,강동구,0.5149700598802395,0.4491017964071856,0.5239520958083832,0.4491017964071856,exploration_25pct_all_periods,False,False,50pct,,False
3111069,천호1동주민센터,골목상권,천호1동,강동구,0.497005988023952,0.4580838323353293,0.5,0.4580838323353293,exploration_25pct_all_periods,False,False,50pct,,False
3111070,천호초등학교,골목상권,천호1동,강동구,0.497005988023952,0.4580838323353293,0.5,0.4580838323353293,exploration_25pct_all_periods,False,False,50pct,,False
3111075,굽은다리역 2번,골목상권,천호1동,강동구,0.497005988023952,0.4580838323353293,0.5,0.4580838323353293,exploration_25pct_all_periods,False,False,50pct,,False
3111080,굽은다리역 3번,골목상권,명일1동,강동구,0.497005988023952,0.4580838323353293,0.5,0.4580838323353293,exploration_25pct_all_periods,False,False,50pct,,False
3120247,굽은다리역,발달상권,천호1동,강동구,0.497005988023952,0.4580838323353293,0.5,0.4580838323353293,exploration_25pct_all_periods,False,False,50pct,,False
3130325,명일전통시장,전통시장,명일1동,강동구,0.497005988023952,0.4580838323353293,0.5,0.4580838323353293,exploration_25pct_all_periods,False,False,50pct,,False
3110088,오산고등학교,골목상권,서빙고동,용산구,0.5329341317365269,0.4610778443113772,0.5,0.4610778443113772,exploration_25pct_all_periods,False,False,50pct,,False
3110090,한국폴리텍대학서울정수캠퍼스,골목상권,보광동,용산구,0.5329341317365269,0.4610778443113772,0.5,0.4610778443113772,exploration_25pct_all_periods,False,False,50pct,,False
3110949,한남IC,골목상권,신사동,강남구,0.6197604790419161,0.4610778443113772,0.5508982035928144,0.4610778443113772,exploration_25pct_all_periods,False,False,50pct,,False
3110098,서울독일학교,골목상권,한남동,용산구,0.625748502994012,0.4640718562874251,0.5508982035928144,0.4640718562874251,exploration_25pct_all_periods,False,False,50pct,,False
3110415,수락산역 4번,골목상권,상계1동,노원구,0.5688622754491018,0.4640718562874251,0.5029940119760479,0.4640718562874251,exploration_25pct_all_periods,False,False,50pct,,False
3110419,수락산디자인거리,골목상권,상계1동,노원구,0.5688622754491018,0.4640718562874251,0.5029940119760479,0.4640718562874251,exploration_25pct_all_periods,False,False,50pct,,False
3130302,강남시장(강남구 강남시장),전통시장,신사동,강남구,0.6227544910179641,0.4640718562874251,0.5538922155688623,0.4640718562874251,exploration_25pct_all_periods,False,False,50pct,,False
3120167,고속터미널(고속터미널역),발달상권,반포4동,서초구,0.5958083832335329,0.467065868263473,0.5269461077844312,0.467065868263473,exploration_25pct_all_periods,False,False,50pct,,False
3120170,삼호가든사거리,발달상권,반포4동,서초구,0.5958083832335329,0.467065868263473,0.5269461077844312,0.467065868263473,exploration_25pct_all_periods,False,False,50pct,,False
3110581,염리초등학교,골목상권,용강동,마포구,0.5329341317365269,0.4700598802395209,0.5029940119760479,0.4700598802395209,exploration_25pct_all_periods,False,False,50pct,,False
3120106,마포역,발달상권,용강동,마포구,0.5329341317365269,0.4700598802395209,0.5029940119760479,0.4700598802395209,exploration_25pct_all_periods,False,False,50pct,,False
3120107,공덕역(공덕오거리),발달상권,공덕동,마포구,0.5329341317365269,0.4700598802395209,0.5029940119760479,0.4700598802395209,exploration_25pct_all_periods,False,False,50pct,,False
3130195,도화동 상점가,전통시장,도화동,마포구,0.5329341317365269,0.4700598802395209,0.5029940119760479,0.4700598802395209,exploration_25pct_all_periods,False,False,50pct,식사,False
3130196,공덕시장,전통시장,공덕동,마포구,0.5329341317365269,0.4700598802395209,0.5029940119760479,0.4700598802395209,exploration_25pct_all_periods,False,False,50pct,,False
3130197,마포시장,전통시장,공덕동,마포구,0.5329341317365269,0.4700598802395209,0.5029940119760479,0.4700598802395209,exploration_25pct_all_periods,False,False,50pct,,False
3120095,홍제역,발달상권,홍제1동,서대문구,0.592814371257485,0.4730538922155688,0.5359281437125748,0.4730538922155688,exploration_25pct_all_periods,False,False,50pct,,False
3120248,명일역,발달상권,명일1동,강동구,0.497005988023952,0.4730538922155688,0.5119760479041916,0.4730538922155688,exploration_25pct_all_periods,False,False,50pct,,False
3120225,잠실새내역(신천),발달상권,잠실본동,송파구,0.4790419161676646,0.4760479041916167,0.5269461077844312,0.4760479041916167,exploration_25pct_all_periods,False,False,50pct,여가문화,False
3130311,새마을시장,전통시장,잠실본동,송파구,0.4790419161676646,0.4760479041916167,0.5269461077844312,0.4760479041916167,exploration_25pct_all_periods,False,False,50pct,,False
3110412,창동중학교,골목상권,방학1동,도봉구,0.5209580838323353,0.4790419161676646,0.5059880239520959,0.4790419161676646,exploration_25pct_all_periods,False,False,50pct,,False
3120176,논현역 4번,발달상권,반포1동,서초구,0.5479041916167665,0.4790419161676646,0.5299401197604791,0.4790419161676646,exploration_25pct_all_periods,False,False,50pct,,False
3130137,"수유전통시장(수유시장, 수유골목시장)",전통시장,수유1동,강북구,0.5778443113772455,0.4790419161676646,0.5449101796407185,0.4790419161676646,exploration_25pct_all_periods,False,False,50pct,,False
3130303,영동전통시장,전통시장,논현1동,강남구,0.5479041916167665,0.4790419161676646,0.5299401197604791,0.4790419161676646,exploration_25pct_all_periods,False,False,50pct,,False
3110077,삼광초등학교,골목상권,후암동,용산구,0.592814371257485,0.4820359281437126,0.5479041916167665,0.4820359281437126,exploration_25pct_all_periods,False,False,50pct,,False
3110278,망우본동주민센터,골목상권,망우본동,중랑구,0.6107784431137725,0.5269461077844312,0.4850299401197604,0.4850299401197604,exploration_25pct_all_periods,False,False,50pct,,False
3110389,한일병원,골목상권,쌍문3동,도봉구,0.5718562874251497,0.4850299401197604,0.5419161676646707,0.4850299401197604,exploration_25pct_all_periods,False,False,50pct,,False
3120186,가로수길,발달상권,신사동,강남구,0.6317365269461078,0.4850299401197604,0.5598802395209581,0.4850299401197604,exploration_25pct_all_periods,False,False,50pct,,False
3110062,한강로동땡땡거리(은행나무길),골목상권,한강로동,용산구,0.5688622754491018,0.4880239520958084,0.5389221556886228,0.4880239520958084,exploration_25pct_all_periods,False,False,50pct,,False
3130132,삼양골목시장(삼양시장),전통시장,삼양동,강북구,0.5868263473053892,0.4880239520958084,0.5568862275449101,0.4880239520958084,exploration_25pct_all_periods,False,False,50pct,,False
3110060,효창공원앞역 6번,골목상권,용문동,용산구,0.5718562874251497,0.4940119760479042,0.5449101796407185,0.4940119760479042,exploration_25pct_all_periods,False,False,50pct,,False
3110061,효창동주민센터,골목상권,효창동,용산구,0.5718562874251497,0.4940119760479042,0.5449101796407185,0.4940119760479042,exploration_25pct_all_periods,False,False,50pct,,False
3110065,남정초등학교,골목상권,원효로1동,용산구,0.5718562874251497,0.4940119760479042,0.5449101796407185,0.4940119760479042,exploration_25pct_all_periods,False,False,50pct,,False
3110277,러스크서울병원,골목상권,망우본동,중랑구,0.6077844311377245,0.562874251497006,0.4940119760479042,0.4940119760479042,exploration_25pct_all_periods,False,False,50pct,,False
3130056,용산용문시장,전통시장,용문동,용산구,0.5718562874251497,0.4940119760479042,0.5449101796407185,0.4940119760479042,exploration_25pct_all_periods,False,False,50pct,,False
3110970,학동초등학교,골목상권,논현2동,강남구,0.5479041916167665,0.5059880239520959,0.5329341317365269,0.5059880239520959,base_50pct_all_periods,True,False,80pct,,False
3110974,언주중학교,골목상권,삼성2동,강남구,0.5479041916167665,0.5059880239520959,0.5329341317365269,0.5059880239520959,base_50pct_all_periods,True,False,80pct,,False
3110976,언북초등학교,골목상권,청담동,강남구,0.5419161676646707,0.5059880239520959,0.5299401197604791,0.5059880239520959,base_50pct_all_periods,True,False,80pct,,False
3120207,선정릉역,발달상권,삼성2동,강남구,0.5479041916167665,0.5059880239520959,0.5329341317365269,0.5059880239520959,base_50pct_all_periods,True,False,80pct,,False
3110372,강북중학교,골목상권,수유3동,강북구,0.5778443113772455,0.5089820359281437,0.5269461077844312,0.5089820359281437,base_50pct_all_periods,True,False,80pct,,False
3110063,효창공원앞역 5번,골목상권,원효로1동,용산구,0.5718562874251497,0.5119760479041916,0.5449101796407185,0.5119760479041916,base_50pct_all_periods,True,False,80pct,,False
3130122,밤나무골시장,전통시장,월곡1동,성북구,0.562874251497006,0.5119760479041916,0.5449101796407185,0.5119760479041916,base_50pct_all_periods,True,False,80pct,,False
3110927,잠원역,골목상권,잠원동,서초구,0.6497005988023952,0.5149700598802395,0.592814371257485,0.5149700598802395,base_50pct_all_periods,True,False,80pct,,False
3120229,방이동먹자골목,발달상권,방이2동,송파구,0.5269461077844312,0.5149700598802395,0.5568862275449101,0.5149700598802395,base_50pct_all_periods,True,False,80pct,"식사,여가문화",False
3110530,아현역 1번,골목상권,북아현동,서대문구,0.5898203592814372,0.5179640718562875,0.5658682634730539,0.5179640718562875,base_50pct_all_periods,True,False,80pct,,False
3130152,오!도봉거리 상점가,전통시장,도봉2동,도봉구,0.562874251497006,0.5239520958083832,0.5479041916167665,0.5239520958083832,base_50pct_all_periods,True,False,80pct,,False
3110585,마포경찰서,골목상권,아현동,마포구,0.592814371257485,0.5269461077844312,0.5658682634730539,0.5269461077844312,base_50pct_all_periods,True,False,80pct,,False
3130142,강북북부시장,전통시장,번1동,강북구,0.5778443113772455,0.5269461077844312,0.5269461077844312,0.5269461077844312,base_50pct_all_periods,True,False,80pct,,False
3110366,광산사거리,골목상권,수유3동,강북구,0.6137724550898204,0.5329341317365269,0.5598802395209581,0.5329341317365269,base_50pct_all_periods,True,False,80pct,,False
3110375,서울북부고용노동지청,골목상권,번2동,강북구,0.5868263473053892,0.5389221556886228,0.5329341317365269,0.5329341317365269,base_50pct_all_periods,True,False,80pct,,False
3110428,상계5동주민센터,골목상권,상계5동,노원구,0.6167664670658682,0.5329341317365269,0.6017964071856288,0.5329341317365269,base_50pct_all_periods,True,False,80pct,,False
3110430,중계초등학교,골목상권,중계4동,노원구,0.6167664670658682,0.5329341317365269,0.6017964071856288,0.5329341317365269,base_50pct_all_periods,True,False,80pct,,False
3110431,상계역,골목상권,중계4동,노원구,0.6167664670658682,0.5329341317365269,0.6017964071856288,0.5329341317365269,base_50pct_all_periods,True,False,80pct,여가문화,False
3110436,상계제일중학교,골목상권,중계4동,노원구,0.6167664670658682,0.5329341317365269,0.6017964071856288,0.5329341317365269,base_50pct_all_periods,True,False,80pct,,False
3110586,서울서부지방법원,골목상권,공덕동,마포구,0.592814371257485,0.5329341317365269,0.5688622754491018,0.5329341317365269,base_50pct_all_periods,True,False,80pct,,False
3120040,용산전자상가(용산역),발달상권,한강로동,용산구,0.6047904191616766,0.5329341317365269,0.5718562874251497,0.5329341317365269,base_50pct_all_periods,True,False,80pct,쇼핑,False
3130157,상계중앙시장,전통시장,상계5동,노원구,0.6167664670658682,0.5329341317365269,0.6017964071856288,0.5329341317365269,base_50pct_all_periods,True,False,80pct,,False
3130158,상계역전종합상가,전통시장,상계5동,노원구,0.6167664670658682,0.5329341317365269,0.6017964071856288,0.5329341317365269,base_50pct_all_periods,True,False,80pct,,False
3110394,방학중학교,골목상권,방학2동,도봉구,0.562874251497006,0.5359281437125748,0.5598802395209581,0.5359281437125748,base_50pct_all_periods,True,False,80pct,,False
3110402,도봉구 정병원,골목상권,방학1동,도봉구,0.562874251497006,0.5359281437125748,0.5598802395209581,0.5359281437125748,base_50pct_all_periods,True,False,80pct,,False
3110584,아현역 4번,골목상권,아현동,마포구,0.5988023952095808,0.5359281437125748,0.5868263473053892,0.5359281437125748,base_50pct_all_periods,True,False,80pct,,False
3110589,애오개역 3번,골목상권,공덕동,마포구,0.5988023952095808,0.5359281437125748,0.5868263473053892,0.5359281437125748,base_50pct_all_periods,True,False,80pct,,False
3110961,언주역 3번,골목상권,논현2동,강남구,0.5748502994011976,0.5359281437125748,0.5688622754491018,0.5359281437125748,base_50pct_all_periods,True,False,80pct,,False
3120194,언주역(차병원),발달상권,역삼1동,강남구,0.5808383233532934,0.5359281437125748,0.5688622754491018,0.5359281437125748,base_50pct_all_periods,True,False,80pct,,False
3130001,통인시장,전통시장,청운효자동,종로구,0.6616766467065869,0.5359281437125748,0.6137724550898204,0.5359281437125748,base_50pct_all_periods,True,False,80pct,,False
3130198,아현시장,전통시장,아현동,마포구,0.5988023952095808,0.5359281437125748,0.5868263473053892,0.5359281437125748,base_50pct_all_periods,True,False,80pct,,False
3110955,논현초등학교,골목상권,논현1동,강남구,0.5838323353293413,0.5389221556886228,0.5748502994011976,0.5389221556886228,base_50pct_all_periods,True,False,80pct,,False
3110064,효창공원앞역 2번,골목상권,청파동,용산구,0.6047904191616766,0.5419161676646707,0.5778443113772455,0.5419161676646707,base_50pct_all_periods,True,False,80pct,,False
3111062,둔촌동역 3번(성내3동주민센터),골목상권,성내3동,강동구,0.5538922155688623,0.5419161676646707,0.5748502994011976,0.5419161676646707,base_50pct_all_periods,True,False,80pct,,False
3111064,둔촌동역 4번,골목상권,성내3동,강동구,0.5538922155688623,0.5419161676646707,0.5748502994011976,0.5419161676646707,base_50pct_all_periods,True,False,80pct,,False
3111073,둔촌동역 1번(한산중학교),골목상권,둔촌2동,강동구,0.5538922155688623,0.5419161676646707,0.5748502994011976,0.5419161676646707,base_50pct_all_periods,True,False,80pct,,False
3120245,둔촌역,발달상권,성내3동,강동구,0.5538922155688623,0.5419161676646707,0.5748502994011976,0.5419161676646707,base_50pct_all_periods,True,False,80pct,,False
3130323,둔촌역전통시장,전통시장,성내3동,강동구,0.5538922155688623,0.5419161676646707,0.5748502994011976,0.5419161676646707,base_50pct_all_periods,True,False,80pct,,False
3110100,옥수동우편취급국,골목상권,옥수동,성동구,0.7215568862275449,0.5449101796407185,0.6646706586826348,0.5449101796407185,base_50pct_all_periods,True,False,80pct,,False
3110283,성북초등학교앞,골목상권,성북동,성북구,0.6467065868263473,0.5449101796407185,0.6107784431137725,0.5449101796407185,base_50pct_all_periods,True,False,80pct,,False
3110957,언북중학교,골목상권,논현2동,강남구,0.5958083832335329,0.5449101796407185,0.5748502994011976,0.5449101796407185,base_50pct_all_periods,True,False,80pct,,False
3110358,인수동 우편취급국,골목상권,인수동,강북구,0.6347305389221557,0.5479041916167665,0.5988023952095808,0.5479041916167665,base_50pct_all_periods,True,False,80pct,,False
3110359,수유시장옆,골목상권,수유3동,강북구,0.6347305389221557,0.5479041916167665,0.5988023952095808,0.5479041916167665,base_50pct_all_periods,True,False,80pct,,False
3110367,강북구청,골목상권,수유3동,강북구,0.6347305389221557,0.5479041916167665,0.5988023952095808,0.5479041916167665,base_50pct_all_periods,True,False,80pct,,False
3110406,도봉산역 1번,골목상권,도봉1동,도봉구,0.592814371257485,0.5479041916167665,0.5808383233532934,0.5479041916167665,base_50pct_all_periods,True,False,80pct,,False
3120076,수유역,발달상권,수유3동,강북구,0.6347305389221557,0.5479041916167665,0.5988023952095808,0.5479041916167665,base_50pct_all_periods,True,False,80pct,여가문화,False
3130135,수유중앙골목시장(수유중앙시장),전통시장,수유3동,강북구,0.6347305389221557,0.5479041916167665,0.5988023952095808,0.5479041916167665,base_50pct_all_periods,True,False,80pct,,False
3130139,강북종합전통시장(강북종합골목시장),전통시장,수유3동,강북구,0.6347305389221557,0.5479041916167665,0.5988023952095808,0.5479041916167665,base_50pct_all_periods,True,False,80pct,,False
3110007,사직공원(한국사회과학도서관),골목상권,사직동,종로구,0.6676646706586826,0.5508982035928144,0.625748502994012,0.5508982035928144,base_50pct_all_periods,True,False,80pct,,False
3110017,정독도서관,골목상권,가회동,종로구,0.6676646706586826,0.5538922155688623,0.6317365269461078,0.5538922155688623,base_50pct_all_periods,True,False,80pct,,False
3110369,성신여대운정그린캠퍼스,골목상권,미아동,강북구,0.6377245508982036,0.5538922155688623,0.6107784431137725,0.5538922155688623,base_50pct_all_periods,True,False,80pct,,False
3110425,계상초등학교,골목상권,상계5동,노원구,0.625748502994012,0.5538922155688623,0.6167664670658682,0.5538922155688623,base_50pct_all_periods,True,False,80pct,,False
3110442,화랑대철도공원,골목상권,공릉2동,노원구,0.5748502994011976,0.5538922155688623,0.5568862275449101,0.5538922155688623,base_50pct_all_periods,True,False,80pct,,False
3111071,천동초등학교,골목상권,길동,강동구,0.5778443113772455,0.5598802395209581,0.6017964071856288,0.5598802395209581,base_50pct_all_periods,True,False,80pct,,False
3111072,굽은다리역 1번(십자성마을),골목상권,천호1동,강동구,0.5778443113772455,0.5598802395209581,0.6017964071856288,0.5598802395209581,base_50pct_all_periods,True,False,80pct,,False
3111077,길동주민센터(강동도서관),골목상권,길동,강동구,0.5778443113772455,0.5598802395209581,0.6017964071856288,0.5598802395209581,base_50pct_all_periods,True,False,80pct,,False
3111078,굽은다리역 4번,골목상권,길동,강동구,0.5778443113772455,0.5598802395209581,0.6017964071856288,0.5598802395209581,base_50pct_all_periods,True,False,80pct,,False
3120191,학동역,발달상권,논현1동,강남구,0.6287425149700598,0.5598802395209581,0.6047904191616766,0.5598802395209581,base_50pct_all_periods,True,False,80pct,,False
3130324,길동복조리시장,전통시장,길동,강동구,0.5778443113772455,0.5598802395209581,0.6017964071856288,0.5598802395209581,base_50pct_all_periods,True,False,80pct,,False
3110373,수유역 2번,골목상권,번1동,강북구,0.6347305389221557,0.5658682634730539,0.5988023952095808,0.5658682634730539,base_50pct_all_periods,True,False,80pct,,False
3110364,미아역 8번,골목상권,미아동,강북구,0.6347305389221557,0.5688622754491018,0.6017964071856288,0.5688622754491018,base_50pct_all_periods,True,False,80pct,,False
3120077,미아역,발달상권,미아동,강북구,0.6347305389221557,0.5688622754491018,0.6017964071856288,0.5688622754491018,base_50pct_all_periods,True,False,80pct,,False
3110365,미아역 5번,골목상권,미아동,강북구,0.6347305389221557,0.5718562874251497,0.6017964071856288,0.5718562874251497,base_50pct_all_periods,True,False,80pct,,False
3110370,도봉세무서,골목상권,송천동,강북구,0.6407185628742516,0.5718562874251497,0.6107784431137725,0.5718562874251497,base_50pct_all_periods,True,False,80pct,,False
3130141,강북북부골목시장,전통시장,번1동,강북구,0.6347305389221557,0.5718562874251497,0.5988023952095808,0.5718562874251497,base_50pct_all_periods,True,False,80pct,,False
3110002,독립문역 1번,골목상권,무악동,종로구,0.6706586826347305,0.5748502994011976,0.6497005988023952,0.5748502994011976,base_50pct_all_periods,True,False,80pct,,False
3110004,대신고등학교,골목상권,교남동,종로구,0.6706586826347305,0.5748502994011976,0.6497005988023952,0.5748502994011976,base_50pct_all_periods,True,False,80pct,,False
3110376,수송초등학교,골목상권,번1동,강북구,0.6437125748502994,0.5778443113772455,0.6047904191616766,0.5778443113772455,base_50pct_all_periods,True,False,80pct,,False
3110388,도봉우체국,골목상권,쌍문3동,도봉구,0.6197604790419161,0.5778443113772455,0.6227544910179641,0.5778443113772455,base_50pct_all_periods,True,False,80pct,,False
3110396,쌍문역1번(쌍리단길),골목상권,창1동,도봉구,0.6197604790419161,0.5778443113772455,0.6227544910179641,0.5778443113772455,base_50pct_all_periods,True,False,80pct,,False
3130113,신아타운,전통시장,신내2동,중랑구,0.5868263473053892,0.5838323353293413,0.5778443113772455,0.5778443113772455,base_50pct_all_periods,True,False,80pct,,False
3130145,쌍문역둘리상점가,전통시장,쌍문3동,도봉구,0.6197604790419161,0.5778443113772455,0.6227544910179641,0.5778443113772455,base_50pct_all_periods,True,False,80pct,,False
3130146,쌍문시장(쌍문역골목시장),전통시장,쌍문3동,도봉구,0.6197604790419161,0.5778443113772455,0.6227544910179641,0.5778443113772455,base_50pct_all_periods,True,False,80pct,,False
3130147,쌍문역동측상점가,전통시장,창1동,도봉구,0.6197604790419161,0.5778443113772455,0.6227544910179641,0.5778443113772455,base_50pct_all_periods,True,False,80pct,,False
3110073,삼각지역 3번,골목상권,한강로동,용산구,0.6976047904191617,0.5808383233532934,0.6646706586826348,0.5808383233532934,base_50pct_all_periods,True,False,80pct,,False
3110076,삼각지역 14번,골목상권,한강로동,용산구,0.6976047904191617,0.5808383233532934,0.6646706586826348,0.5808383233532934,base_50pct_all_periods,True,False,80pct,,False
3110407,도봉역 2번,골목상권,도봉1동,도봉구,0.6017964071856288,0.5808383233532934,0.6047904191616766,0.5808383233532934,base_50pct_all_periods,True,False,80pct,,False
3110411,도봉역 3번,골목상권,도봉2동,도봉구,0.6017964071856288,0.5808383233532934,0.6047904191616766,0.5808383233532934,base_50pct_all_periods,True,False,80pct,,False
3110959,신구중학교,골목상권,압구정동,강남구,0.7574850299401198,0.5808383233532934,0.6976047904191617,0.5808383233532934,base_50pct_all_periods,True,False,80pct,,False
3120041,신용산역(용산역),발달상권,한강로동,용산구,0.6976047904191617,0.5808383233532934,0.6646706586826348,0.5808383233532934,base_50pct_all_periods,True,False,80pct,,False
3120044,삼각지역,발달상권,한강로동,용산구,0.6976047904191617,0.5808383233532934,0.6646706586826348,0.5808383233532934,base_50pct_all_periods,True,False,80pct,,False
3120188,압구정역,발달상권,신사동,강남구,0.7574850299401198,0.5808383233532934,0.6976047904191617,0.5808383233532934,base_50pct_all_periods,True,False,80pct,,False
3120195,성수대교남단,발달상권,압구정동,강남구,0.7604790419161677,0.5838323353293413,0.7005988023952096,0.5838323353293413,base_50pct_all_periods,True,False,80pct,,False
3110322,장위1동주민센터,골목상권,장위1동,성북구,0.6227544910179641,0.5868263473053892,0.5988023952095808,0.5868263473053892,base_50pct_all_periods,True,False,80pct,,False
3130116,동성타워프라자,전통시장,신내1동,중랑구,0.6497005988023952,0.5868263473053892,0.6107784431137725,0.5868263473053892,base_50pct_all_periods,True,False,80pct,,False
3130123,꿈의숲 장곡 골목형상점가,전통시장,장위1동,성북구,0.6167664670658682,0.5868263473053892,0.6077844311377245,0.5868263473053892,base_50pct_all_periods,True,False,80pct,,False
3130124,번동시장,전통시장,장위3동,성북구,0.592814371257485,0.592814371257485,0.5868263473053892,0.5868263473053892,base_50pct_all_periods,True,False,80pct,,False
3110113,응봉산,골목상권,응봉동,성동구,0.6377245508982036,0.5898203592814372,0.6586826347305389,0.5898203592814372,base_50pct_all_periods,True,False,80pct,,False
3110273,장스여성병원,골목상권,신내1동,중랑구,0.7395209580838323,0.6526946107784432,0.592814371257485,0.592814371257485,base_50pct_all_periods,True,False,80pct,,False
3110413,누원고등학교,골목상권,도봉2동,도봉구,0.625748502994012,0.592814371257485,0.6227544910179641,0.592814371257485,base_50pct_all_periods,True,False,80pct,,False
3110128,성원중학교,골목상권,성수1가1동,성동구,0.5988023952095808,0.5958083832335329,0.6407185628742516,0.5958083832335329,base_50pct_all_periods,True,False,80pct,,False
3110135,성동세무서,골목상권,송정동,성동구,0.6107784431137725,0.5958083832335329,0.655688622754491,0.5958083832335329,base_50pct_all_periods,True,False,80pct,,False
3110535,영천시장입구,골목상권,천연동,서대문구,0.6586826347305389,0.5958083832335329,0.625748502994012,0.5958083832335329,base_50pct_all_periods,True,False,80pct,,False
3110072,열정도,골목상권,원효로1동,용산구,0.6497005988023952,0.6017964071856288,0.6407185628742516,0.6017964071856288,base_50pct_all_periods,True,False,80pct,,False
3110982,강남구보훈회관,골목상권,삼성2동,강남구,0.6467065868263473,0.6017964071856288,0.6676646706586826,0.6017964071856288,base_50pct_all_periods,True,False,80pct,,False
3120208,청담사거리(청담동명품거리),발달상권,청담동,강남구,0.6526946107784432,0.6017964071856288,0.6676646706586826,0.6017964071856288,base_50pct_all_periods,True,False,80pct,,False
3120213,삼성중앙역,발달상권,삼성2동,강남구,0.6497005988023952,0.6017964071856288,0.6676646706586826,0.6017964071856288,base_50pct_all_periods,True,False,80pct,,False
3110275,하나은행 망우동지점,골목상권,망우본동,중랑구,0.7425149700598802,0.6766467065868264,0.6047904191616766,0.6047904191616766,base_50pct_all_periods,True,False,80pct,,False
3110276,신내IC북측,골목상권,신내1동,중랑구,0.655688622754491,0.6077844311377245,0.6526946107784432,0.6077844311377245,base_50pct_all_periods,True,False,80pct,,False
3110368,송천초등학교,골목상권,송천동,강북구,0.6706586826347305,0.6107784431137725,0.655688622754491,0.6107784431137725,base_50pct_all_periods,True,False,80pct,,False
3110371,삼양입구사거리,골목상권,송천동,강북구,0.6706586826347305,0.6107784431137725,0.655688622754491,0.6107784431137725,base_50pct_all_periods,True,False,80pct,,False
3110374,송중초등학교,골목상권,송중동,강북구,0.6706586826347305,0.6107784431137725,0.655688622754491,0.6107784431137725,base_50pct_all_periods,True,False,80pct,,False
3110397,도봉산입구,골목상권,도봉1동,도봉구,0.6377245508982036,0.6107784431137725,0.6377245508982036,0.6107784431137725,base_50pct_all_periods,True,False,80pct,,False
3110966,논현2동주민센터,골목상권,논현2동,강남구,0.6616766467065869,0.6107784431137725,0.6706586826347305,0.6107784431137725,base_50pct_all_periods,True,False,80pct,,False
3110968,강남구청역 2번,골목상권,논현2동,강남구,0.6616766467065869,0.6107784431137725,0.6706586826347305,0.6107784431137725,base_50pct_all_periods,True,False,80pct,,False
3110973,강남구청역 4번,골목상권,청담동,강남구,0.6616766467065869,0.6107784431137725,0.6706586826347305,0.6107784431137725,base_50pct_all_periods,True,False,80pct,,False
3120203,강남구청역,발달상권,논현2동,강남구,0.6646706586826348,0.6107784431137725,0.6706586826347305,0.6107784431137725,base_50pct_all_periods,True,False,80pct,,False
3120196,서울세관,발달상권,논현2동,강남구,0.6706586826347305,0.6137724550898204,0.6796407185628742,0.6137724550898204,base_50pct_all_periods,True,False,80pct,,False
3120200,학동사거리,발달상권,청담동,강남구,0.6706586826347305,0.6137724550898204,0.6796407185628742,0.6137724550898204,base_50pct_all_periods,True,False,80pct,,False
3130140,숭인시장,전통시장,송천동,강북구,0.6706586826347305,0.6137724550898204,0.655688622754491,0.6137724550898204,base_50pct_all_periods,True,False,80pct,,False
3110403,방학1동주민센터,골목상권,방학1동,도봉구,0.6377245508982036,0.6197604790419161,0.6347305389221557,0.6197604790419161,base_50pct_all_periods,True,False,80pct,,False
3110405,방학역 1번,골목상권,방학1동,도봉구,0.6377245508982036,0.6197604790419161,0.6347305389221557,0.6197604790419161,base_50pct_all_periods,True,False,80pct,,False
3110410,방학역 2번,골목상권,방학1동,도봉구,0.6377245508982036,0.6197604790419161,0.6347305389221557,0.6197604790419161,base_50pct_all_periods,True,False,80pct,,False
3130151,신도봉시장,전통시장,도봉1동,도봉구,0.6377245508982036,0.6197604790419161,0.6347305389221557,0.6197604790419161,base_50pct_all_periods,True,False,80pct,,False
3110020,서울국제고등학교,골목상권,혜화동,종로구,0.6916167664670658,0.6227544910179641,0.6706586826347305,0.6227544910179641,base_50pct_all_periods,True,False,80pct,,False
3110532,아현역 2번,골목상권,북아현동,서대문구,0.7005988023952096,0.6227544910179641,0.6646706586826348,0.6227544910179641,base_50pct_all_periods,True,False,80pct,,False
3120080,마들역,발달상권,상계9동,노원구,0.7245508982035929,0.6227544910179641,0.6736526946107785,0.6227544910179641,base_50pct_all_periods,True,False,80pct,,False
3110377,미아사거리역 3번,골목상권,송중동,강북구,0.6706586826347305,0.625748502994012,0.6586826347305389,0.625748502994012,base_50pct_all_periods,True,False,80pct,,False
3110378,송중동주민센터,골목상권,송중동,강북구,0.6706586826347305,0.625748502994012,0.6586826347305389,0.625748502994012,base_50pct_all_periods,True,False,80pct,,False
3130143,방천골목시장,전통시장,송중동,강북구,0.6706586826347305,0.625748502994012,0.6586826347305389,0.625748502994012,base_50pct_all_periods,True,False,80pct,,False
3110279,신내역 2번,골목상권,신내1동,중랑구,0.6586826347305389,0.6287425149700598,0.6676646706586826,0.6287425149700598,base_50pct_all_periods,True,False,80pct,,False
3110160,광진경찰서,골목상권,구의1동,광진구,0.6317365269461078,0.6317365269461078,0.688622754491018,0.6317365269461078,base_50pct_all_periods,True,False,80pct,,False
3110953,학동근린공원,골목상권,논현1동,강남구,0.7245508982035929,0.6317365269461078,0.688622754491018,0.6317365269461078,base_50pct_all_periods,True,False,80pct,,False
3110950,논현역 7번,골목상권,논현1동,강남구,0.7514970059880239,0.6347305389221557,0.6916167664670658,0.6347305389221557,base_50pct_all_periods,True,False,80pct,,False
3120174,논현역 5번,발달상권,잠원동,서초구,0.7514970059880239,0.6347305389221557,0.6916167664670658,0.6347305389221557,base_50pct_all_periods,True,False,80pct,,False
3120178,신사역,발달상권,잠원동,서초구,0.7514970059880239,0.6347305389221557,0.6916167664670658,0.6347305389221557,base_50pct_all_periods,True,False,80pct,,False
3120185,논현역,발달상권,논현1동,강남구,0.7514970059880239,0.6347305389221557,0.6916167664670658,0.6347305389221557,base_50pct_all_periods,True,False,80pct,,False
3110426,상계2동주민센터,골목상권,상계2동,노원구,0.6856287425149701,0.6377245508982036,0.6856287425149701,0.6377245508982036,base_50pct_all_periods,True,False,80pct,,False
3130114,유영시장,전통시장,망우3동,중랑구,0.7574850299401198,0.6706586826347305,0.6377245508982036,0.6377245508982036,base_50pct_all_periods,True,False,80pct,,False
3110154,광진정말공원,골목상권,자양1동,광진구,0.6526946107784432,0.6407185628742516,0.6676646706586826,0.6407185628742516,base_50pct_all_periods,True,False,80pct,,False
3110163,성자초등학교,골목상권,자양2동,광진구,0.6526946107784432,0.6407185628742516,0.6676646706586826,0.6407185628742516,base_50pct_all_periods,True,False,80pct,,False
3120042,"숙대입구역(남영역, 남영동)",발달상권,남영동,용산구,0.6856287425149701,0.6407185628742516,0.6796407185628742,0.6407185628742516,base_50pct_all_periods,True,False,80pct,,False
3120045,남영동 먹자골목,발달상권,남영동,용산구,0.6856287425149701,0.6407185628742516,0.6796407185628742,0.6407185628742516,base_50pct_all_periods,True,False,80pct,식사,False
3110311,종암아이파크2차후문,골목상권,종암동,성북구,0.6826347305389222,0.6586826347305389,0.6437125748502994,0.6437125748502994,base_50pct_all_periods,True,False,80pct,,False
3110414,장석교회,골목상권,월계1동,노원구,0.655688622754491,0.6616766467065869,0.6437125748502994,0.6437125748502994,base_50pct_all_periods,True,False,80pct,,False
3110069,숙대입구,골목상권,청파동,용산구,0.6856287425149701,0.6467065868263473,0.6796407185628742,0.6467065868263473,base_50pct_all_periods,True,False,80pct,,False
3130182,영천시장,전통시장,천연동,서대문구,0.7245508982035929,0.6467065868263473,0.7035928143712575,0.6467065868263473,base_50pct_all_periods,True,False,80pct,,False
3110068,남영역 1번,골목상권,원효로1동,용산구,0.6856287425149701,0.6497005988023952,0.6826347305389222,0.6497005988023952,base_50pct_all_periods,True,False,80pct,,False
3110533,충정로역 7번,골목상권,북아현동,서대문구,0.7275449101796407,0.6497005988023952,0.688622754491018,0.6497005988023952,base_50pct_all_periods,True,False,80pct,,False
3110538,충정로역 3번,골목상권,충현동,서대문구,0.7275449101796407,0.6497005988023952,0.688622754491018,0.6497005988023952,base_50pct_all_periods,True,False,80pct,,False
3110591,충정로역 6번,골목상권,중림동,중구,0.7275449101796407,0.6497005988023952,0.688622754491018,0.6497005988023952,base_50pct_all_periods,True,False,80pct,,False
3120097,충정로역,발달상권,충현동,서대문구,0.7275449101796407,0.6497005988023952,0.688622754491018,0.6497005988023952,base_50pct_all_periods,True,False,80pct,,False
3130181,아현가구거리상점가,전통시장,북아현동,서대문구,0.7275449101796407,0.6497005988023952,0.688622754491018,0.6497005988023952,base_50pct_all_periods,True,False,80pct,,False
3110299,정릉역 1번,골목상권,정릉1동,성북구,0.6946107784431138,0.6526946107784432,0.6916167664670658,0.6526946107784432,base_50pct_all_periods,True,False,80pct,,False
3110306,미아초등학교,골목상권,길음1동,성북구,0.6976047904191617,0.6526946107784432,0.6916167664670658,0.6526946107784432,base_50pct_all_periods,True,False,80pct,,False
3110307,길음역 7번,골목상권,길음1동,성북구,0.6976047904191617,0.6526946107784432,0.6916167664670658,0.6526946107784432,base_50pct_all_periods,True,False,80pct,,False
3130121,길음시장,전통시장,길음1동,성북구,0.6976047904191617,0.6526946107784432,0.6916167664670658,0.6526946107784432,base_50pct_all_periods,True,False,80pct,,False
3110084,경리단길북측,골목상권,이태원2동,용산구,0.7365269461077845,0.655688622754491,0.718562874251497,0.655688622754491,base_50pct_all_periods,True,False,80pct,,False
3110272,신내1동주민센터,골목상권,신내1동,중랑구,0.6976047904191617,0.655688622754491,0.6646706586826348,0.655688622754491,base_50pct_all_periods,True,False,80pct,,True
3001495,잠실 관광특구,관광특구,오륜동,송파구,0.6796407185628742,0.6646706586826348,0.6976047904191617,0.6646706586826348,base_50pct_all_periods,True,False,80pct,,False
3110308,길음역 8번,골목상권,길음2동,성북구,0.6976047904191617,0.6646706586826348,0.6916167664670658,0.6646706586826348,base_50pct_all_periods,True,False,80pct,,False
3110310,길음역 10번,골목상권,길음2동,성북구,0.6976047904191617,0.6646706586826348,0.6916167664670658,0.6646706586826348,base_50pct_all_periods,True,False,80pct,,False
3111063,강동구립 천호도서관,골목상권,천호3동,강동구,0.6706586826347305,0.6646706586826348,0.6916167664670658,0.6646706586826348,base_50pct_all_periods,True,False,80pct,,False
3111067,강동구립성내도서관,골목상권,성내3동,강동구,0.6706586826347305,0.6646706586826348,0.6916167664670658,0.6646706586826348,base_50pct_all_periods,True,False,80pct,,False
3111068,강동성심병원,골목상권,길동,강동구,0.6706586826347305,0.6646706586826348,0.6916167664670658,0.6646706586826348,base_50pct_all_periods,True,False,80pct,,False
3120246,길동역,발달상권,길동,강동구,0.6706586826347305,0.6646706586826348,0.6916167664670658,0.6646706586826348,base_50pct_all_periods,True,False,80pct,여가문화,False
3130319,성내전통시장,전통시장,성내2동,강동구,0.6706586826347305,0.6646706586826348,0.6916167664670658,0.6646706586826348,base_50pct_all_periods,True,False,80pct,,False
3110325,장곡초등학교,골목상권,장위1동,성북구,0.6766467065868264,0.6706586826347305,0.6676646706586826,0.6676646706586826,base_50pct_all_periods,True,False,80pct,,False
3120193,도산공원교차로,발달상권,압구정동,강남구,0.7664670658682635,0.6676646706586826,0.7125748502994012,0.6676646706586826,base_50pct_all_periods,True,False,80pct,,False
3110409,창동역 2번,골목상권,창5동,도봉구,0.7035928143712575,0.6796407185628742,0.7275449101796407,0.6796407185628742,base_50pct_all_periods,True,False,80pct,,False
3120079,창동역,발달상권,창5동,도봉구,0.7035928143712575,0.6796407185628742,0.7275449101796407,0.6796407185628742,base_50pct_all_periods,True,False,80pct,,False
3130153,창동역상점가,전통시장,창4동,도봉구,0.7035928143712575,0.6796407185628742,0.7275449101796407,0.6796407185628742,base_50pct_all_periods,True,False,80pct,,False
3110424,상계초등학교,골목상권,상계2동,노원구,0.718562874251497,0.6826347305389222,0.7005988023952096,0.6826347305389222,base_50pct_all_periods,True,False,80pct,,False
3120078,미아사거리역,발달상권,송중동,강북구,0.6916167664670658,0.6826347305389222,0.6826347305389222,0.6826347305389222,base_50pct_all_periods,True,False,80pct,,False
3110067,배문고등학교,골목상권,청파동,용산구,0.7514970059880239,0.6856287425149701,0.7335329341317365,0.6856287425149701,base_50pct_all_periods,True,False,80pct,,False
3110075,숙대입구역 1번,골목상권,남영동,용산구,0.7514970059880239,0.6856287425149701,0.7335329341317365,0.6856287425149701,base_50pct_all_periods,True,False,80pct,,False
3110092,NH농협은행 보광동지점,골목상권,보광동,용산구,0.7634730538922155,0.6856287425149701,0.7455089820359282,0.6856287425149701,base_50pct_all_periods,True,False,80pct,,False
3130059,후암시장,전통시장,후암동,용산구,0.7514970059880239,0.6856287425149701,0.7335329341317365,0.6856287425149701,base_50pct_all_periods,True,False,80pct,,False
3110008,배화여자대학교(박노수미술관),골목상권,청운효자동,종로구,0.7514970059880239,0.6916167664670658,0.7275449101796407,0.6916167664670658,base_50pct_all_periods,True,False,80pct,카페,False
3110013,체부동홍종문가옥,골목상권,사직동,종로구,0.7514970059880239,0.6916167664670658,0.7275449101796407,0.6916167664670658,base_50pct_all_periods,True,False,80pct,,False
3110015,청와대사랑채,골목상권,청운효자동,종로구,0.7514970059880239,0.6916167664670658,0.7275449101796407,0.6916167664670658,base_50pct_all_periods,True,False,80pct,,False
3130002,세종마을음식문화거리(금천교시장),전통시장,사직동,종로구,0.7514970059880239,0.6916167664670658,0.7275449101796407,0.6916167664670658,base_50pct_all_periods,True,False,80pct,,False
3110138,송정체육공원,골목상권,송정동,성동구,0.6946107784431138,0.7095808383233533,0.7425149700598802,0.6946107784431138,base_50pct_all_periods,True,False,80pct,,False
3110422,노원역 9번,골목상권,상계10동,노원구,0.7365269461077845,0.6976047904191617,0.7095808383233533,0.6976047904191617,base_50pct_all_periods,True,False,80pct,,False
3120073,미아사거리,발달상권,길음2동,성북구,0.7095808383233533,0.7005988023952096,0.7155688622754491,0.7005988023952096,base_50pct_all_periods,True,False,80pct,,False
3130154,상계주공1단지(가)상가,전통시장,상계6·7동,노원구,0.7724550898203593,0.7005988023952096,0.7335329341317365,0.7005988023952096,base_50pct_all_periods,True,False,80pct,,False
3110107,금호사거리,골목상권,금호4가동,성동구,0.8383233532934131,0.7065868263473054,0.811377245508982,0.7065868263473054,base_50pct_all_periods,True,False,80pct,,False
3111011,잠실나루역,골목상권,잠실4동,송파구,0.7395209580838323,0.7065868263473054,0.7574850299401198,0.7065868263473054,base_50pct_all_periods,True,False,80pct,,False
3110038,경향신문사,골목상권,소공동,중구,0.781437125748503,0.7125748502994012,0.7604790419161677,0.7125748502994012,base_50pct_all_periods,True,False,80pct,,False
3110534,경기대학교,골목상권,충현동,서대문구,0.781437125748503,0.7125748502994012,0.7604790419161677,0.7125748502994012,base_50pct_all_periods,True,False,80pct,,False
3110536,돈의문센트레빌아파트입구,골목상권,천연동,서대문구,0.781437125748503,0.7125748502994012,0.7604790419161677,0.7125748502994012,base_50pct_all_periods,True,False,80pct,,False
3110537,충정로현대아파트,골목상권,충현동,서대문구,0.781437125748503,0.7125748502994012,0.7604790419161677,0.7125748502994012,base_50pct_all_periods,True,False,80pct,,False
3110539,미근동,골목상권,충현동,서대문구,0.781437125748503,0.7125748502994012,0.7604790419161677,0.7125748502994012,base_50pct_all_periods,True,False,80pct,,False
3120001,서대문역,발달상권,교남동,종로구,0.781437125748503,0.7125748502994012,0.7604790419161677,0.7125748502994012,base_50pct_all_periods,True,False,80pct,식사,False
3110296,성신여대입구역 4번,골목상권,동선동,성북구,0.7604790419161677,0.7155688622754491,0.7514970059880239,0.7155688622754491,base_50pct_all_periods,True,False,80pct,,False
3110301,성신여대입구역 7번,골목상권,동선동,성북구,0.7604790419161677,0.7155688622754491,0.7514970059880239,0.7155688622754491,base_50pct_all_periods,True,False,80pct,,False
3110303,성신여대입구역 1번,골목상권,동선동,성북구,0.7604790419161677,0.7155688622754491,0.7514970059880239,0.7155688622754491,base_50pct_all_periods,True,False,80pct,,False
3120190,강남을지병원,발달상권,신사동,강남구,0.811377245508982,0.7155688622754491,0.7634730538922155,0.7155688622754491,base_50pct_all_periods,True,False,80pct,,False
3120227,잠실역,발달상권,잠실6동,송파구,0.7425149700598802,0.7155688622754491,0.7634730538922155,0.7155688622754491,base_50pct_all_periods,True,False,80pct,쇼핑,False
3110314,종암경찰서,골목상권,종암동,성북구,0.7544910179640718,0.7455089820359282,0.7245508982035929,0.7245508982035929,base_50pct_all_periods,True,False,80pct,,False
3111048,천호역 1번(천호문구완구거리),골목상권,천호2동,강동구,0.7514970059880239,0.7245508982035929,0.7574850299401198,0.7245508982035929,base_50pct_all_periods,True,False,80pct,,False
3111049,천호지구대(천호동자전거거리),골목상권,천호2동,강동구,0.7514970059880239,0.7245508982035929,0.7574850299401198,0.7245508982035929,base_50pct_all_periods,True,False,80pct,,False
3111051,천호역 6번,골목상권,성내2동,강동구,0.7514970059880239,0.7245508982035929,0.7574850299401198,0.7245508982035929,base_50pct_all_periods,True,False,80pct,,False
3111056,천호태영아파트,골목상권,천호3동,강동구,0.7514970059880239,0.7245508982035929,0.7574850299401198,0.7245508982035929,base_50pct_all_periods,True,False,80pct,,False
3111059,강동역 4번(강풀만화거리),골목상권,성내2동,강동구,0.7514970059880239,0.7245508982035929,0.7574850299401198,0.7245508982035929,base_50pct_all_periods,True,False,80pct,,False
3120243,천호역,발달상권,천호2동,강동구,0.7514970059880239,0.7245508982035929,0.7574850299401198,0.7245508982035929,base_50pct_all_periods,True,False,80pct,쇼핑,False
3130314,풍납시장,전통시장,풍납1동,송파구,0.7514970059880239,0.7245508982035929,0.7574850299401198,0.7245508982035929,base_50pct_all_periods,True,False,80pct,,False
3130318,로데오거리상점가,전통시장,천호2동,강동구,0.7514970059880239,0.7245508982035929,0.7574850299401198,0.7245508982035929,base_50pct_all_periods,True,False,80pct,,False
3110171,중곡4동주민센터,골목상권,중곡4동,광진구,0.811377245508982,0.7335329341317365,0.8053892215568862,0.7335329341317365,base_50pct_all_periods,True,False,80pct,,False
3110066,서울역 15번,골목상권,청파동,용산구,0.7664670658682635,0.7365269461077845,0.7514970059880239,0.7365269461077845,base_50pct_all_periods,True,False,80pct,,False
3110074,서울역 12번,골목상권,남영동,용산구,0.7664670658682635,0.7365269461077845,0.7514970059880239,0.7365269461077845,base_50pct_all_periods,True,False,80pct,,False
3110269,용마문화복지센터,골목상권,면목3·8동,중랑구,0.8682634730538922,0.7425149700598802,0.7365269461077845,0.7365269461077845,base_50pct_all_periods,True,False,80pct,,False
3110285,홍대부중,골목상권,성북동,성북구,0.7724550898203593,0.7365269461077845,0.7634730538922155,0.7365269461077845,base_50pct_all_periods,True,False,80pct,,False
3120058,구의사거리,발달상권,구의1동,광진구,0.7724550898203593,0.7365269461077845,0.7754491017964071,0.7365269461077845,base_50pct_all_periods,True,False,80pct,,False
3120072,성신여대,발달상권,동선동,성북구,0.7604790419161677,0.7365269461077845,0.7574850299401198,0.7365269461077845,base_50pct_all_periods,True,False,80pct,여가문화,False
3130120,돈암시장(돈암제일시장),전통시장,삼선동,성북구,0.7604790419161677,0.7365269461077845,0.7574850299401198,0.7365269461077845,base_50pct_all_periods,True,False,80pct,,False
3110985,청담근린공원,골목상권,청담동,강남구,0.7724550898203593,0.7395209580838323,0.781437125748503,0.7395209580838323,base_50pct_all_periods,True,False,80pct,,False
3110988,청담역 3번,골목상권,삼성1동,강남구,0.7724550898203593,0.7395209580838323,0.781437125748503,0.7395209580838323,base_50pct_all_periods,True,False,80pct,,False
3110990,청담역 12번,골목상권,청담동,강남구,0.7724550898203593,0.7395209580838323,0.781437125748503,0.7395209580838323,base_50pct_all_periods,True,False,80pct,,False
3120061,올림픽대교북단,발달상권,구의3동,광진구,0.7574850299401198,0.7395209580838323,0.7664670658682635,0.7395209580838323,base_50pct_all_periods,True,False,80pct,,False
3120209,"강남구청(청담역_8번, 강남세무서)",발달상권,청담동,강남구,0.7724550898203593,0.7395209580838323,0.781437125748503,0.7395209580838323,base_50pct_all_periods,True,False,80pct,,False
3120214,영동대교남단교차로,발달상권,청담동,강남구,0.7724550898203593,0.7395209580838323,0.781437125748503,0.7395209580838323,base_50pct_all_periods,True,False,80pct,,False
3120216,경기고교사거리(경기고교앞사거리),발달상권,청담동,강남구,0.7724550898203593,0.7395209580838323,0.781437125748503,0.7395209580838323,base_50pct_all_periods,True,False,80pct,,False
3110316,숭곡초등학교,골목상권,월곡1동,성북구,0.7544910179640718,0.7455089820359282,0.7455089820359282,0.7455089820359282,base_50pct_all_periods,True,False,80pct,,False
3110018,중앙고등학교,골목상권,가회동,종로구,0.8143712574850299,0.7485029940119761,0.7904191616766467,0.7485029940119761,base_50pct_all_periods,True,False,80pct,,False
3110270,혜원여고,골목상권,망우3동,중랑구,0.8862275449101796,0.7784431137724551,0.7485029940119761,0.7485029940119761,base_50pct_all_periods,True,False,80pct,,False
3110321,동덕여대,골목상권,월곡1동,성북구,0.7664670658682635,0.7485029940119761,0.7724550898203593,0.7485029940119761,base_50pct_all_periods,True,False,80pct,,False
3110099,유엔빌리지길,골목상권,한남동,용산구,0.844311377245509,0.7544910179640718,0.8203592814371258,0.7544910179640718,base_50pct_all_periods,True,False,80pct,,False
3110101,옥정중학교,골목상권,옥수동,성동구,0.844311377245509,0.7544910179640718,0.8203592814371258,0.7544910179640718,base_50pct_all_periods,True,False,80pct,,False
3130075,노룬산시장(노룬산골목시장),전통시장,자양4동,광진구,0.7844311377245509,0.7544910179640718,0.7964071856287425,0.7544910179640718,base_50pct_all_periods,True,False,80pct,,False
3120002,서촌(경복궁역),발달상권,사직동,종로구,0.7784431137724551,0.7574850299401198,0.7784431137724551,0.7574850299401198,base_50pct_all_periods,True,False,80pct,카페,False
3110022,경신고등학교,골목상권,혜화동,종로구,0.8053892215568862,0.7604790419161677,0.8053892215568862,0.7604790419161677,base_50pct_all_periods,True,False,80pct,,False
3110039,회현역 1번,골목상권,회현동,중구,0.8173652694610778,0.7664670658682635,0.8083832335329342,0.7664670658682635,base_50pct_all_periods,True,False,80pct,,False
3110040,중구회현체육센터(정화예술대남산캠퍼스),골목상권,회현동,중구,0.8173652694610778,0.7664670658682635,0.8083832335329342,0.7664670658682635,base_50pct_all_periods,True,False,80pct,,False
3110079,후암동주민센터,골목상권,후암동,용산구,0.8173652694610778,0.7664670658682635,0.8083832335329342,0.7664670658682635,base_50pct_all_periods,True,False,80pct,,False
3110274,서일대학교,골목상권,면목3·8동,중랑구,0.8862275449101796,0.7784431137724551,0.7664670658682635,0.7664670658682635,base_50pct_all_periods,True,False,80pct,,False
3110286,한성대입구역 5번,골목상권,성북동,성북구,0.8233532934131736,0.7694610778443114,0.8203592814371258,0.7694610778443114,base_50pct_all_periods,True,False,80pct,,False
3110288,동구여중,골목상권,성북동,성북구,0.8233532934131736,0.7694610778443114,0.8203592814371258,0.7694610778443114,base_50pct_all_periods,True,False,80pct,,False
3110293,삼선중학교,골목상권,성북동,성북구,0.8233532934131736,0.7694610778443114,0.8203592814371258,0.7694610778443114,base_50pct_all_periods,True,False,80pct,,False
3120070,한성대입구역,발달상권,삼선동,성북구,0.8233532934131736,0.7694610778443114,0.8203592814371258,0.7694610778443114,base_50pct_all_periods,True,False,80pct,,True
3110315,종암아이파크2차,골목상권,종암동,성북구,0.7844311377245509,0.7784431137724551,0.7724550898203593,0.7724550898203593,base_50pct_all_periods,True,False,80pct,,False
3110012,성곡미술관,골목상권,사직동,종로구,0.7994011976047904,0.7754491017964071,0.7934131736526946,0.7754491017964071,base_50pct_all_periods,True,False,80pct,,False
3120005,삼청동,발달상권,삼청동,종로구,0.8143712574850299,0.7754491017964071,0.7964071856287425,0.7754491017964071,base_50pct_all_periods,True,False,80pct,카페,False
3120024,회현역,발달상권,회현동,중구,0.8173652694610778,0.7754491017964071,0.8083832335329342,0.7754491017964071,base_50pct_all_periods,True,False,80pct,,False
3110176,해오름공원,골목상권,중곡4동,광진구,0.8053892215568862,0.7784431137724551,0.8532934131736527,0.7784431137724551,base_50pct_all_periods,True,False,80pct,,False
3110291,한성대입구역 3번,골목상권,삼선동,성북구,0.8353293413173652,0.7784431137724551,0.8293413173652695,0.7784431137724551,base_50pct_all_periods,True,False,80pct,,False
3110319,종암동주민센터,골목상권,종암동,성북구,0.7994011976047904,0.7994011976047904,0.7784431137724551,0.7784431137724551,base_50pct_all_periods,True,False,80pct,,False
3130084,신성시장(신성골목시장),전통시장,중곡4동,광진구,0.7994011976047904,0.7904191616766467,0.8323353293413174,0.7904191616766467,base_50pct_all_periods,True,False,80pct,,False
3120019,경찰청앞교차로,발달상권,소공동,중구,0.8263473053892215,0.7964071856287425,0.8353293413173652,0.7964071856287425,base_50pct_all_periods,True,False,80pct,,False
3130025,삼익패션타운(남대문시장),전통시장,회현동,중구,0.8173652694610778,0.7994011976047904,0.8233532934131736,0.7994011976047904,base_50pct_all_periods,True,False,80pct,,False
