target,scenario,top10,kept_vs_C,entered_vs_C,left_vs_C,rank_spearman_common_vs_C,tourism_in_top10,overlap_skipped
food,A_include_all,종각역 | 세종마을음식문화거리(금천교시장) | 방이동먹자골목 | 광화문역 | 서울시청 | 을지로입구역 | 종로구청 | 남영동 먹자골목 | 인사동 | 공릉역,10,,,1.0,0,0
food,B_drop_tourism_and_inner,종각역 | 세종마을음식문화거리(금천교시장) | 광화문역 | 종로구청 | 남영동 먹자골목 | 인사동 | 공릉역 | 건대입구역(건대) | 신당 미래유산 먹거리 골목형상점가 | 상봉역,7,건대입구역(건대) | 상봉역 | 신당 미래유산 먹거리 골목형상점가,서울시청 | 을지로입구역 | 방이동먹자골목,1.0,0,0
food,C_drop_tourism_polygon_only,종각역 | 세종마을음식문화거리(금천교시장) | 방이동먹자골목 | 광화문역 | 서울시청 | 을지로입구역 | 종로구청 | 남영동 먹자골목 | 인사동 | 공릉역,10,,,1.0,0,0
shopping,A_include_all,종로신진시장 | 명동역(명동재미로) | 명동(명동거리) | 종로5가역 | 방산종합시장(방산시장) | 성수대교남단 | 용산전자상가(용산역) | 종로3가역 | 강변역(테크노마트) | 대림상가(청계상가),10,,,1.0,0,0
shopping,B_drop_tourism_and_inner,명동역(명동재미로) | 종로5가역 | 방산종합시장(방산시장) | 성수대교남단 | 용산전자상가(용산역) | 종로3가역 | 강변역(테크노마트) | 대림상가(청계상가) | 학동사거리 | 등나무근린공원,8,등나무근린공원 | 학동사거리,명동(명동거리) | 종로신진시장,1.0,0,0
shopping,C_drop_tourism_polygon_only,종로신진시장 | 명동역(명동재미로) | 명동(명동거리) | 종로5가역 | 방산종합시장(방산시장) | 성수대교남단 | 용산전자상가(용산역) | 종로3가역 | 강변역(테크노마트) | 대림상가(청계상가),10,,,1.0,0,0
food+shopping,A_include_all,종로3가역 | 을지로3가역 | 명동 남대문 북창동 다동 무교동 관광특구 | 종로구청 | 인사동 | 이태원(이태원역) | 잠실역 | 학동사거리 | 이태원시장 | 수유역,9,명동 남대문 북창동 다동 무교동 관광특구,명동(명동거리),1.0,1,3
food+shopping,B_drop_tourism_and_inner,종로3가역 | 을지로3가역 | 종로구청 | 인사동 | 학동사거리 | 수유역 | 성수대교남단 | 로데오거리상점가 | 서울중앙시장(신중앙시장) | 종각역,6,종각역 | 성수대교남단 | 서울중앙시장(신중앙시장) | 로데오거리상점가,명동(명동거리) | 이태원(이태원역) | 잠실역 | 이태원시장,1.0,0,0
food+shopping,C_drop_tourism_polygon_only,종로3가역 | 을지로3가역 | 명동(명동거리) | 종로구청 | 인사동 | 이태원(이태원역) | 잠실역 | 학동사거리 | 이태원시장 | 수유역,10,,,1.0,0,0
