area_code,industry,lunch_tx,lunch_ticket,lunch_ticket_shrunk,lunch_price_index,subtype,price_tier
3001491,일식음식점,1420,33218.0,32590.0,1.159,M3,중가
3001491,패스트푸드점,34656,18058.0,18033.0,1.313,M5,고가
3001491,중식음식점,16989,26550.0,26520.0,1.106,M2,중가
3001491,한식음식점,61302,29046.0,29035.0,1.123,M1,중가
3001491,양식음식점,41804,42880.0,42822.0,1.391,M4,고가
3001491,분식전문점,6227,13086.0,13038.0,1.13,M5,중가
3001492,치킨전문점,5160,24328.0,24288.0,1.044,M6,중가
3001492,양식음식점,59805,49571.0,49508.0,1.609,M4,고가
3001492,일식음식점,79717,38769.0,38742.0,1.377,M3,고가
3001492,패스트푸드점,58225,12435.0,12439.0,0.906,M5,중가
3001492,한식음식점,1141348,36909.0,36907.0,1.428,M1,고가
3001492,중식음식점,81627,38593.0,38557.0,1.607,M2,고가
3001492,분식전문점,272304,11923.0,11923.0,1.033,M5,중가
3001493,패스트푸드점,31909,9657.0,9682.0,0.705,M5,저가
3001493,양식음식점,22735,39183.0,39109.0,1.271,M4,중가
3001493,일식음식점,2626,38823.0,38066.0,1.353,M3,고가
3001493,분식전문점,44271,8613.0,8626.0,0.747,M5,저가
3001493,한식음식점,135832,29871.0,29865.0,1.155,M1,중가
3001493,중식음식점,2163,22007.0,22175.0,0.924,M2,중가
3001493,치킨전문점,12,22655.0,23230.0,0.999,M6,정보없음
3001494,패스트푸드점,4729,17889.0,17720.0,1.291,M5,고가
3001494,치킨전문점,1351,48830.0,45533.0,1.957,M6,고가
3001494,중식음식점,45668,19578.0,19597.0,0.817,M2,저가
3001494,분식전문점,63441,14051.0,14043.0,1.217,M5,고가
3001494,일식음식점,53151,27346.0,27349.0,0.972,M3,중가
3001494,양식음식점,23040,31880.0,31870.0,1.035,M4,중가
3001494,한식음식점,430281,28448.0,28447.0,1.1,M1,중가
3001495,한식음식점,238456,31019.0,31015.0,1.2,M1,고가
3001495,치킨전문점,137,21891.0,22706.0,0.976,M6,중가
3001495,패스트푸드점,196384,12840.0,12841.0,0.935,M5,중가
3001495,중식음식점,23908,23717.0,23719.0,0.989,M2,중가
3001495,일식음식점,20487,37870.0,37776.0,1.343,M3,고가
3001495,분식전문점,140420,7787.0,7792.0,0.675,M5,저가
3001495,양식음식점,30627,56826.0,56657.0,1.841,M4,고가
3001496,패스트푸드점,54689,11919.0,11925.0,0.869,M5,중가
3001496,양식음식점,35519,59942.0,59779.0,1.942,M4,고가
3001496,일식음식점,3314,109049.0,104443.0,3.713,M3,고가
3001496,분식전문점,39977,11517.0,11517.0,0.998,M5,중가
3001496,중식음식점,76696,45942.0,45885.0,1.913,M2,고가
3001496,한식음식점,62791,25960.0,25960.0,1.004,M1,중가
3110002,한식음식점,12119,23654.0,23690.0,0.916,M1,중가
3110004,한식음식점,3764,47272.0,46191.0,1.787,M1,고가
3110007,한식음식점,202,47272.0,36615.0,1.416,M1,고가
3110008,패스트푸드점,659,18454.0,17354.0,1.264,M5,중가
3110008,양식음식점,9359,37605.0,37462.0,1.217,M4,중가
3110008,치킨전문점,455,28112.0,26632.0,1.145,M6,중가
3110008,분식전문점,5475,19647.0,19362.0,1.677,M5,고가
3110008,일식음식점,4590,19728.0,20079.0,0.714,M3,저가
3110008,한식음식점,11542,29675.0,29610.0,1.145,M1,중가
3110012,양식음식점,9809,90341.0,89151.0,2.897,M4,고가
3110012,한식음식점,9652,38044.0,37796.0,1.462,M1,고가
3110012,일식음식점,3677,27859.0,27873.0,0.991,M3,중가
3110015,양식음식점,1550,95861.0,88423.0,2.873,M4,고가
3110018,한식음식점,5594,47272.0,46532.0,1.8,M1,고가
3110018,양식음식점,585,80648.0,67942.0,2.207,M4,고가
3110019,한식음식점,398,47272.0,40108.0,1.551,M1,고가
3110020,한식음식점,28405,15783.0,15854.0,0.613,M1,저가
3110020,분식전문점,9501,11754.0,11750.0,1.018,M5,중가
3110021,양식음식점,3903,28470.0,28583.0,0.929,M4,중가
3110021,치킨전문점,4,46990.0,23730.0,1.02,M6,정보없음
3110021,한식음식점,7579,22538.0,22623.0,0.875,M1,중가
3110021,패스트푸드점,908,13872.0,13846.0,1.008,M5,중가
3110022,한식음식점,3167,35269.0,34709.0,1.343,M1,고가
3110023,한식음식점,13298,20311.0,20393.0,0.789,M1,저가
3110024,한식음식점,21883,35892.0,35801.0,1.385,M1,고가
3110025,한식음식점,4420,18464.0,18784.0,0.727,M1,저가
3110027,분식전문점,998,12652.0,12467.0,1.08,M5,중가
3110027,한식음식점,1913,32950.0,32278.0,1.249,M1,고가
3110028,한식음식점,8376,23382.0,23439.0,0.907,M1,중가
3110028,일식음식점,1159,37500.0,36121.0,1.284,M3,중가
3110029,분식전문점,1067,8058.0,8608.0,0.746,M5,저가
3110029,한식음식점,1256,30919.0,30223.0,1.169,M1,중가
3110030,한식음식점,6516,26551.0,26530.0,1.026,M1,중가
3110030,양식음식점,707,37113.0,35716.0,1.16,M4,중가
3110032,한식음식점,357,27449.0,26876.0,1.04,M1,중가
3110033,한식음식점,10168,23962.0,23998.0,0.928,M1,중가
3110034,한식음식점,2418,17374.0,18021.0,0.697,M1,저가
3110035,치킨전문점,24,18929.0,22800.0,0.98,M6,정보없음
3110035,분식전문점,285,10263.0,10791.0,0.935,M5,중가
3110035,한식음식점,2121,31788.0,31277.0,1.21,M1,고가
3110036,한식음식점,1571,21543.0,22030.0,0.852,M1,중가
3110037,한식음식점,2987,25849.0,25849.0,1.0,M1,중가
3110038,분식전문점,26669,13008.0,12997.0,1.126,M5,중가
3110038,일식음식점,7912,25691.0,25751.0,0.915,M3,중가
3110038,한식음식점,34817,27309.0,27301.0,1.056,M1,중가
3110039,한식음식점,8458,19841.0,19980.0,0.773,M1,저가
3110040,한식음식점,9998,27439.0,27408.0,1.06,M1,중가
3110041,양식음식점,19158,35898.0,35846.0,1.165,M4,중가
3110041,한식음식점,63473,27105.0,27101.0,1.048,M1,중가
3110042,한식음식점,5636,31669.0,31470.0,1.217,M1,고가
3110043,한식음식점,9272,25472.0,25480.0,0.986,M1,중가
3110043,분식전문점,2607,15113.0,14859.0,1.287,M5,고가
3110043,중식음식점,962,28918.0,28069.0,1.17,M2,중가
3110044,한식음식점,2350,29714.0,29411.0,1.138,M1,중가
3110045,일식음식점,2533,20153.0,20737.0,0.737,M3,저가
3110045,한식음식점,49048,22818.0,22830.0,0.883,M1,중가
3110045,분식전문점,2634,12262.0,12212.0,1.058,M5,중가
3110045,양식음식점,25,31045.0,30808.0,1.001,M4,정보없음
3110048,한식음식점,2118,42525.0,41087.0,1.589,M1,고가
3110049,패스트푸드점,5744,14909.0,14869.0,1.083,M5,중가
3110049,한식음식점,4076,47272.0,46270.0,1.79,M1,고가
3110050,한식음식점,22179,20404.0,20452.0,0.791,M1,저가
3110051,한식음식점,3177,27760.0,27647.0,1.069,M1,중가
3110052,한식음식점,14052,24852.0,24867.0,0.962,M1,중가
3110052,분식전문점,3782,12174.0,12143.0,1.052,M5,중가
3110053,한식음식점,5620,28384.0,28297.0,1.095,M1,중가
3110053,중식음식점,3155,20271.0,20493.0,0.854,M2,중가
3110054,패스트푸드점,809,31987.0,28368.0,2.066,M5,고가
3110054,한식음식점,7927,22260.0,22349.0,0.864,M1,중가
3110055,한식음식점,1739,29889.0,29473.0,1.14,M1,중가
3110056,한식음식점,10122,30048.0,29967.0,1.159,M1,중가
3110056,분식전문점,1145,13357.0,13087.0,1.134,M5,중가
3110057,한식음식점,3212,38320.0,37589.0,1.454,M1,고가
3110057,분식전문점,2850,10040.0,10138.0,0.878,M5,저가
3110058,한식음식점,9929,25311.0,25321.0,0.979,M1,중가
3110058,일식음식점,964,30641.0,30210.0,1.074,M3,중가
3110060,양식음식점,857,33720.0,33164.0,1.078,M4,중가
3110060,한식음식점,2755,29738.0,29475.0,1.14,M1,중가
3110060,치킨전문점,103,30190.0,25619.0,1.101,M6,중가
3110061,한식음식점,3435,27241.0,27165.0,1.051,M1,중가
3110062,한식음식점,70129,30377.0,30364.0,1.175,M1,중가
3110062,일식음식점,163,104082.0,62235.0,2.212,M3,고가
3110062,패스트푸드점,58,10475.0,12998.0,0.947,M5,정보없음
3110062,양식음식점,4049,46847.0,46091.0,1.498,M4,고가
3110063,치킨전문점,9,18631.0,23065.0,0.991,M6,정보없음
3110063,한식음식점,20675,24837.0,24846.0,0.961,M1,중가
3110064,패스트푸드점,1193,12134.0,12363.0,0.9,M5,중가
3110064,한식음식점,11206,25251.0,25261.0,0.977,M1,중가
3110064,분식전문점,4321,13282.0,13205.0,1.144,M5,중가
3110066,분식전문점,6287,11855.0,11845.0,1.026,M5,중가
3110066,한식음식점,26680,31315.0,31274.0,1.21,M1,고가
3110067,한식음식점,9013,26609.0,26593.0,1.029,M1,중가
3110067,치킨전문점,48,13880.0,21448.0,0.922,M6,정보없음
3110067,분식전문점,2667,12665.0,12587.0,1.09,M5,중가
3110068,한식음식점,38280,24275.0,24283.0,0.939,M1,중가
3110068,분식전문점,8479,14285.0,14222.0,1.232,M5,고가
3110068,중식음식점,3118,21903.0,22028.0,0.918,M2,중가
3110069,치킨전문점,182,41530.0,31967.0,1.374,M6,고가
3110069,패스트푸드점,13330,11616.0,11648.0,0.848,M5,중가
3110069,분식전문점,32351,12051.0,12048.0,1.044,M5,중가
3110069,중식음식점,11387,20596.0,20655.0,0.861,M2,중가
3110069,한식음식점,56927,17810.0,17838.0,0.69,M1,저가
3110069,양식음식점,27530,19493.0,19575.0,0.636,M4,저가
3110069,일식음식점,7538,31769.0,31675.0,1.126,M3,중가
3110071,양식음식점,963,97640.0,86142.0,2.799,M4,고가
3110071,한식음식점,4871,43247.0,42561.0,1.646,M1,고가
3110072,한식음식점,14303,29109.0,29064.0,1.124,M1,중가
3110073,한식음식점,523,47272.0,41347.0,1.599,M1,고가
3110074,중식음식점,9280,26882.0,26821.0,1.118,M2,중가
3110074,분식전문점,2258,11866.0,11840.0,1.026,M5,중가
3110074,일식음식점,5999,25221.0,25315.0,0.9,M3,중가
3110074,양식음식점,1406,17045.0,18755.0,0.609,M4,저가
3110074,한식음식점,81587,34436.0,34415.0,1.331,M1,고가
3110074,패스트푸드점,4095,26653.0,26051.0,1.897,M5,고가
3110075,한식음식점,15776,27073.0,27058.0,1.047,M1,중가
3110075,패스트푸드점,285,50879.0,35560.0,2.59,M5,고가
3110075,치킨전문점,17,70625.0,26975.0,1.159,M6,정보없음
3110076,양식음식점,11917,23413.0,23534.0,0.765,M4,중가
3110076,한식음식점,5539,36516.0,36144.0,1.398,M1,고가
3110077,분식전문점,593,14613.0,13839.0,1.199,M5,고가
3110077,한식음식점,10074,31872.0,31755.0,1.228,M1,고가
3110079,중식음식점,2608,51125.0,49192.0,2.051,M2,고가
3110079,양식음식점,8494,35444.0,35336.0,1.148,M4,중가
3110079,한식음식점,25121,34319.0,34252.0,1.325,M1,고가
3110079,분식전문점,8375,19606.0,19417.0,1.682,M5,고가
3110079,일식음식점,366,20635.0,23283.0,0.828,M3,중가
3110081,양식음식점,2618,41043.0,40315.0,1.31,M4,중가
3110081,패스트푸드점,2418,35425.0,33768.0,2.459,M5,고가
3110081,분식전문점,2125,9744.0,9898.0,0.858,M5,저가
3110081,한식음식점,2536,21818.0,22113.0,0.855,M1,중가
3110082,분식전문점,1307,12019.0,11956.0,1.036,M5,중가
3110082,한식음식점,14632,28700.0,28661.0,1.109,M1,중가
3110082,패스트푸드점,1976,22342.0,21551.0,1.57,M5,고가
3110082,양식음식점,3724,60380.0,58872.0,1.913,M4,고가
3110084,한식음식점,8579,20708.0,20825.0,0.806,M1,저가
3110084,분식전문점,4573,12088.0,12065.0,1.045,M5,중가
3110084,양식음식점,13313,31715.0,31701.0,1.03,M4,중가
3110085,한식음식점,4322,19504.0,19785.0,0.765,M1,저가
3110085,양식음식점,5603,97665.0,95360.0,3.098,M4,고가
3110085,패스트푸드점,85,8956.0,12306.0,0.896,M5,정보없음
3110087,분식전문점,29,20966.0,12736.0,1.103,M5,정보없음
3110087,한식음식점,1436,20874.0,21483.0,0.831,M1,중가
3110088,한식음식점,7889,23513.0,23570.0,0.912,M1,중가
3110088,분식전문점,29,12252.0,11632.0,1.008,M5,정보없음
3110090,치킨전문점,99,70625.0,38946.0,1.674,M6,정보없음
3110090,한식음식점,3656,23157.0,23296.0,0.901,M1,중가
3110090,분식전문점,1868,8269.0,8585.0,0.744,M5,저가
3110091,한식음식점,4485,46500.0,45618.0,1.765,M1,고가
3110091,일식음식점,766,58796.0,52447.0,1.864,M3,고가
3110091,양식음식점,1370,25343.0,26035.0,0.846,M4,중가
3110092,한식음식점,2226,19464.0,19990.0,0.773,M1,저가
3110093,한식음식점,13023,28931.0,28885.0,1.117,M1,중가
3110093,양식음식점,1506,54093.0,51360.0,1.669,M4,고가
3110095,양식음식점,7566,38795.0,38589.0,1.254,M4,중가
3110095,중식음식점,1980,37164.0,35955.0,1.499,M2,고가
3110095,한식음식점,2489,28559.0,28358.0,1.097,M1,중가
3110098,한식음식점,703,47272.0,42528.0,1.645,M1,고가
3110098,양식음식점,2214,68547.0,65418.0,2.125,M4,고가
3110099,양식음식점,286,97665.0,70140.0,2.279,M4,고가
3110102,패스트푸드점,49,17580.0,14488.0,1.055,M5,정보없음
3110102,한식음식점,5236,24380.0,24434.0,0.945,M1,중가
3110102,치킨전문점,1,19921.0,23248.0,0.999,M6,정보없음
3110102,분식전문점,11557,12567.0,12549.0,1.087,M5,중가
3110104,한식음식점,6439,23624.0,23691.0,0.916,M1,중가
3110105,분식전문점,6,7787.0,11433.0,0.991,M5,정보없음
3110105,한식음식점,3632,31084.0,30811.0,1.192,M1,중가
3110106,한식음식점,676,15783.0,18082.0,0.699,M1,저가
3110107,한식음식점,3550,41617.0,40776.0,1.577,M1,고가
3110107,분식전문점,1092,11910.0,11853.0,1.027,M5,중가
3110108,한식음식점,1539,31550.0,30895.0,1.195,M1,고가
3110109,한식음식점,3998,31425.0,31160.0,1.205,M1,고가
3110110,한식음식점,8508,26572.0,26556.0,1.027,M1,중가
3110112,한식음식점,13333,32475.0,32377.0,1.252,M1,고가
3110112,분식전문점,2026,12298.0,12230.0,1.06,M5,중가
3110112,치킨전문점,53,12901.0,21094.0,0.907,M6,정보없음
3110112,중식음식점,524,17752.0,19474.0,0.812,M2,저가
3110113,분식전문점,195,7787.0,9689.0,0.839,M5,저가
3110113,한식음식점,849,23285.0,23774.0,0.92,M1,중가
3110114,한식음식점,6264,36475.0,36147.0,1.398,M1,고가
3110115,분식전문점,3137,8978.0,9132.0,0.791,M5,저가
3110115,한식음식점,7729,47272.0,46732.0,1.808,M1,고가
3110116,한식음식점,2798,20037.0,20425.0,0.79,M1,저가
3110117,한식음식점,521,21826.0,22943.0,0.887,M1,중가
3110118,패스트푸드점,58,8956.0,12657.0,0.922,M5,정보없음
3110118,한식음식점,9739,27223.0,27196.0,1.052,M1,중가
3110121,패스트푸드점,16113,10318.0,10360.0,0.755,M5,저가
3110121,한식음식점,3173,29076.0,28884.0,1.117,M1,중가
3110122,한식음식점,13995,47272.0,46970.0,1.817,M1,고가
3110122,분식전문점,4901,17422.0,17191.0,1.489,M5,고가
3110123,한식음식점,28833,17824.0,17879.0,0.692,M1,저가
3110124,한식음식점,21686,15783.0,15875.0,0.614,M1,저가
3110125,분식전문점,3837,11298.0,11310.0,0.98,M5,중가
3110125,한식음식점,27262,19189.0,19238.0,0.744,M1,저가
3110125,패스트푸드점,161,51301.0,30486.0,2.22,M5,고가
3110126,한식음식점,2113,27405.0,27271.0,1.055,M1,중가
3110127,한식음식점,3199,26626.0,26581.0,1.028,M1,중가
3110128,한식음식점,47103,21072.0,21092.0,0.816,M1,저가
3110128,패스트푸드점,564,20516.0,18740.0,1.365,M5,고가
3110128,분식전문점,2679,18051.0,17599.0,1.525,M5,고가
3110128,치킨전문점,51,43456.0,27367.0,1.176,M6,정보없음
3110129,한식음식점,23513,20325.0,20371.0,0.788,M1,저가
3110130,한식음식점,3045,47272.0,45952.0,1.777,M1,고가
3110131,분식전문점,20744,12254.0,12247.0,1.061,M5,중가
3110131,한식음식점,91216,20765.0,20776.0,0.804,M1,저가
3110131,양식음식점,9253,51515.0,51077.0,1.66,M4,고가
3110131,패스트푸드점,1994,22805.0,21978.0,1.601,M5,고가
3110131,중식음식점,6780,25428.0,25387.0,1.058,M2,중가
3110132,한식음식점,12005,19794.0,19893.0,0.77,M1,저가
3110133,한식음식점,5867,32516.0,32296.0,1.249,M1,고가
3110134,치킨전문점,69,17789.0,21860.0,0.94,M6,정보없음
3110134,한식음식점,8021,29956.0,29856.0,1.155,M1,중가
3110134,분식전문점,4628,11018.0,11040.0,0.956,M5,중가
3110134,패스트푸드점,36,51301.0,19462.0,1.417,M5,정보없음
3110135,한식음식점,21462,24838.0,24847.0,0.961,M1,중가
3110136,일식음식점,4197,29624.0,29556.0,1.051,M3,중가
3110136,한식음식점,63987,27700.0,27694.0,1.071,M1,중가
3110136,분식전문점,3358,12126.0,12093.0,1.048,M5,중가
3110136,양식음식점,13024,17077.0,17284.0,0.562,M4,저가
3110136,중식음식점,10108,18584.0,18688.0,0.779,M2,저가
3110137,중식음식점,1969,22568.0,22698.0,0.946,M2,중가
3110137,한식음식점,132069,19353.0,19363.0,0.749,M1,저가
3110137,패스트푸드점,1072,8956.0,9707.0,0.707,M5,저가
3110137,양식음식점,4000,16403.0,17088.0,0.555,M4,저가
3110137,일식음식점,1508,18255.0,19411.0,0.69,M3,저가
3110137,분식전문점,2478,13518.0,13371.0,1.158,M5,중가
3110138,한식음식점,6629,21226.0,21361.0,0.826,M1,중가
3110138,패스트푸드점,93,31291.0,19304.0,1.406,M5,정보없음
3110139,한식음식점,8669,27011.0,26985.0,1.044,M1,중가
3110139,분식전문점,1344,10303.0,10463.0,0.906,M5,중가
3110139,중식음식점,1160,20441.0,20962.0,0.874,M2,중가
3110140,중식음식점,8648,35550.0,35288.0,1.471,M2,고가
3110140,치킨전문점,12,10820.0,22560.0,0.97,M6,정보없음
3110140,한식음식점,4461,34159.0,33803.0,1.308,M1,고가
3110141,분식전문점,1153,8961.0,9343.0,0.809,M5,저가
3110141,양식음식점,1387,22059.0,23158.0,0.752,M4,중가
3110141,한식음식점,8095,31038.0,30913.0,1.196,M1,고가
3110142,분식전문점,235,17621.0,14826.0,1.284,M5,고가
3110142,한식음식점,17692,25446.0,25450.0,0.984,M1,중가
3110142,패스트푸드점,269,12749.0,13167.0,0.959,M5,중가
3110142,일식음식점,321,24467.0,25873.0,0.92,M3,중가
3110142,중식음식점,2959,21298.0,21468.0,0.895,M2,중가
3110143,한식음식점,3117,23467.0,23611.0,0.913,M1,중가
3110144,한식음식점,1752,15783.0,16815.0,0.65,M1,저가
3110146,치킨전문점,150,27485.0,25073.0,1.078,M6,중가
3110146,중식음식점,1325,24250.0,24216.0,1.01,M2,중가
3110146,한식음식점,14414,27764.0,27738.0,1.073,M1,중가
3110147,한식음식점,18772,30101.0,30056.0,1.163,M1,중가
3110147,치킨전문점,123,24493.0,23732.0,1.02,M6,중가
3110147,패스트푸드점,403,22180.0,19377.0,1.411,M5,고가
3110148,중식음식점,5084,24877.0,24844.0,1.036,M2,중가
3110148,분식전문점,1537,12963.0,12799.0,1.109,M5,중가
3110148,패스트푸드점,5949,8956.0,9112.0,0.664,M5,저가
3110148,한식음식점,20910,20269.0,20322.0,0.786,M1,저가
3110148,양식음식점,2999,16848.0,17719.0,0.576,M4,저가
3110150,한식음식점,17866,16490.0,16594.0,0.642,M1,저가
3110150,분식전문점,1495,17781.0,17045.0,1.477,M5,고가
3110151,치킨전문점,6,39846.0,23748.0,1.021,M6,정보없음
3110151,양식음식점,126,17886.0,25795.0,0.838,M4,중가
3110151,한식음식점,9815,28457.0,28405.0,1.099,M1,중가
3110151,패스트푸드점,422,23612.0,20435.0,1.488,M5,고가
3110152,한식음식점,15752,23496.0,23526.0,0.91,M1,중가
3110154,치킨전문점,10,22827.0,23244.0,0.999,M6,정보없음
3110154,한식음식점,11734,24362.0,24387.0,0.943,M1,중가
3110155,중식음식점,579,23347.0,23511.0,0.98,M2,중가
3110155,한식음식점,9452,23316.0,23368.0,0.904,M1,중가
3110155,패스트푸드점,966,51301.0,44857.0,3.267,M5,고가
3110156,양식음식점,2347,34298.0,34022.0,1.105,M4,중가
3110156,한식음식점,14159,26217.0,26212.0,1.014,M1,중가
3110156,분식전문점,985,9641.0,9962.0,0.863,M5,저가
3110157,분식전문점,3534,9189.0,9315.0,0.807,M5,저가
3110157,한식음식점,10996,29665.0,29597.0,1.145,M1,중가
3110158,한식음식점,16441,19677.0,19751.0,0.764,M1,저가
3110158,중식음식점,1651,20625.0,20988.0,0.875,M2,중가
3110159,분식전문점,1804,9464.0,9671.0,0.838,M5,저가
3110159,한식음식점,12568,33843.0,33718.0,1.304,M1,고가
3110159,치킨전문점,145,11990.0,18526.0,0.796,M6,중가
3110161,한식음식점,11257,21490.0,21566.0,0.834,M1,중가
3110161,패스트푸드점,1034,8956.0,9730.0,0.709,M5,저가
3110161,분식전문점,8789,12681.0,12655.0,1.096,M5,중가
3110162,분식전문점,1486,7787.0,8233.0,0.713,M5,저가
3110162,한식음식점,2063,27392.0,27256.0,1.054,M1,중가
3110163,한식음식점,9223,21077.0,21179.0,0.819,M1,저가
3110163,일식음식점,1990,33538.0,33044.0,1.175,M3,중가
3110163,치킨전문점,55,18983.0,22341.0,0.96,M6,정보없음
3110163,분식전문점,5380,13397.0,13330.0,1.155,M5,중가
3110165,중식음식점,1105,19495.0,20184.0,0.841,M2,중가
3110165,분식전문점,450,20320.0,17619.0,1.526,M5,고가
3110165,한식음식점,4771,38879.0,38355.0,1.484,M1,고가
3110165,일식음식점,965,44760.0,41905.0,1.49,M3,고가
3110166,한식음식점,22342,21169.0,21211.0,0.82,M1,저가
3110166,분식전문점,8615,16031.0,15929.0,1.38,M5,고가
3110167,패스트푸드점,317,26344.0,21464.0,1.563,M5,고가
3110167,한식음식점,13489,24297.0,24320.0,0.941,M1,중가
3110167,분식전문점,230,12942.0,12291.0,1.065,M5,중가
3110167,치킨전문점,16,31294.0,23860.0,1.026,M6,정보없음
3110168,한식음식점,3310,40372.0,39545.0,1.53,M1,고가
3110168,분식전문점,10,7787.0,11364.0,0.985,M5,정보없음
3110169,한식음식점,4876,22374.0,22511.0,0.871,M1,중가
3110170,중식음식점,1477,24805.0,24707.0,1.03,M2,중가
3110170,분식전문점,173,9274.0,10490.0,0.909,M5,중가
3110170,한식음식점,10494,15783.0,15972.0,0.618,M1,저가
3110172,한식음식점,3970,41337.0,40594.0,1.57,M1,고가
3110173,한식음식점,2786,30014.0,29735.0,1.15,M1,중가
3110174,분식전문점,1951,8988.0,9226.0,0.799,M5,저가
3110174,한식음식점,13475,23166.0,23206.0,0.898,M1,중가
3110175,한식음식점,5325,18151.0,18430.0,0.713,M1,저가
3110175,분식전문점,806,15008.0,14319.0,1.241,M5,고가
3110176,한식음식점,6445,31774.0,31595.0,1.222,M1,고가
3110176,분식전문점,203,20966.0,16289.0,1.411,M5,고가
3110177,한식음식점,330,41637.0,35680.0,1.38,M1,고가
3110178,분식전문점,2519,11839.0,11817.0,1.024,M5,중가
3110178,한식음식점,4535,23458.0,23559.0,0.911,M1,중가
3110179,분식전문점,3851,10544.0,10593.0,0.918,M5,중가
3110179,한식음식점,17905,32205.0,32135.0,1.243,M1,고가
3110180,한식음식점,21194,22322.0,22355.0,0.865,M1,중가
3110180,양식음식점,248,15736.0,22451.0,0.729,M4,중가
3110180,일식음식점,43,109049.0,42449.0,1.509,M3,정보없음
3110180,분식전문점,653,17717.0,16269.0,1.41,M5,고가
3110181,한식음식점,12450,20446.0,20531.0,0.794,M1,저가
3110183,한식음식점,6732,21110.0,21247.0,0.822,M1,저가
3110184,한식음식점,5186,29398.0,29266.0,1.132,M1,중가
3110185,한식음식점,2399,34607.0,33933.0,1.313,M1,고가
3110186,한식음식점,9834,22878.0,22937.0,0.887,M1,중가
3110187,분식전문점,1260,20015.0,18854.0,1.633,M5,고가
3110187,한식음식점,40034,24918.0,24923.0,0.964,M1,중가
3110188,한식음식점,3857,26114.0,26101.0,1.01,M1,중가
3110190,한식음식점,10334,18793.0,18927.0,0.732,M1,저가
3110191,패스트푸드점,543,31080.0,26410.0,1.923,M5,고가
3110191,한식음식점,43804,15783.0,15829.0,0.612,M1,저가
3110191,일식음식점,492,15664.0,19267.0,0.685,M3,저가
3110191,치킨전문점,8,23705.0,23282.0,1.001,M6,정보없음
3110191,중식음식점,2262,19800.0,20140.0,0.84,M2,중가
3110191,양식음식점,2007,44217.0,42999.0,1.397,M4,고가
3110191,분식전문점,2026,9678.0,9846.0,0.853,M5,저가
3110192,한식음식점,10026,31874.0,31756.0,1.228,M1,고가
3110192,패스트푸드점,694,17002.0,16270.0,1.185,M5,중가
3110193,한식음식점,3167,25089.0,25134.0,0.972,M1,중가
3110194,한식음식점,233,20721.0,23091.0,0.893,M1,중가
3110195,분식전문점,157,20966.0,15687.0,1.359,M5,고가
3110195,일식음식점,717,80989.0,69460.0,2.469,M3,고가
3110195,한식음식점,25516,26215.0,26212.0,1.014,M1,중가
3110197,한식음식점,1815,30697.0,30216.0,1.169,M1,중가
3110198,한식음식점,852,19674.0,20848.0,0.806,M1,저가
3110199,한식음식점,2986,30920.0,30602.0,1.184,M1,중가
3110199,분식전문점,348,18000.0,15643.0,1.355,M5,고가
3110200,중식음식점,1556,19306.0,19839.0,0.827,M2,저가
3110200,한식음식점,4740,25711.0,25716.0,0.995,M1,중가
3110201,한식음식점,1472,16528.0,17643.0,0.682,M1,저가
3110202,한식음식점,23,44892.0,27816.0,1.076,M1,정보없음
3110203,한식음식점,4334,18889.0,19197.0,0.743,M1,저가
3110204,치킨전문점,150,14005.0,19296.0,0.829,M6,중가
3110204,분식전문점,7089,11932.0,11921.0,1.033,M5,중가
3110204,한식음식점,6870,19021.0,19214.0,0.743,M1,저가
3110205,일식음식점,494,16361.0,19752.0,0.702,M3,저가
3110205,한식음식점,9490,23642.0,23687.0,0.916,M1,중가
3110205,중식음식점,2205,24389.0,24355.0,1.015,M2,중가
3110205,분식전문점,2050,9919.0,10064.0,0.872,M5,저가
3110205,양식음식점,707,15763.0,19074.0,0.62,M4,저가
3110206,한식음식점,2596,15783.0,16504.0,0.638,M1,저가
3110207,한식음식점,4614,16242.0,16641.0,0.644,M1,저가
3110210,패스트푸드점,2079,8956.0,9375.0,0.683,M5,저가
3110210,한식음식점,8194,27473.0,27435.0,1.061,M1,중가
3110210,분식전문점,16660,10685.0,10695.0,0.927,M5,중가
3110210,양식음식점,4125,14070.0,14843.0,0.482,M4,저가
3110211,치킨전문점,139,34707.0,27957.0,1.202,M6,고가
3110211,패스트푸드점,674,18514.0,17419.0,1.269,M5,중가
3110211,한식음식점,5965,23867.0,23931.0,0.926,M1,중가
3110212,패스트푸드점,926,19132.0,18172.0,1.324,M5,고가
3110212,한식음식점,6694,37248.0,36917.0,1.428,M1,고가
3110212,치킨전문점,242,23120.0,23186.0,0.997,M6,중가
3110214,양식음식점,1604,20829.0,21932.0,0.713,M4,저가
3110214,한식음식점,12520,24519.0,24540.0,0.949,M1,중가
3110215,한식음식점,3517,28150.0,28027.0,1.084,M1,중가
3110216,분식전문점,1911,11559.0,11557.0,1.001,M5,중가
3110216,한식음식점,7395,30549.0,30425.0,1.177,M1,중가
3110216,중식음식점,5139,26390.0,26300.0,1.096,M2,중가
3110217,한식음식점,2624,20614.0,20985.0,0.812,M1,저가
3110218,한식음식점,61555,26001.0,26000.0,1.006,M1,중가
3110219,일식음식점,1072,15664.0,17624.0,0.627,M3,저가
3110219,한식음식점,1505,18635.0,19481.0,0.754,M1,저가
3110219,분식전문점,3162,20966.0,20405.0,1.768,M5,고가
3110219,패스트푸드점,878,8956.0,9842.0,0.717,M5,저가
3110220,중식음식점,9363,15061.0,15248.0,0.636,M2,저가
3110220,한식음식점,49541,19628.0,19653.0,0.76,M1,저가
3110220,일식음식점,4145,18864.0,19291.0,0.686,M3,저가
3110220,분식전문점,11447,11254.0,11259.0,0.975,M5,중가
3110220,치킨전문점,658,10820.0,13721.0,0.59,M6,저가
3110220,패스트푸드점,871,15715.0,15344.0,1.118,M5,중가
3110220,양식음식점,6053,21664.0,21956.0,0.713,M4,저가
3110221,한식음식점,3415,27424.0,27337.0,1.057,M1,중가
3110222,한식음식점,288,39330.0,33806.0,1.308,M1,고가
3110223,한식음식점,4276,16337.0,16762.0,0.648,M1,저가
3110224,한식음식점,3553,23447.0,23575.0,0.912,M1,중가
3110225,분식전문점,986,9551.0,9887.0,0.857,M5,저가
3110225,한식음식점,18159,22921.0,22953.0,0.888,M1,중가
3110226,분식전문점,3100,8400.0,8590.0,0.744,M5,저가
3110226,중식음식점,2664,21349.0,21533.0,0.898,M2,중가
3110226,한식음식점,27934,22476.0,22500.0,0.87,M1,중가
3110226,치킨전문점,140,32938.0,27248.0,1.171,M6,고가
3110226,일식음식점,14,109049.0,33424.0,1.188,M3,정보없음
3110227,한식음식점,2480,16517.0,17214.0,0.666,M1,저가
3110228,한식음식점,36131,17664.0,17710.0,0.685,M1,저가
3110228,중식음식점,2742,22504.0,22605.0,0.942,M2,중가
3110228,분식전문점,4296,8361.0,8502.0,0.737,M5,저가
3110229,일식음식점,159,37043.0,32077.0,1.14,M3,중가
3110229,분식전문점,2607,10368.0,10452.0,0.906,M5,중가
3110229,한식음식점,8112,31159.0,31031.0,1.2,M1,고가
3110230,한식음식점,2697,47272.0,45793.0,1.771,M1,고가
3110232,치킨전문점,5,16369.0,23097.0,0.993,M6,정보없음
3110232,한식음식점,11830,24277.0,24303.0,0.94,M1,중가
3110232,분식전문점,466,14135.0,13356.0,1.157,M5,중가
3110233,한식음식점,4230,47272.0,46305.0,1.791,M1,고가
3110234,일식음식점,452,53983.0,46052.0,1.637,M3,고가
3110234,한식음식점,6672,27576.0,27526.0,1.065,M1,중가
3110236,분식전문점,298,12888.0,12348.0,1.07,M5,중가
3110236,한식음식점,11075,30392.0,30311.0,1.172,M1,중가
3110237,치킨전문점,7,70625.0,24866.0,1.069,M6,정보없음
3110237,한식음식점,15151,47272.0,46993.0,1.818,M1,고가
3110239,한식음식점,2224,18764.0,19349.0,0.748,M1,저가
3110240,패스트푸드점,365,10796.0,11834.0,0.862,M5,중가
3110240,한식음식점,5141,17485.0,17798.0,0.688,M1,저가
3110241,한식음식점,16341,26644.0,26635.0,1.03,M1,중가
3110241,분식전문점,1391,10978.0,11049.0,0.957,M5,중가
3110242,분식전문점,844,7901.0,8598.0,0.745,M5,저가
3110242,한식음식점,6121,15783.0,16102.0,0.623,M1,저가
3110243,분식전문점,355,9158.0,10018.0,0.868,M5,저가
3110243,치킨전문점,9,53522.0,24568.0,1.056,M6,정보없음
3110243,한식음식점,11390,30360.0,30282.0,1.171,M1,중가
3110244,치킨전문점,212,12255.0,17599.0,0.756,M6,저가
3110244,분식전문점,1590,11383.0,11400.0,0.988,M5,중가
3110244,중식음식점,565,14304.0,16835.0,0.702,M2,저가
3110244,한식음식점,11201,28626.0,28577.0,1.105,M1,중가
3110245,한식음식점,7163,20534.0,20678.0,0.8,M1,저가
3110246,한식음식점,3015,22963.0,23143.0,0.895,M1,중가
3110247,패스트푸드점,1690,22825.0,21863.0,1.592,M5,고가
3110247,분식전문점,3944,9125.0,9242.0,0.801,M5,저가
3110247,한식음식점,6893,25814.0,25815.0,0.999,M1,중가
3110248,한식음식점,582,19306.0,20980.0,0.812,M1,저가
3110249,한식음식점,1196,22274.0,22786.0,0.881,M1,중가
3110249,분식전문점,2173,20966.0,20172.0,1.748,M5,고가
3110249,패스트푸드점,323,9445.0,11084.0,0.807,M5,중가
3110250,한식음식점,5827,23671.0,23743.0,0.918,M1,중가
3110251,한식음식점,4357,32803.0,32498.0,1.257,M1,고가
3110251,분식전문점,332,9272.0,10126.0,0.877,M5,저가
3110252,분식전문점,2056,12203.0,12145.0,1.052,M5,중가
3110252,한식음식점,10005,33639.0,33486.0,1.295,M1,고가
3110253,한식음식점,4857,30523.0,30338.0,1.174,M1,중가
3110253,분식전문점,392,9977.0,10506.0,0.91,M5,중가
3110254,치킨전문점,41,33086.0,24936.0,1.072,M6,정보없음
3110254,한식음식점,4845,32244.0,31990.0,1.237,M1,고가
3110255,분식전문점,311,7787.0,9257.0,0.802,M5,저가
3110255,중식음식점,237,20391.0,22036.0,0.919,M2,중가
3110255,한식음식점,20194,26490.0,26484.0,1.024,M1,중가
3110255,패스트푸드점,5079,10933.0,11039.0,0.804,M5,중가
3110256,한식음식점,4605,45973.0,45135.0,1.746,M1,고가
3110257,한식음식점,787,15783.0,17824.0,0.689,M1,저가
3110258,패스트푸드점,1283,10553.0,10981.0,0.8,M5,중가
3110258,한식음식점,647,24509.0,24826.0,0.96,M1,중가
3110259,중식음식점,1388,23855.0,23871.0,0.995,M2,중가
3110259,한식음식점,10101,23138.0,23190.0,0.897,M1,중가
3110259,일식음식점,134,19464.0,24653.0,0.876,M3,중가
3110260,분식전문점,704,9715.0,10119.0,0.877,M5,저가
3110260,한식음식점,8481,22448.0,22526.0,0.871,M1,중가
3110261,한식음식점,2150,21226.0,21620.0,0.836,M1,중가
3110261,패스트푸드점,491,14831.0,14512.0,1.057,M5,중가
3110261,분식전문점,1460,10578.0,10695.0,0.927,M5,중가
3110262,한식음식점,9022,29173.0,29101.0,1.126,M1,중가
3110262,치킨전문점,32,44510.0,26195.0,1.126,M6,정보없음
3110263,한식음식점,13,47272.0,27159.0,1.051,M1,정보없음
3110264,한식음식점,19809,20867.0,20916.0,0.809,M1,저가
3110264,패스트푸드점,16,51301.0,16513.0,1.203,M5,정보없음
3110264,분식전문점,2673,8957.0,9137.0,0.792,M5,저가
3110265,한식음식점,9485,33360.0,33205.0,1.284,M1,고가
3110265,중식음식점,2725,16113.0,16651.0,0.694,M2,저가
3110266,한식음식점,3371,22875.0,23042.0,0.891,M1,중가
3110266,분식전문점,975,8158.0,8735.0,0.757,M5,저가
3110267,치킨전문점,319,20208.0,21386.0,0.919,M6,중가
3110267,분식전문점,2076,15631.0,15272.0,1.323,M5,고가
3110267,한식음식점,1534,30916.0,30332.0,1.173,M1,중가
3110268,한식음식점,4755,47272.0,46407.0,1.795,M1,고가
3110269,한식음식점,14467,26792.0,26779.0,1.036,M1,중가
3110270,한식음식점,2300,43088.0,41710.0,1.613,M1,고가
3110270,분식전문점,487,20966.0,18222.0,1.579,M5,고가
3110271,한식음식점,4259,47272.0,46311.0,1.791,M1,고가
3110272,중식음식점,3697,19700.0,19920.0,0.83,M2,저가
3110272,패스트푸드점,1279,8956.0,9602.0,0.699,M5,저가
3110272,한식음식점,31444,31557.0,31521.0,1.219,M1,고가
3110272,치킨전문점,374,29994.0,27649.0,1.188,M6,고가
3110272,분식전문점,5294,10829.0,10855.0,0.94,M5,중가
3110273,한식음식점,23413,32499.0,32443.0,1.255,M1,고가
3110273,분식전문점,1026,10368.0,10560.0,0.915,M5,중가
3110274,분식전문점,14657,9514.0,9542.0,0.827,M5,저가
3110274,한식음식점,13917,22857.0,22900.0,0.886,M1,중가
3110275,한식음식점,12126,38060.0,37862.0,1.465,M1,고가
3110277,한식음식점,5193,47272.0,46477.0,1.798,M1,고가
3110278,분식전문점,9513,13232.0,13197.0,1.143,M5,중가
3110278,중식음식점,3396,23730.0,23744.0,0.99,M2,중가
3110278,한식음식점,17204,24956.0,24967.0,0.966,M1,중가
3110283,양식음식점,5011,26612.0,26772.0,0.87,M4,중가
3110283,한식음식점,16989,39050.0,38897.0,1.505,M1,고가
3110285,한식음식점,2317,23383.0,23579.0,0.912,M1,중가
3110286,분식전문점,4588,14047.0,13942.0,1.208,M5,고가
3110286,한식음식점,4981,25319.0,25339.0,0.98,M1,중가
3110288,한식음식점,17502,37322.0,37192.0,1.439,M1,고가
3110291,일식음식점,2113,19621.0,20357.0,0.724,M3,저가
3110291,패스트푸드점,155,18896.0,15986.0,1.164,M5,중가
3110291,한식음식점,5471,33081.0,32826.0,1.27,M1,고가
3110291,분식전문점,2312,17635.0,17150.0,1.486,M5,고가
3110293,한식음식점,10842,23471.0,23514.0,0.91,M1,중가
3110293,분식전문점,4075,11289.0,11301.0,0.979,M5,중가
3110295,분식전문점,742,10662.0,10849.0,0.94,M5,중가
3110295,패스트푸드점,5357,11357.0,11442.0,0.833,M5,중가
3110295,한식음식점,10015,23367.0,23416.0,0.906,M1,중가
3110296,한식음식점,7819,20610.0,20741.0,0.802,M1,저가
3110296,패스트푸드점,537,28930.0,24805.0,1.807,M5,고가
3110296,분식전문점,1845,10828.0,10898.0,0.944,M5,중가
3110297,한식음식점,2120,35713.0,34863.0,1.349,M1,고가
3110297,분식전문점,231,7787.0,9530.0,0.826,M5,저가
3110299,한식음식점,14426,32626.0,32533.0,1.258,M1,고가
3110299,분식전문점,338,20966.0,17463.0,1.513,M5,고가
3110300,분식전문점,1530,8662.0,8995.0,0.779,M5,저가
3110300,한식음식점,12346,23664.0,23699.0,0.917,M1,중가
3110301,한식음식점,12515,22534.0,22587.0,0.874,M1,중가
3110301,분식전문점,100,7787.0,10291.0,0.892,M5,중가
3110302,분식전문점,1757,7787.0,8171.0,0.708,M5,저가
3110302,한식음식점,5994,20821.0,20984.0,0.812,M1,저가
3110302,중식음식점,1474,19409.0,19956.0,0.832,M2,저가
3110303,한식음식점,2479,30888.0,30512.0,1.18,M1,중가
3110303,일식음식점,371,18569.0,21918.0,0.779,M3,중가
3110304,한식음식점,6920,20697.0,20842.0,0.806,M1,저가
3110305,한식음식점,5414,47272.0,46509.0,1.799,M1,고가
3110306,중식음식점,2842,28782.0,28466.0,1.187,M2,중가
3110306,치킨전문점,18,25109.0,23417.0,1.007,M6,정보없음
3110307,한식음식점,1682,16091.0,17128.0,0.663,M1,저가
3110308,한식음식점,5021,19672.0,19909.0,0.77,M1,저가
3110308,패스트푸드점,180,51301.0,31527.0,2.296,M5,고가
3110308,분식전문점,994,20966.0,19387.0,1.68,M5,고가
3110312,한식음식점,71757,17744.0,17767.0,0.687,M1,저가
3110312,분식전문점,15736,7787.0,7834.0,0.679,M5,저가
3110312,양식음식점,7374,19270.0,19574.0,0.636,M4,저가
3110312,중식음식점,2891,40533.0,39462.0,1.645,M2,고가
3110313,양식음식점,656,18486.0,21358.0,0.694,M4,저가
3110313,패스트푸드점,12283,10360.0,10414.0,0.758,M5,저가
3110313,분식전문점,9389,12307.0,12291.0,1.065,M5,중가
3110313,일식음식점,5314,26534.0,26592.0,0.945,M3,중가
3110313,한식음식점,44907,19796.0,19822.0,0.767,M1,저가
3110313,치킨전문점,6,70625.0,24644.0,1.059,M6,정보없음
3110313,중식음식점,6621,27690.0,27581.0,1.15,M2,중가
3110314,패스트푸드점,60,43969.0,20708.0,1.508,M5,정보없음
3110314,한식음식점,17919,29691.0,29649.0,1.147,M1,중가
3110314,분식전문점,3467,14847.0,14666.0,1.271,M5,고가
3110314,치킨전문점,541,21871.0,22247.0,0.956,M6,중가
3110315,분식전문점,2184,13484.0,13321.0,1.154,M5,중가
3110315,패스트푸드점,5325,11708.0,11781.0,0.858,M5,중가
3110315,한식음식점,1580,28931.0,28585.0,1.106,M1,중가
3110316,패스트푸드점,1075,8991.0,9735.0,0.709,M5,저가
3110316,한식음식점,12378,29370.0,29314.0,1.134,M1,중가
3110316,분식전문점,2925,11511.0,11513.0,0.997,M5,중가
3110316,치킨전문점,47,23654.0,23339.0,1.003,M6,정보없음
3110316,중식음식점,3438,24379.0,24357.0,1.015,M2,중가
3110317,한식음식점,30081,20795.0,20828.0,0.806,M1,저가
3110318,한식음식점,4431,47272.0,46347.0,1.793,M1,고가
3110319,분식전문점,1503,14685.0,14316.0,1.24,M5,고가
3110319,한식음식점,13424,23962.0,23989.0,0.928,M1,중가
3110319,중식음식점,757,19228.0,20222.0,0.843,M2,중가
3110319,치킨전문점,25,11608.0,21970.0,0.944,M6,정보없음
3110320,한식음식점,5236,20005.0,20220.0,0.782,M1,저가
3110322,한식음식점,3385,21417.0,21664.0,0.838,M1,중가
3110323,분식전문점,2113,15720.0,15358.0,1.331,M5,고가
3110323,한식음식점,7893,23741.0,23793.0,0.92,M1,중가
3110323,패스트푸드점,392,14141.0,14002.0,1.02,M5,중가
3110325,분식전문점,3531,13165.0,13078.0,1.133,M5,중가
3110325,한식음식점,6132,26685.0,26658.0,1.031,M1,중가
3110327,한식음식점,12230,27968.0,27934.0,1.081,M1,중가
3110328,한식음식점,3749,47272.0,46187.0,1.787,M1,고가
3110329,한식음식점,3339,34008.0,33547.0,1.298,M1,고가
3110330,한식음식점,4502,47272.0,46361.0,1.793,M1,고가
3110331,패스트푸드점,4712,11497.0,11588.0,0.844,M5,중가
3110331,한식음식점,18335,24437.0,24452.0,0.946,M1,중가
3110331,양식음식점,197,24812.0,27818.0,0.904,M4,중가
3110331,분식전문점,975,10268.0,10485.0,0.908,M5,중가
3110332,한식음식점,5286,27326.0,27272.0,1.055,M1,중가
3110333,분식전문점,136,7947.0,10087.0,0.874,M5,저가
3110333,한식음식점,11307,23333.0,23376.0,0.904,M1,중가
3110334,한식음식점,11478,17633.0,17774.0,0.688,M1,저가
3110335,분식전문점,136,9593.0,10753.0,0.932,M5,중가
3110335,한식음식점,20254,39922.0,39784.0,1.539,M1,고가
3110336,한식음식점,4074,19642.0,19933.0,0.771,M1,저가
3110358,한식음식점,2101,33377.0,32723.0,1.266,M1,고가
3110359,치킨전문점,45,34152.0,25265.0,1.086,M6,정보없음
3110359,한식음식점,3600,38893.0,38207.0,1.478,M1,고가
3110360,분식전문점,70,11111.0,11431.0,0.99,M5,정보없음
3110360,한식음식점,13955,24072.0,24097.0,0.932,M1,중가
3110360,중식음식점,729,18139.0,19398.0,0.809,M2,저가
3110360,일식음식점,338,29599.0,29053.0,1.033,M3,중가
3110361,한식음식점,30,27418.0,26056.0,1.008,M1,정보없음
3110364,분식전문점,5872,10705.0,10732.0,0.93,M5,중가
3110364,한식음식점,2555,34973.0,34311.0,1.327,M1,고가
3110365,한식음식점,2101,26754.0,26675.0,1.032,M1,중가
3110365,분식전문점,6723,18721.0,18514.0,1.604,M5,고가
3110366,한식음식점,7543,23888.0,23939.0,0.926,M1,중가
3110366,치킨전문점,75,21942.0,22904.0,0.984,M6,정보없음
3110367,한식음식점,6874,40648.0,40230.0,1.556,M1,고가
3110368,분식전문점,7,7787.0,11416.0,0.989,M5,정보없음
3110368,한식음식점,1069,41309.0,38873.0,1.504,M1,고가
3110368,치킨전문점,60,27112.0,24153.0,1.038,M6,정보없음
3110369,한식음식점,17386,31169.0,31109.0,1.203,M1,고가
3110369,분식전문점,10512,11228.0,11234.0,0.973,M5,중가
3110369,양식음식점,5009,14070.0,14712.0,0.478,M4,저가
3110370,한식음식점,11217,32854.0,32732.0,1.266,M1,고가
3110371,치킨전문점,18,10820.0,22237.0,0.956,M6,정보없음
3110371,한식음식점,9705,34737.0,34557.0,1.337,M1,고가
3110371,패스트푸드점,287,33577.0,25427.0,1.852,M5,고가
3110371,중식음식점,650,14439.0,16686.0,0.696,M2,저가
3110372,한식음식점,10446,24434.0,24460.0,0.946,M1,중가
3110372,분식전문점,375,11612.0,11588.0,1.004,M5,중가
3110373,한식음식점,10114,41503.0,41200.0,1.594,M1,고가
3110373,치킨전문점,73,17521.0,21729.0,0.934,M6,정보없음
3110373,분식전문점,1716,11714.0,11696.0,1.013,M5,중가
3110374,분식전문점,2045,9948.0,10090.0,0.874,M5,저가
3110374,치킨전문점,61,44149.0,28146.0,1.21,M6,정보없음
3110374,한식음식점,6282,15970.0,16275.0,0.63,M1,저가
3110374,중식음식점,1374,19385.0,19970.0,0.833,M2,저가
3110375,한식음식점,5897,27640.0,27581.0,1.067,M1,중가
3110376,중식음식점,2730,20848.0,21062.0,0.878,M2,중가
3110376,한식음식점,6114,32817.0,32596.0,1.261,M1,고가
3110376,치킨전문점,24,14956.0,22375.0,0.962,M6,정보없음
3110377,한식음식점,4954,30601.0,30417.0,1.177,M1,중가
3110378,한식음식점,4581,20039.0,20282.0,0.785,M1,저가
3110381,한식음식점,7044,16264.0,16529.0,0.639,M1,저가
3110381,치킨전문점,140,14091.0,19488.0,0.838,M6,중가
3110388,한식음식점,5021,37601.0,37151.0,1.437,M1,고가
3110389,한식음식점,3365,35602.0,35055.0,1.356,M1,고가
3110394,분식전문점,214,9420.0,10445.0,0.905,M5,중가
3110394,한식음식점,11202,19883.0,19988.0,0.773,M1,저가
3110396,분식전문점,9410,9134.0,9184.0,0.796,M5,저가
3110396,한식음식점,4773,21279.0,21463.0,0.83,M1,중가
3110397,치킨전문점,28,28709.0,23933.0,1.029,M6,정보없음
3110397,한식음식점,23744,28033.0,28015.0,1.084,M1,중가
3110397,중식음식점,4759,23397.0,23421.0,0.976,M2,중가
3110397,분식전문점,8186,11343.0,11348.0,0.983,M5,중가
3110398,분식전문점,2558,12903.0,12805.0,1.109,M5,중가
3110398,중식음식점,44,14304.0,22241.0,0.927,M2,정보없음
3110398,한식음식점,32523,24850.0,24856.0,0.961,M1,중가
3110399,중식음식점,312,14688.0,18321.0,0.764,M2,저가
3110399,한식음식점,7182,29299.0,29206.0,1.13,M1,중가
3110400,한식음식점,35026,16619.0,16672.0,0.645,M1,저가
3110401,한식음식점,11399,33938.0,33799.0,1.307,M1,고가
3110402,한식음식점,2596,26742.0,26679.0,1.032,M1,중가
3110403,분식전문점,2382,14578.0,14343.0,1.243,M5,고가
3110403,한식음식점,13812,34632.0,34507.0,1.335,M1,고가
3110403,치킨전문점,12,40905.0,24263.0,1.043,M6,정보없음
3110405,한식음식점,11381,26453.0,26443.0,1.023,M1,중가
3110405,중식음식점,1261,23402.0,23482.0,0.979,M2,중가
3110405,분식전문점,3774,10411.0,10468.0,0.907,M5,중가
3110405,패스트푸드점,13857,10146.0,10197.0,0.743,M5,저가
3110406,한식음식점,47211,30497.0,30477.0,1.179,M1,중가
3110407,분식전문점,493,13467.0,12911.0,1.119,M5,중가
3110407,한식음식점,16559,31701.0,31631.0,1.224,M1,고가
3110408,한식음식점,5242,47272.0,46485.0,1.798,M1,고가
3110409,한식음식점,2671,39065.0,38145.0,1.476,M1,고가
3110409,패스트푸드점,136,17126.0,15105.0,1.1,M5,중가
3110409,치킨전문점,122,25272.0,24025.0,1.033,M6,중가
3110409,분식전문점,39,16177.0,12299.0,1.066,M5,정보없음
3110410,분식전문점,2474,10835.0,10888.0,0.943,M5,중가
3110410,패스트푸드점,3751,14525.0,14485.0,1.055,M5,중가
3110410,중식음식점,1264,19003.0,19683.0,0.821,M2,저가
3110410,치킨전문점,388,37438.0,32617.0,1.402,M6,고가
3110410,한식음식점,11015,30485.0,30402.0,1.176,M1,중가
3110410,일식음식점,565,30671.0,30006.0,1.067,M3,중가
3110411,한식음식점,11418,30300.0,30223.0,1.169,M1,중가
3110412,한식음식점,6494,31067.0,30911.0,1.196,M1,고가
3110413,한식음식점,6587,32449.0,32254.0,1.248,M1,고가
3110415,분식전문점,10437,10450.0,10471.0,0.907,M5,중가
3110415,치킨전문점,143,26781.0,24731.0,1.063,M6,중가
3110415,패스트푸드점,2756,13308.0,13337.0,0.971,M5,중가
3110415,중식음식점,21,52411.0,26688.0,1.113,M2,정보없음
3110415,한식음식점,40167,18422.0,18459.0,0.714,M1,저가
3110416,한식음식점,19009,47272.0,47049.0,1.82,M1,고가
3110416,중식음식점,3988,23479.0,23504.0,0.98,M2,중가
3110417,분식전문점,3242,15478.0,15249.0,1.321,M5,고가
3110417,치킨전문점,128,37002.0,28626.0,1.23,M6,고가
3110417,한식음식점,23186,15783.0,15870.0,0.614,M1,저가
3110418,중식음식점,2890,26582.0,26414.0,1.101,M2,중가
3110418,한식음식점,2229,20909.0,21316.0,0.825,M1,중가
3110418,분식전문점,1318,8730.0,9100.0,0.788,M5,저가
3110419,패스트푸드점,2511,11249.0,11432.0,0.833,M5,중가
3110419,한식음식점,47318,30699.0,30678.0,1.187,M1,중가
3110419,치킨전문점,115,17060.0,21000.0,0.903,M6,중가
3110419,중식음식점,265,14304.0,18468.0,0.77,M2,저가
3110419,분식전문점,2568,10621.0,10688.0,0.926,M5,중가
3110419,일식음식점,801,15664.0,18155.0,0.645,M3,저가
3110420,패스트푸드점,4043,8956.0,9181.0,0.669,M5,저가
3110420,치킨전문점,12,17356.0,22930.0,0.986,M6,정보없음
3110420,한식음식점,18751,19405.0,19473.0,0.753,M1,저가
3110420,분식전문점,9096,13533.0,13491.0,1.169,M5,고가
3110421,분식전문점,444,10356.0,10724.0,0.929,M5,중가
3110421,한식음식점,11887,32021.0,31919.0,1.235,M1,고가
3110421,중식음식점,3050,17392.0,17798.0,0.742,M2,저가
3110421,패스트푸드점,14512,12181.0,12202.0,0.889,M5,중가
3110423,분식전문점,363,14188.0,13249.0,1.148,M5,중가
3110423,한식음식점,5187,26319.0,26302.0,1.017,M1,중가
3110424,치킨전문점,48,31287.0,24818.0,1.067,M6,정보없음
3110424,분식전문점,3504,12464.0,12414.0,1.076,M5,중가
3110424,중식음식점,1199,28726.0,28049.0,1.169,M2,중가
3110424,일식음식점,14,27843.0,28111.0,0.999,M3,정보없음
3110424,한식음식점,6985,24340.0,24382.0,0.943,M1,중가
3110425,패스트푸드점,208,21366.0,17623.0,1.284,M5,고가
3110425,분식전문점,869,9267.0,9692.0,0.84,M5,저가
3110425,한식음식점,9381,22252.0,22327.0,0.864,M1,중가
3110426,중식음식점,597,21122.0,21841.0,0.911,M2,중가
3110426,한식음식점,8583,31082.0,30963.0,1.198,M1,고가
3110426,분식전문점,158,8926.0,10388.0,0.9,M5,중가
3110428,분식전문점,962,7787.0,8433.0,0.731,M5,저가
3110428,한식음식점,9557,20550.0,20659.0,0.799,M1,저가
3110429,한식음식점,28764,27244.0,27235.0,1.053,M1,중가
3110429,분식전문점,588,10841.0,11019.0,0.955,M5,중가
3110429,치킨전문점,45,16820.0,22081.0,0.949,M6,정보없음
3110430,한식음식점,3711,25016.0,25059.0,0.969,M1,중가
3110431,치킨전문점,174,34118.0,28314.0,1.217,M6,고가
3110431,중식음식점,2168,21230.0,21463.0,0.895,M2,중가
3110431,한식음식점,83954,18424.0,18442.0,0.713,M1,저가
3110431,분식전문점,6750,9011.0,9084.0,0.787,M5,저가
3110431,패스트푸드점,3749,14158.0,14136.0,1.03,M5,중가
3110431,양식음식점,2112,16009.0,17287.0,0.562,M4,저가
3110432,한식음식점,5578,47272.0,46530.0,1.8,M1,고가
3110432,분식전문점,1413,10625.0,10738.0,0.93,M5,중가
3110433,양식음식점,123,14070.0,24416.0,0.793,M4,중가
3110433,한식음식점,2737,15783.0,16469.0,0.637,M1,저가
3110434,한식음식점,3297,15972.0,16537.0,0.64,M1,저가
3110435,치킨전문점,172,29883.0,26325.0,1.132,M6,중가
3110435,패스트푸드점,6985,10199.0,10297.0,0.75,M5,저가
3110435,분식전문점,6179,14900.0,14794.0,1.282,M5,고가
3110435,한식음식점,7449,30607.0,30483.0,1.179,M1,중가
3110435,중식음식점,2556,21467.0,21650.0,0.903,M2,중가
3110436,한식음식점,6679,31765.0,31594.0,1.222,M1,고가
3110437,분식전문점,1214,12134.0,12051.0,1.044,M5,중가
3110437,한식음식점,3274,25772.0,25777.0,0.997,M1,중가
3110437,치킨전문점,21,11882.0,22183.0,0.954,M6,정보없음
3110438,분식전문점,4129,15661.0,15470.0,1.34,M5,고가
3110438,중식음식점,2215,16882.0,17470.0,0.728,M2,저가
3110438,패스트푸드점,3064,25830.0,25089.0,1.827,M5,고가
3110438,한식음식점,36410,24807.0,24813.0,0.96,M1,중가
3110438,일식음식점,4400,20975.0,21286.0,0.757,M3,저가
3110438,치킨전문점,23,11978.0,22101.0,0.95,M6,정보없음
3110438,양식음식점,1164,14070.0,16520.0,0.537,M4,저가
3110439,한식음식점,1033,35021.0,33534.0,1.297,M1,고가
3110439,분식전문점,96,8982.0,10712.0,0.928,M5,정보없음
3110442,분식전문점,8459,15722.0,15625.0,1.354,M5,고가
3110442,양식음식점,1390,17543.0,19208.0,0.624,M4,저가
3110514,한식음식점,2668,19363.0,19815.0,0.766,M1,저가
3110520,한식음식점,14604,19577.0,19662.0,0.761,M1,저가
3110520,양식음식점,1533,30065.0,30147.0,0.979,M4,중가
3110520,분식전문점,624,9828.0,10244.0,0.887,M5,저가
3110520,일식음식점,518,22133.0,23804.0,0.846,M3,중가
3110521,한식음식점,6132,17205.0,17479.0,0.676,M1,저가
3110522,한식음식점,399,15783.0,19145.0,0.741,M1,저가
3110525,한식음식점,3353,26089.0,26076.0,1.009,M1,중가
3110525,분식전문점,6115,9639.0,9699.0,0.84,M5,저가
3110527,한식음식점,8143,29817.0,29722.0,1.15,M1,중가
3110529,한식음식점,5526,22178.0,22307.0,0.863,M1,중가
3110529,분식전문점,2469,7787.0,8068.0,0.699,M5,저가
3110530,한식음식점,7686,23435.0,23496.0,0.909,M1,중가
3110532,한식음식점,9730,18752.0,18895.0,0.731,M1,저가
3110534,한식음식점,721,21992.0,22830.0,0.883,M1,중가
3110535,한식음식점,3396,22024.0,22236.0,0.86,M1,중가
3110535,치킨전문점,13,70625.0,26155.0,1.124,M6,정보없음
3110536,패스트푸드점,1523,15863.0,15616.0,1.137,M5,중가
3110537,한식음식점,18330,24647.0,24660.0,0.954,M1,중가
3110538,양식음식점,10816,14070.0,14373.0,0.467,M4,저가
3110538,한식음식점,16187,26229.0,26224.0,1.014,M1,중가
3110539,일식음식점,2368,43611.0,42406.0,1.508,M3,고가
3110539,한식음식점,59249,28162.0,28154.0,1.089,M1,중가
3110566,양식음식점,8214,15940.0,16292.0,0.529,M4,저가
3110566,일식음식점,3875,17158.0,17696.0,0.629,M3,저가
3110566,한식음식점,10369,23257.0,23306.0,0.902,M1,중가
3110566,분식전문점,6535,15311.0,15199.0,1.317,M5,고가
3110566,패스트푸드점,2615,12586.0,12667.0,0.923,M5,중가
3110569,분식전문점,4373,10499.0,10544.0,0.914,M5,중가
3110569,패스트푸드점,890,20847.0,19541.0,1.423,M5,고가
3110569,한식음식점,10440,27127.0,27103.0,1.048,M1,중가
3110569,양식음식점,5934,18141.0,18553.0,0.603,M4,저가
3110569,일식음식점,2419,20191.0,20797.0,0.739,M3,저가
3110569,치킨전문점,14,15063.0,22728.0,0.977,M6,정보없음
3110571,분식전문점,3274,7787.0,8003.0,0.693,M5,저가
3110571,한식음식점,1043,22804.0,23295.0,0.901,M1,중가
3110572,분식전문점,8588,10969.0,10982.0,0.951,M5,중가
3110572,일식음식점,9,15664.0,27593.0,0.981,M3,정보없음
3110572,양식음식점,4480,22808.0,23149.0,0.752,M4,중가
3110572,한식음식점,35741,19000.0,19038.0,0.736,M1,저가
3110572,중식음식점,2379,14304.0,15055.0,0.628,M2,저가
3110573,한식음식점,2605,15783.0,16501.0,0.638,M1,저가
3110575,한식음식점,10228,15783.0,15976.0,0.618,M1,저가
3110576,한식음식점,30229,28264.0,28248.0,1.093,M1,중가
3110576,양식음식점,23025,37378.0,37321.0,1.213,M4,중가
3110576,분식전문점,3072,16087.0,15809.0,1.37,M5,고가
3110576,일식음식점,801,32440.0,31579.0,1.123,M3,중가
3110576,치킨전문점,535,26907.0,25916.0,1.114,M6,중가
3110577,한식음식점,9426,36396.0,36177.0,1.399,M1,고가
3110577,분식전문점,11663,10621.0,10636.0,0.921,M5,중가
3110578,중식음식점,4568,14304.0,14710.0,0.613,M2,저가
3110578,패스트푸드점,222,22195.0,18183.0,1.324,M5,고가
3110578,분식전문점,13749,11988.0,11982.0,1.038,M5,중가
3110578,한식음식점,19524,26267.0,26263.0,1.016,M1,중가
3110578,치킨전문점,36,19095.0,22629.0,0.973,M6,정보없음
3110579,분식전문점,1358,10784.0,10881.0,0.943,M5,중가
3110579,한식음식점,1085,16725.0,18146.0,0.702,M1,저가
3110580,한식음식점,7206,15783.0,16055.0,0.621,M1,저가
3110582,한식음식점,5128,25220.0,25243.0,0.976,M1,중가
3110582,분식전문점,1917,9211.0,9431.0,0.817,M5,저가
3110583,한식음식점,5437,40149.0,39642.0,1.533,M1,고가
3110585,한식음식점,3165,24289.0,24382.0,0.943,M1,중가
3110586,양식음식점,1343,20139.0,21518.0,0.699,M4,저가
3110586,한식음식점,56019,28171.0,28163.0,1.089,M1,중가
3110586,분식전문점,1885,10699.0,10780.0,0.934,M5,중가
3110586,일식음식점,316,108491.0,77343.0,2.75,M3,고가
3110586,중식음식점,2457,26294.0,26121.0,1.089,M2,중가
3110587,한식음식점,2189,31119.0,30678.0,1.187,M1,중가
3110591,한식음식점,17637,19637.0,19707.0,0.762,M1,저가
3110832,한식음식점,1861,32349.0,31718.0,1.227,M1,고가
3110927,한식음식점,3120,19534.0,19915.0,0.77,M1,저가
3110949,양식음식점,965,79989.0,71541.0,2.324,M4,고가
3110949,한식음식점,8487,23689.0,23739.0,0.918,M1,중가
3110949,일식음식점,82,109049.0,51659.0,1.836,M3,정보없음
3110951,분식전문점,2981,15092.0,14869.0,1.288,M5,고가
3110951,양식음식점,156,50973.0,39628.0,1.288,M4,중가
3110951,한식음식점,2449,15783.0,16544.0,0.64,M1,저가
3110952,한식음식점,849,34137.0,32557.0,1.259,M1,고가
3110955,한식음식점,23296,30890.0,30847.0,1.193,M1,중가
3110955,양식음식점,1185,19007.0,20707.0,0.673,M4,저가
3110957,한식음식점,6382,37642.0,37284.0,1.442,M1,고가
3110957,양식음식점,1374,22129.0,23228.0,0.755,M4,중가
3110959,한식음식점,3779,47272.0,46195.0,1.787,M1,고가
3110961,분식전문점,88,20966.0,14422.0,1.249,M5,정보없음
3110961,한식음식점,50433,24920.0,24924.0,0.964,M1,중가
3110962,한식음식점,1984,25697.0,25711.0,0.995,M1,중가
3110962,일식음식점,124,109049.0,59099.0,2.101,M3,고가
3110966,분식전문점,332,16947.0,14915.0,1.292,M5,고가
3110966,일식음식점,2282,28254.0,28244.0,1.004,M3,중가
3110966,한식음식점,26383,20220.0,20263.0,0.784,M1,저가
3110968,한식음식점,9510,18551.0,18701.0,0.723,M1,저가
3110970,한식음식점,5644,18429.0,18683.0,0.723,M1,저가
3110971,한식음식점,7406,19631.0,19794.0,0.766,M1,저가
3110976,한식음식점,5856,32563.0,32341.0,1.251,M1,고가
3111004,패스트푸드점,59,19681.0,15086.0,1.099,M5,정보없음
3111004,치킨전문점,316,10820.0,15644.0,0.672,M6,저가
3111004,한식음식점,41471,42760.0,42679.0,1.651,M1,고가
3111004,일식음식점,43,109049.0,42449.0,1.509,M3,정보없음
3111004,분식전문점,13431,13010.0,12988.0,1.125,M5,중가
3111010,양식음식점,1714,27371.0,27727.0,0.901,M4,중가
3111010,한식음식점,53599,26966.0,26962.0,1.043,M1,중가
3111010,일식음식점,165,109049.0,64710.0,2.3,M3,고가
3111010,치킨전문점,169,26709.0,24842.0,1.068,M6,중가
3111010,분식전문점,2006,12219.0,12158.0,1.053,M5,중가
3111011,분식전문점,1716,9209.0,9453.0,0.819,M5,저가
3111011,한식음식점,2674,19506.0,19948.0,0.772,M1,저가
3111012,한식음식점,8358,23055.0,23120.0,0.894,M1,중가
3111012,분식전문점,462,8239.0,9237.0,0.8,M5,저가
3111013,일식음식점,2163,38425.0,37554.0,1.335,M3,고가
3111013,패스트푸드점,9823,13353.0,13361.0,0.973,M5,중가
3111013,한식음식점,31416,33093.0,33048.0,1.278,M1,고가
3111013,양식음식점,6693,30262.0,30277.0,0.984,M4,중가
3111013,분식전문점,2139,20966.0,20160.0,1.747,M5,고가
3111014,분식전문점,1296,10476.0,10618.0,0.92,M5,중가
3111014,일식음식점,541,19590.0,21895.0,0.778,M3,중가
3111014,한식음식점,13467,47272.0,46958.0,1.816,M1,고가
3111015,분식전문점,2054,20966.0,20130.0,1.744,M5,고가
3111015,한식음식점,13079,23133.0,23173.0,0.896,M1,중가
3111019,한식음식점,2380,22690.0,22935.0,0.887,M1,중가
3111019,양식음식점,6683,52759.0,52121.0,1.693,M4,고가
3111020,한식음식점,14018,18460.0,18564.0,0.718,M1,저가
3111021,치킨전문점,19,70625.0,27374.0,1.177,M6,정보없음
3111021,한식음식점,35228,45815.0,45702.0,1.768,M1,고가
3111021,양식음식점,3581,23805.0,24174.0,0.785,M4,중가
3111021,패스트푸드점,346,46628.0,34578.0,2.518,M5,고가
3111021,중식음식점,2521,19549.0,19876.0,0.829,M2,저가
3111021,분식전문점,5364,10500.0,10538.0,0.913,M5,중가
3111021,일식음식점,539,107567.0,86068.0,3.06,M3,고가
3111030,한식음식점,17447,22082.0,22125.0,0.856,M1,중가
3111032,한식음식점,27180,30041.0,30010.0,1.161,M1,중가
3111032,패스트푸드점,492,8956.0,10336.0,0.753,M5,저가
3111032,분식전문점,18685,10182.0,10196.0,0.883,M5,저가
3111032,중식음식점,2154,28311.0,27943.0,1.165,M2,중가
3111032,양식음식점,5504,49818.0,49151.0,1.597,M4,고가
3111035,한식음식점,2317,20676.0,21088.0,0.816,M1,저가
3111048,한식음식점,13248,28101.0,28068.0,1.086,M1,중가
3111049,한식음식점,6792,32281.0,32097.0,1.242,M1,고가
3111050,한식음식점,2556,18200.0,18755.0,0.725,M1,저가
3111051,한식음식점,11001,26866.0,26848.0,1.039,M1,중가
3111051,분식전문점,2061,10061.0,10192.0,0.883,M5,저가
3111052,한식음식점,42998,16386.0,16430.0,0.636,M1,저가
3111052,중식음식점,2776,18762.0,19113.0,0.797,M2,저가
3111053,양식음식점,91,43059.0,34618.0,1.125,M4,정보없음
3111053,한식음식점,19601,44608.0,44418.0,1.718,M1,고가
3111054,한식음식점,1439,47272.0,44658.0,1.727,M1,고가
3111056,한식음식점,5340,35359.0,35016.0,1.354,M1,고가
3111057,분식전문점,1437,18309.0,17483.0,1.515,M5,고가
3111057,한식음식점,13651,33039.0,32935.0,1.274,M1,고가
3111058,한식음식점,643,16572.0,18774.0,0.726,M1,저가
3111059,분식전문점,8586,10065.0,10099.0,0.875,M5,저가
3111059,중식음식점,5442,15596.0,15893.0,0.663,M2,저가
3111059,한식음식점,34516,20540.0,20570.0,0.796,M1,저가
3111059,치킨전문점,13,10820.0,22505.0,0.967,M6,정보없음
3111060,치킨전문점,72,20300.0,22480.0,0.966,M6,정보없음
3111060,패스트푸드점,335,41145.0,30896.0,2.25,M5,고가
3111060,분식전문점,543,10929.0,11094.0,0.961,M5,중가
3111060,중식음식점,6340,18943.0,19097.0,0.796,M2,저가
3111060,한식음식점,27530,29855.0,29826.0,1.154,M1,중가
3111061,한식음식점,19296,26146.0,26143.0,1.011,M1,중가
3111061,일식음식점,474,33306.0,31770.0,1.129,M3,중가
3111061,중식음식점,2032,20837.0,21119.0,0.88,M2,중가
3111062,한식음식점,12370,31723.0,31630.0,1.223,M1,고가
3111062,중식음식점,321,15813.0,18951.0,0.79,M2,저가
3111063,패스트푸드점,70,30398.0,18052.0,1.315,M5,정보없음
3111063,분식전문점,1017,20966.0,19417.0,1.682,M5,고가
3111063,한식음식점,3938,18237.0,18605.0,0.72,M1,저가
3111064,치킨전문점,18,14489.0,22540.0,0.969,M6,정보없음
3111064,한식음식점,2055,27599.0,27444.0,1.062,M1,중가
3111066,한식음식점,5007,18635.0,18912.0,0.732,M1,저가
3111066,중식음식점,825,17036.0,18392.0,0.767,M2,저가
3111066,분식전문점,877,10466.0,10666.0,0.924,M5,중가
3111067,한식음식점,24511,23294.0,23314.0,0.902,M1,중가
3111067,분식전문점,1773,9167.0,9408.0,0.815,M5,저가
3111068,한식음식점,9622,21293.0,21386.0,0.827,M1,중가
3111069,한식음식점,218,28790.0,27384.0,1.059,M1,중가
3111070,한식음식점,2109,21828.0,22176.0,0.858,M1,중가
3111070,패스트푸드점,176,15190.0,14414.0,1.05,M5,중가
3111071,한식음식점,6831,15783.0,16070.0,0.622,M1,저가
3111072,패스트푸드점,29,31958.0,16039.0,1.168,M5,정보없음
3111072,한식음식점,9184,26489.0,26476.0,1.024,M1,중가
3111073,치킨전문점,71,23356.0,23289.0,1.001,M6,정보없음
3111073,패스트푸드점,9,20999.0,14043.0,1.023,M5,정보없음
3111073,중식음식점,2548,14304.0,15008.0,0.626,M2,저가
3111073,한식음식점,25841,32257.0,32208.0,1.246,M1,고가
3111073,분식전문점,5458,10725.0,10754.0,0.932,M5,중가
3111074,한식음식점,1476,37524.0,36131.0,1.398,M1,고가
3111075,한식음식점,5659,25516.0,25527.0,0.987,M1,중가
3111076,분식전문점,34,15355.0,12097.0,1.048,M5,정보없음
3111076,양식음식점,3420,24263.0,24623.0,0.8,M4,중가
3111076,한식음식점,5634,30916.0,30743.0,1.189,M1,중가
3111077,분식전문점,714,13674.0,13208.0,1.144,M5,중가
3111077,중식음식점,3823,14304.0,14785.0,0.616,M2,저가
3111077,한식음식점,39435,24643.0,24649.0,0.953,M1,중가
3111078,분식전문점,1454,14818.0,14422.0,1.249,M5,고가
3111078,중식음식점,1674,17406.0,18108.0,0.755,M2,저가
3111078,일식음식점,45,17632.0,26202.0,0.931,M3,정보없음
3111078,한식음식점,12265,26459.0,26450.0,1.023,M1,중가
3111080,양식음식점,2072,46751.0,45345.0,1.473,M4,고가
3111080,치킨전문점,20,29874.0,23866.0,1.026,M6,정보없음
3111080,한식음식점,14059,30415.0,30351.0,1.174,M1,중가
3111080,중식음식점,656,27830.0,26932.0,1.123,M2,중가
3111080,분식전문점,16,9839.0,11416.0,0.989,M5,정보없음
3120001,양식음식점,6944,19092.0,19419.0,0.631,M4,저가
3120001,한식음식점,103735,26415.0,26414.0,1.022,M1,중가
3120001,분식전문점,8945,20966.0,20760.0,1.799,M5,고가
3120001,패스트푸드점,7530,13631.0,13634.0,0.993,M5,중가
3120001,중식음식점,6470,38706.0,38264.0,1.595,M2,고가
3120001,치킨전문점,287,37193.0,31473.0,1.353,M6,고가
3120001,일식음식점,2581,17663.0,18415.0,0.655,M3,저가
3120002,중식음식점,7666,38250.0,37888.0,1.58,M2,고가
3120002,일식음식점,1039,31371.0,30847.0,1.097,M3,중가
3120002,한식음식점,81184,35488.0,35464.0,1.372,M1,고가
3120002,양식음식점,11575,47853.0,47563.0,1.545,M4,고가
3120002,분식전문점,29699,9971.0,9982.0,0.865,M5,저가
3120003,분식전문점,81973,12449.0,12447.0,1.078,M5,중가
3120003,패스트푸드점,21465,15870.0,15851.0,1.154,M5,중가
3120003,일식음식점,38129,37791.0,37741.0,1.342,M3,고가
3120003,치킨전문점,951,19522.0,20172.0,0.867,M6,중가
3120003,양식음식점,60316,48573.0,48514.0,1.576,M4,고가
3120003,한식음식점,349465,32001.0,31997.0,1.238,M1,고가
3120003,중식음식점,41916,40892.0,40812.0,1.701,M2,고가
3120004,분식전문점,20144,14746.0,14714.0,1.275,M5,고가
3120004,중식음식점,8558,52411.0,51762.0,2.158,M2,고가
3120004,패스트푸드점,16379,17628.0,17581.0,1.28,M5,고가
3120004,양식음식점,3932,15131.0,15888.0,0.516,M4,저가
3120004,일식음식점,6553,108521.0,106140.0,3.773,M3,고가
3120004,한식음식점,129360,32664.0,32654.0,1.263,M1,고가
3120005,한식음식점,60382,41208.0,41157.0,1.592,M1,고가
3120005,패스트푸드점,1764,40007.0,37331.0,2.719,M5,고가
3120005,양식음식점,14289,82389.0,81677.0,2.654,M4,고가
3120005,분식전문점,6877,20966.0,20699.0,1.793,M5,고가
3120006,패스트푸드점,5006,10823.0,10935.0,0.796,M5,중가
3120006,중식음식점,64974,24780.0,24777.0,1.033,M2,중가
3120006,일식음식점,73225,27057.0,27060.0,0.962,M3,중가
3120006,한식음식점,368359,30059.0,30056.0,1.163,M1,중가
3120006,치킨전문점,1130,45697.0,42324.0,1.819,M6,고가
3120006,양식음식점,34243,33658.0,33641.0,1.093,M4,중가
3120006,분식전문점,104353,11230.0,11231.0,0.973,M5,중가
3120007,양식음식점,29170,37110.0,37066.0,1.204,M4,중가
3120007,일식음식점,12190,30451.0,30414.0,1.081,M3,중가
3120007,한식음식점,160259,31477.0,31470.0,1.217,M1,고가
3120007,치킨전문점,20,70625.0,27570.0,1.185,M6,정보없음
3120007,분식전문점,55577,11754.0,11753.0,1.018,M5,중가
3120007,패스트푸드점,1826,17962.0,17544.0,1.278,M5,고가
3120008,양식음식점,5129,43873.0,43382.0,1.41,M4,고가
3120008,한식음식점,213035,36020.0,36010.0,1.393,M1,고가
3120008,분식전문점,1751,20966.0,20000.0,1.733,M5,고가
3120008,중식음식점,5746,24877.0,24847.0,1.036,M2,중가
3120008,일식음식점,1025,109049.0,95838.0,3.407,M3,고가
3120009,양식음식점,14297,22829.0,22939.0,0.745,M4,중가
3120009,중식음식점,26197,21922.0,21937.0,0.915,M2,중가
3120009,일식음식점,6965,32870.0,32737.0,1.164,M3,중가
3120009,패스트푸드점,17220,11809.0,11831.0,0.862,M5,중가
3120009,한식음식점,320026,28266.0,28264.0,1.093,M1,중가
3120009,치킨전문점,1231,11195.0,12882.0,0.554,M6,저가
3120009,분식전문점,34266,13307.0,13297.0,1.152,M5,중가
3120010,한식음식점,22695,28910.0,28883.0,1.117,M1,중가
3120010,분식전문점,2022,13439.0,13269.0,1.15,M5,중가
3120011,한식음식점,28299,28114.0,28098.0,1.087,M1,중가
3120011,중식음식점,4715,42372.0,41623.0,1.735,M2,고가
3120012,분식전문점,57219,16011.0,15996.0,1.386,M5,고가
3120012,양식음식점,31744,32668.0,32656.0,1.061,M4,중가
3120012,한식음식점,121715,28977.0,28972.0,1.121,M1,중가
3120012,패스트푸드점,33233,10874.0,10891.0,0.793,M5,저가
3120012,중식음식점,6728,52411.0,51591.0,2.151,M2,고가
3120012,일식음식점,45490,32618.0,32598.0,1.159,M3,중가
3120012,치킨전문점,40,21718.0,23007.0,0.989,M6,정보없음
3120013,중식음식점,5767,31468.0,31217.0,1.301,M2,고가
3120013,양식음식점,8302,16118.0,16463.0,0.535,M4,저가
3120013,패스트푸드점,1787,19123.0,18580.0,1.353,M5,고가
3120013,한식음식점,39373,31393.0,31365.0,1.213,M1,고가
3120013,분식전문점,1613,11150.0,11194.0,0.97,M5,중가
3120014,중식음식점,2980,19286.0,19581.0,0.816,M2,저가
3120014,치킨전문점,4056,25763.0,25645.0,1.102,M6,중가
3120014,패스트푸드점,5627,13723.0,13723.0,0.999,M5,중가
3120014,분식전문점,23903,12256.0,12250.0,1.061,M5,중가
3120014,양식음식점,2300,26611.0,26944.0,0.875,M4,중가
3120014,일식음식점,188,90410.0,58307.0,2.073,M3,고가
3120014,한식음식점,95148,29487.0,29480.0,1.14,M1,중가
3120015,분식전문점,5026,10601.0,10637.0,0.922,M5,중가
3120015,한식음식점,29352,21751.0,21779.0,0.842,M1,중가
3120015,패스트푸드점,10080,11957.0,11992.0,0.873,M5,중가
3120016,한식음식점,28147,31410.0,31371.0,1.213,M1,고가
3120016,분식전문점,4735,16982.0,16761.0,1.452,M5,고가
3120016,양식음식점,56,61016.0,37393.0,1.215,M4,정보없음
3120016,중식음식점,17119,14304.0,14416.0,0.601,M2,저가
3120017,양식음식점,11995,39723.0,39576.0,1.286,M4,중가
3120017,패스트푸드점,1290,9472.0,10044.0,0.731,M5,저가
3120017,분식전문점,252,11012.0,11247.0,0.974,M5,중가
3120017,한식음식점,10254,27516.0,27484.0,1.063,M1,중가
3120018,중식음식점,5317,32056.0,31764.0,1.324,M2,고가
3120018,분식전문점,2418,9156.0,9338.0,0.809,M5,저가
3120018,한식음식점,92960,28788.0,28782.0,1.113,M1,중가
3120018,치킨전문점,3720,11826.0,12410.0,0.533,M6,저가
3120019,패스트푸드점,10394,13446.0,13451.0,0.98,M5,중가
3120019,한식음식점,1159,28157.0,27818.0,1.076,M1,중가
3120019,양식음식점,2787,25591.0,25939.0,0.843,M4,중가
3120020,중식음식점,7188,52411.0,51642.0,2.153,M2,고가
3120020,분식전문점,11586,14289.0,14242.0,1.234,M5,고가
3120020,패스트푸드점,4099,33325.0,32414.0,2.361,M5,고가
3120020,양식음식점,8344,40411.0,40186.0,1.306,M4,중가
3120020,한식음식점,134458,33267.0,33256.0,1.286,M1,고가
3120021,분식전문점,5133,7787.0,7928.0,0.687,M5,저가
3120021,중식음식점,2410,39159.0,37997.0,1.584,M2,고가
3120021,양식음식점,9104,19101.0,19352.0,0.629,M4,저가
3120021,일식음식점,20990,36144.0,36068.0,1.282,M3,중가
3120021,한식음식점,124862,37634.0,37616.0,1.455,M1,고가
3120021,패스트푸드점,14040,11440.0,11473.0,0.836,M5,중가
3120022,분식전문점,44257,16627.0,16604.0,1.439,M5,고가
3120022,패스트푸드점,7472,10105.0,10199.0,0.743,M5,저가
3120022,한식음식점,196656,47272.0,47250.0,1.828,M1,고가
3120022,일식음식점,20391,20607.0,20680.0,0.735,M3,저가
3120022,중식음식점,3967,39148.0,38420.0,1.602,M2,고가
3120022,양식음식점,5291,55425.0,54527.0,1.772,M4,고가
3120022,치킨전문점,162,50764.0,35571.0,1.529,M6,고가
3120023,일식음식점,14695,60686.0,60249.0,2.142,M3,고가
3120023,양식음식점,22568,73712.0,73335.0,2.383,M4,고가
3120023,중식음식점,22264,52411.0,52158.0,2.174,M2,고가
3120023,분식전문점,39203,14828.0,14812.0,1.283,M5,고가
3120023,한식음식점,136948,47262.0,47231.0,1.827,M1,고가
3120023,패스트푸드점,5405,29679.0,29110.0,2.12,M5,고가
3120024,중식음식점,4149,24110.0,24105.0,1.005,M2,중가
3120024,일식음식점,463,46889.0,41230.0,1.466,M3,고가
3120024,한식음식점,60617,26258.0,26257.0,1.016,M1,중가
3120024,분식전문점,30446,12301.0,12296.0,1.065,M5,중가
3120025,패스트푸드점,19974,9630.0,9671.0,0.704,M5,저가
3120025,일식음식점,641,104612.0,86423.0,3.072,M3,고가
3120025,한식음식점,17484,24458.0,24474.0,0.947,M1,중가
3120025,분식전문점,65999,7787.0,7798.0,0.676,M5,저가
3120025,중식음식점,1470,52411.0,49007.0,2.043,M2,고가
3120026,치킨전문점,4556,21846.0,21906.0,0.942,M6,중가
3120026,일식음식점,24581,49120.0,48950.0,1.74,M3,고가
3120026,한식음식점,243627,30898.0,30894.0,1.195,M1,고가
3120026,양식음식점,12272,38217.0,38098.0,1.238,M4,중가
3120026,중식음식점,13095,42805.0,42522.0,1.773,M2,고가
3120026,패스트푸드점,4448,10600.0,10735.0,0.782,M5,저가
3120026,분식전문점,20571,15015.0,14981.0,1.298,M5,고가
3120027,양식음식점,2662,14070.0,15238.0,0.495,M4,저가
3120027,일식음식점,6186,18601.0,18900.0,0.672,M3,저가
3120027,분식전문점,6076,11505.0,11506.0,0.997,M5,중가
3120027,패스트푸드점,12439,9859.0,9920.0,0.723,M5,저가
3120027,중식음식점,1867,25211.0,25093.0,1.046,M2,중가
3120027,한식음식점,165862,15783.0,15796.0,0.611,M1,저가
3120028,중식음식점,30494,30448.0,30406.0,1.268,M2,고가
3120028,일식음식점,20130,32647.0,32602.0,1.159,M3,중가
3120028,치킨전문점,323,36643.0,31527.0,1.355,M6,고가
3120028,분식전문점,67493,10119.0,10123.0,0.877,M5,저가
3120028,한식음식점,276432,33638.0,33633.0,1.301,M1,고가
3120028,패스트푸드점,20926,11880.0,11898.0,0.867,M5,중가
3120028,양식음식점,19119,40402.0,40302.0,1.309,M4,중가
3120029,양식음식점,331,54894.0,45811.0,1.488,M4,고가
3120029,한식음식점,49447,41169.0,41107.0,1.59,M1,고가
3120030,분식전문점,2679,11201.0,11224.0,0.972,M5,중가
3120030,양식음식점,5438,33137.0,33053.0,1.074,M4,중가
3120030,중식음식점,11301,18737.0,18829.0,0.785,M2,저가
3120030,일식음식점,1151,39139.0,37509.0,1.333,M3,고가
3120030,한식음식점,87661,27370.0,27367.0,1.059,M1,중가
3120031,치킨전문점,9931,14087.0,14268.0,0.613,M6,저가
3120031,한식음식점,217669,31594.0,31589.0,1.222,M1,고가
3120031,일식음식점,20254,18706.0,18798.0,0.668,M3,저가
3120031,분식전문점,28602,10352.0,10360.0,0.898,M5,중가
3120031,중식음식점,16834,22200.0,22221.0,0.926,M2,중가
3120031,양식음식점,5511,97665.0,95323.0,3.097,M4,고가
3120032,분식전문점,36290,14745.0,14728.0,1.276,M5,고가
3120032,중식음식점,32188,42136.0,42024.0,1.752,M2,고가
3120032,양식음식점,9118,24767.0,24896.0,0.809,M4,중가
3120032,한식음식점,210951,26645.0,26644.0,1.031,M1,중가
3120032,패스트푸드점,2891,51301.0,48870.0,3.559,M5,고가
3120032,일식음식점,18779,30014.0,29994.0,1.066,M3,중가
3120033,한식음식점,10955,27270.0,27244.0,1.054,M1,중가
3120034,분식전문점,1473,14091.0,13786.0,1.194,M5,고가
3120034,한식음식점,18790,27224.0,27210.0,1.053,M1,중가
3120035,한식음식점,16328,31425.0,31358.0,1.213,M1,고가
3120036,한식음식점,32908,47272.0,47142.0,1.824,M1,고가
3120036,양식음식점,8932,27971.0,28032.0,0.911,M4,중가
3120037,분식전문점,35020,9212.0,9225.0,0.799,M5,저가
3120037,한식음식점,129605,26750.0,26749.0,1.035,M1,중가
3120037,치킨전문점,12,22655.0,23230.0,0.999,M6,정보없음
3120037,중식음식점,8842,31623.0,31454.0,1.311,M2,고가
3120037,양식음식점,27576,38476.0,38420.0,1.248,M4,중가
3120037,패스트푸드점,21697,27674.0,27547.0,2.006,M5,고가
3120037,일식음식점,2033,80663.0,75958.0,2.7,M3,고가
3120038,분식전문점,11901,12644.0,12626.0,1.094,M5,중가
3120038,양식음식점,3085,14085.0,15101.0,0.491,M4,저가
3120038,중식음식점,4144,26380.0,26270.0,1.095,M2,중가
3120038,일식음식점,7803,29027.0,29005.0,1.031,M3,중가
3120038,한식음식점,69234,26706.0,26704.0,1.033,M1,중가
3120039,분식전문점,19539,14529.0,14499.0,1.256,M5,고가
3120039,일식음식점,3094,40730.0,39965.0,1.421,M3,고가
3120039,중식음식점,3708,23793.0,23803.0,0.992,M2,중가
3120039,패스트푸드점,27023,9642.0,9672.0,0.704,M5,저가
3120039,한식음식점,85818,27605.0,27601.0,1.068,M1,중가
3120040,한식음식점,102915,23267.0,23272.0,0.9,M1,중가
3120040,일식음식점,14424,18138.0,18275.0,0.65,M3,저가
3120040,분식전문점,11596,13050.0,13024.0,1.128,M5,중가
3120040,양식음식점,8047,16881.0,17218.0,0.559,M4,저가
3120040,중식음식점,10982,19804.0,19879.0,0.829,M2,저가
3120041,일식음식점,7203,55338.0,54603.0,1.941,M3,고가
3120041,양식음식점,1522,84464.0,78229.0,2.542,M4,고가
3120041,한식음식점,140664,35843.0,35828.0,1.386,M1,고가
3120041,패스트푸드점,8639,9913.0,9999.0,0.728,M5,저가
3120041,치킨전문점,3854,18011.0,18270.0,0.785,M6,중가
3120041,분식전문점,76657,13813.0,13807.0,1.196,M5,고가
3120042,양식음식점,2530,19633.0,20450.0,0.664,M4,저가
3120042,중식음식점,4363,15243.0,15626.0,0.651,M2,저가
3120042,한식음식점,21387,17950.0,18023.0,0.697,M1,저가
3120042,분식전문점,10733,9420.0,9459.0,0.82,M5,저가
3120042,패스트푸드점,4912,8956.0,9143.0,0.666,M5,저가
3120043,패스트푸드점,16148,41300.0,40963.0,2.983,M5,고가
3120043,한식음식점,271715,33463.0,33458.0,1.294,M1,고가
3120043,중식음식점,25040,28427.0,28392.0,1.184,M2,중가
3120043,일식음식점,66940,27155.0,27158.0,0.965,M3,중가
3120043,분식전문점,22383,12896.0,12884.0,1.116,M5,중가
3120043,양식음식점,26382,42510.0,42421.0,1.378,M4,고가
3120044,일식음식점,1072,20214.0,21459.0,0.763,M3,저가
3120044,중식음식점,7153,34919.0,34622.0,1.443,M2,고가
3120044,양식음식점,6123,33844.0,33747.0,1.096,M4,중가
3120044,한식음식점,23141,43274.0,43125.0,1.668,M1,고가
3120045,일식음식점,9834,24682.0,24750.0,0.88,M3,중가
3120045,양식음식점,5485,26184.0,26346.0,0.856,M4,중가
3120045,분식전문점,823,11833.0,11776.0,1.02,M5,중가
3120045,패스트푸드점,865,25937.0,23645.0,1.722,M5,고가
3120045,중식음식점,5381,32999.0,32676.0,1.362,M2,고가
3120045,한식음식점,85881,30028.0,30019.0,1.161,M1,중가
3120046,중식음식점,14003,25369.0,25350.0,1.057,M2,중가
3120046,일식음식점,1420,33218.0,32590.0,1.159,M3,중가
3120046,패스트푸드점,23053,21026.0,20963.0,1.527,M5,고가
3120046,양식음식점,38059,39060.0,39017.0,1.268,M4,중가
3120046,한식음식점,42169,29808.0,29790.0,1.152,M1,중가
3120046,분식전문점,1475,13439.0,13213.0,1.145,M5,중가
3120047,양식음식점,7451,50110.0,49605.0,1.612,M4,고가
3120047,분식전문점,22226,12947.0,12934.0,1.121,M5,중가
3120047,한식음식점,38517,33625.0,33585.0,1.299,M1,고가
3120047,패스트푸드점,1372,13944.0,13917.0,1.014,M5,중가
3120047,중식음식점,3654,17338.0,17683.0,0.737,M2,저가
3120047,일식음식점,2719,32441.0,32146.0,1.143,M3,중가
3120048,치킨전문점,7,23483.0,23272.0,1.0,M6,정보없음
3120048,패스트푸드점,3530,11885.0,11984.0,0.873,M5,중가
3120048,한식음식점,10705,21966.0,22037.0,0.852,M1,중가
3120048,분식전문점,3246,11235.0,11253.0,0.975,M5,중가
3120048,중식음식점,2276,29069.0,28658.0,1.195,M2,중가
3120048,양식음식점,212,17819.0,24110.0,0.783,M4,중가
3120049,양식음식점,5244,21192.0,21544.0,0.7,M4,저가
3120049,한식음식점,44035,33702.0,33667.0,1.302,M1,고가
3120049,분식전문점,6275,12397.0,12370.0,1.072,M5,중가
3120049,일식음식점,3800,35786.0,35403.0,1.259,M3,중가
3120049,패스트푸드점,1389,29035.0,27109.0,1.974,M5,고가
3120050,패스트푸드점,328,51301.0,37070.0,2.7,M5,고가
3120050,분식전문점,1219,11962.0,11903.0,1.031,M5,중가
3120050,한식음식점,12865,27869.0,27838.0,1.077,M1,중가
3120051,분식전문점,19083,15901.0,15855.0,1.374,M5,고가
3120051,양식음식점,2567,30856.0,30850.0,1.002,M4,중가
3120051,패스트푸드점,7063,25594.0,25267.0,1.84,M5,고가
3120051,중식음식점,5229,27625.0,27491.0,1.146,M2,중가
3120051,한식음식점,223223,20035.0,20041.0,0.775,M1,저가
3120051,일식음식점,2748,32958.0,32630.0,1.16,M3,중가
3120052,치킨전문점,51,20285.0,22659.0,0.974,M6,정보없음
3120052,양식음식점,989,14070.0,16881.0,0.548,M4,저가
3120052,한식음식점,342752,18672.0,18677.0,0.722,M1,저가
3120052,중식음식점,10764,17511.0,17629.0,0.735,M2,저가
3120052,분식전문점,12379,18568.0,18456.0,1.599,M5,고가
3120052,일식음식점,25175,27403.0,27408.0,0.974,M3,중가
3120052,패스트푸드점,36478,11988.0,11998.0,0.874,M5,중가
3120053,치킨전문점,309,35365.0,30610.0,1.316,M6,고가
3120053,분식전문점,48162,8239.0,8252.0,0.715,M5,저가
3120053,중식음식점,13882,22530.0,22551.0,0.94,M2,중가
3120053,일식음식점,27427,21000.0,21051.0,0.748,M3,저가
3120053,양식음식점,14710,37945.0,37849.0,1.23,M4,중가
3120053,한식음식점,100362,27470.0,27466.0,1.062,M1,중가
3120053,패스트푸드점,30009,13669.0,13670.0,0.996,M5,중가
3120054,한식음식점,79180,18734.0,18752.0,0.725,M1,저가
3120054,패스트푸드점,18581,12096.0,12114.0,0.882,M5,중가
3120054,분식전문점,8264,16202.0,16092.0,1.394,M5,고가
3120054,양식음식점,18,64388.0,33553.0,1.09,M4,정보없음
3120054,일식음식점,9030,23392.0,23495.0,0.835,M3,중가
3120054,치킨전문점,124,13800.0,19643.0,0.844,M6,중가
3120054,중식음식점,10166,21302.0,21353.0,0.89,M2,중가
3120055,치킨전문점,4,53984.0,23867.0,1.026,M6,정보없음
3120055,일식음식점,3470,30316.0,30197.0,1.073,M3,중가
3120055,패스트푸드점,205,33696.0,23836.0,1.736,M5,고가
3120055,양식음식점,1168,25875.0,26592.0,0.864,M4,중가
3120055,분식전문점,18147,12312.0,12304.0,1.066,M5,중가
3120055,중식음식점,3377,21754.0,21878.0,0.912,M2,중가
3120055,한식음식점,101532,27054.0,27052.0,1.046,M1,중가
3120056,일식음식점,674,22491.0,23781.0,0.845,M3,중가
3120056,패스트푸드점,603,16003.0,15437.0,1.124,M5,중가
3120056,분식전문점,10524,10406.0,10427.0,0.903,M5,중가
3120056,양식음식점,61,23884.0,29167.0,0.948,M4,정보없음
3120056,중식음식점,15660,23110.0,23121.0,0.964,M2,중가
3120056,한식음식점,56937,31273.0,31254.0,1.209,M1,고가
3120056,치킨전문점,32,25269.0,23541.0,1.012,M6,정보없음
3120057,양식음식점,11200,15396.0,15666.0,0.509,M4,저가
3120057,중식음식점,268,25282.0,24728.0,1.031,M2,중가
3120057,분식전문점,11489,10421.0,10440.0,0.904,M5,중가
3120057,치킨전문점,838,13838.0,15654.0,0.673,M6,저가
3120057,일식음식점,2685,20782.0,21291.0,0.757,M3,저가
3120057,패스트푸드점,12171,13760.0,13759.0,1.002,M5,중가
3120057,한식음식점,43777,32204.0,32176.0,1.245,M1,고가
3120058,패스트푸드점,1500,44230.0,40642.0,2.96,M5,고가
3120058,분식전문점,844,18561.0,17217.0,1.492,M5,고가
3120058,한식음식점,12728,28551.0,28509.0,1.103,M1,중가
3120059,분식전문점,687,15756.0,14806.0,1.283,M5,고가
3120059,일식음식점,4056,34387.0,34093.0,1.212,M3,중가
3120059,한식음식점,50393,34936.0,34900.0,1.35,M1,고가
3120059,패스트푸드점,92,51301.0,25568.0,1.862,M5,정보없음
3120059,양식음식점,1147,53596.0,50208.0,1.631,M4,고가
3120060,일식음식점,5842,18847.0,19154.0,0.681,M3,저가
3120060,패스트푸드점,12457,10220.0,10275.0,0.748,M5,저가
3120060,양식음식점,5966,39098.0,38828.0,1.262,M4,중가
3120060,중식음식점,5610,14304.0,14637.0,0.61,M2,저가
3120060,분식전문점,36238,11477.0,11477.0,0.994,M5,중가
3120060,한식음식점,49374,15783.0,15824.0,0.612,M1,저가
3120061,패스트푸드점,1230,11358.0,11690.0,0.851,M5,중가
3120061,양식음식점,971,30504.0,30551.0,0.993,M4,중가
3120061,한식음식점,14749,22864.0,22904.0,0.886,M1,중가
3120061,분식전문점,6524,11268.0,11276.0,0.977,M5,중가
3120062,한식음식점,214137,19491.0,19497.0,0.754,M1,저가
3120062,치킨전문점,13,42398.0,24433.0,1.05,M6,정보없음
3120062,패스트푸드점,401,12343.0,12805.0,0.933,M5,중가
3120062,분식전문점,15777,12602.0,12589.0,1.091,M5,중가
3120062,중식음식점,5942,19006.0,19168.0,0.799,M2,저가
3120062,일식음식점,2795,16181.0,16979.0,0.604,M3,저가
3120062,양식음식점,1813,97665.0,91020.0,2.957,M4,고가
3120063,한식음식점,64274,21442.0,21456.0,0.83,M1,중가
3120063,양식음식점,198,18080.0,24461.0,0.795,M4,중가
3120063,치킨전문점,101,25069.0,23870.0,1.026,M6,중가
3120063,분식전문점,25350,10724.0,10731.0,0.93,M5,중가
3120063,중식음식점,12520,18803.0,18884.0,0.787,M2,저가
3120063,패스트푸드점,2771,9140.0,9449.0,0.688,M5,저가
3120064,패스트푸드점,17266,10065.0,10107.0,0.736,M5,저가
3120064,중식음식점,9730,15823.0,15988.0,0.667,M2,저가
3120064,일식음식점,9332,21932.0,22062.0,0.784,M3,중가
3120064,한식음식점,54457,22480.0,22492.0,0.87,M1,중가
3120064,분식전문점,18059,10247.0,10261.0,0.889,M5,중가
3120064,양식음식점,8266,37582.0,37422.0,1.216,M4,중가
3120065,분식전문점,22491,10286.0,10297.0,0.892,M5,중가
3120065,한식음식점,23767,20219.0,20266.0,0.784,M1,저가
3120065,일식음식점,1808,32259.0,31847.0,1.132,M3,중가
3120065,양식음식점,5434,32492.0,32431.0,1.054,M4,중가
3120065,치킨전문점,22,20714.0,23012.0,0.989,M6,정보없음
3120066,중식음식점,9835,30432.0,30304.0,1.263,M2,고가
3120066,일식음식점,760,34848.0,33449.0,1.189,M3,중가
3120066,한식음식점,178358,25760.0,25760.0,0.996,M1,중가
3120066,분식전문점,24096,16262.0,16224.0,1.406,M5,고가
3120066,패스트푸드점,12068,11052.0,11096.0,0.808,M5,중가
3120067,일식음식점,253,26647.0,27301.0,0.971,M3,중가
3120067,중식음식점,4147,25846.0,25761.0,1.074,M2,중가
3120067,치킨전문점,535,10820.0,14206.0,0.611,M6,저가
3120067,양식음식점,4220,54081.0,53027.0,1.723,M4,고가
3120067,분식전문점,10925,11427.0,11429.0,0.99,M5,중가
3120067,패스트푸드점,11207,10713.0,10766.0,0.784,M5,저가
3120067,한식음식점,104253,23796.0,23800.0,0.921,M1,중가
3120068,패스트푸드점,4461,13216.0,13238.0,0.964,M5,중가
3120068,한식음식점,19293,37224.0,37108.0,1.435,M1,고가
3120068,분식전문점,6280,11018.0,11034.0,0.956,M5,중가
3120068,중식음식점,2599,16043.0,16610.0,0.692,M2,저가
3120069,한식음식점,66696,23176.0,23184.0,0.897,M1,중가
3120069,분식전문점,39082,13487.0,13477.0,1.168,M5,고가
3120069,패스트푸드점,165117,9893.0,9898.0,0.721,M5,저가
3120069,중식음식점,3511,18593.0,18884.0,0.787,M2,저가
3120069,치킨전문점,583,27397.0,26341.0,1.132,M6,중가
3120069,양식음식점,10705,65318.0,64684.0,2.102,M4,고가
3120069,일식음식점,12970,47912.0,47612.0,1.693,M3,고가
3120070,패스트푸드점,16426,10427.0,10466.0,0.762,M5,저가
3120070,치킨전문점,164,24422.0,23786.0,1.022,M6,중가
3120070,분식전문점,5191,7787.0,7926.0,0.687,M5,저가
3120070,중식음식점,726,26290.0,25793.0,1.075,M2,중가
3120070,양식음식점,5796,19210.0,19596.0,0.637,M4,저가
3120070,한식음식점,49948,26293.0,26291.0,1.017,M1,중가
3120071,한식음식점,47367,28417.0,28406.0,1.099,M1,중가
3120071,중식음식점,758,23591.0,23674.0,0.987,M2,중가
3120071,일식음식점,1359,16045.0,17596.0,0.626,M3,저가
3120071,분식전문점,1293,8149.0,8604.0,0.745,M5,저가
3120072,분식전문점,43871,14948.0,14933.0,1.294,M5,고가
3120072,치킨전문점,50,70625.0,32737.0,1.407,M6,정보없음
3120072,패스트푸드점,6815,16305.0,16231.0,1.182,M5,중가
3120072,중식음식점,5292,17453.0,17691.0,0.738,M2,저가
3120072,양식음식점,11692,23657.0,23777.0,0.773,M4,중가
3120072,한식음식점,83176,21694.0,21704.0,0.84,M1,중가
3120072,일식음식점,10778,19694.0,19848.0,0.706,M3,저가
3120073,분식전문점,5713,15684.0,15544.0,1.347,M5,고가
3120073,패스트푸드점,8193,51301.0,50406.0,3.671,M5,고가
3120073,한식음식점,8818,18845.0,19000.0,0.735,M1,저가
3120074,양식음식점,3699,40412.0,39918.0,1.297,M4,중가
3120074,일식음식점,1904,20247.0,20997.0,0.746,M3,저가
3120074,치킨전문점,229,32396.0,28139.0,1.21,M6,고가
3120074,한식음식점,45704,15810.0,15854.0,0.613,M1,저가
3120074,패스트푸드점,5274,11240.0,11331.0,0.825,M5,중가
3120074,중식음식점,4361,14304.0,14728.0,0.614,M2,저가
3120075,분식전문점,24752,9940.0,9953.0,0.862,M5,저가
3120075,패스트푸드점,16316,16230.0,16200.0,1.18,M5,중가
3120075,양식음식점,6797,15735.0,16165.0,0.525,M4,저가
3120075,한식음식점,31275,20785.0,20817.0,0.805,M1,저가
3120075,중식음식점,6200,29347.0,29180.0,1.217,M2,중가
3120075,일식음식점,2926,18444.0,19064.0,0.678,M3,저가
3120075,치킨전문점,11,13468.0,22754.0,0.978,M6,정보없음
3120076,중식음식점,5859,27029.0,26929.0,1.123,M2,중가
3120076,패스트푸드점,20383,9807.0,9846.0,0.717,M5,저가
3120076,치킨전문점,154,29088.0,25798.0,1.109,M6,중가
3120076,분식전문점,11385,10700.0,10715.0,0.928,M5,중가
3120076,양식음식점,793,52894.0,48440.0,1.574,M4,고가
3120076,한식음식점,118472,28012.0,28008.0,1.083,M1,중가
3120076,일식음식점,10079,28487.0,28480.0,1.012,M3,중가
3120077,일식음식점,1177,32726.0,32058.0,1.14,M3,중가
3120077,패스트푸드점,4324,13356.0,13372.0,0.974,M5,중가
3120077,치킨전문점,80,19768.0,22266.0,0.957,M6,정보없음
3120077,분식전문점,8507,9828.0,9867.0,0.855,M5,저가
3120077,한식음식점,46519,22615.0,22628.0,0.875,M1,중가
3120077,중식음식점,3537,20729.0,20904.0,0.871,M2,중가
3120078,일식음식점,361,51094.0,42907.0,1.525,M3,고가
3120078,분식전문점,587,10928.0,11085.0,0.96,M5,중가
3120078,중식음식점,3999,16932.0,17268.0,0.72,M2,저가
3120078,한식음식점,31462,32789.0,32745.0,1.267,M1,고가
3120078,양식음식점,2033,78750.0,74453.0,2.419,M4,고가
3120078,패스트푸드점,3061,12155.0,12251.0,0.892,M5,중가
3120079,치킨전문점,318,10820.0,15625.0,0.672,M6,저가
3120079,한식음식점,33730,24321.0,24330.0,0.941,M1,중가
3120079,중식음식점,11197,22189.0,22221.0,0.926,M2,중가
3120079,패스트푸드점,6584,10541.0,10635.0,0.775,M5,저가
3120079,일식음식점,4645,20122.0,20452.0,0.727,M3,저가
3120079,양식음식점,796,20970.0,22939.0,0.745,M4,중가
3120079,분식전문점,34822,10219.0,10226.0,0.886,M5,저가
3120080,한식음식점,11135,20608.0,20701.0,0.801,M1,저가
3120080,분식전문점,25689,9596.0,9611.0,0.833,M5,저가
3120080,중식음식점,1969,16326.0,17032.0,0.71,M2,저가
3120080,양식음식점,1980,16407.0,17726.0,0.576,M4,저가
3120080,패스트푸드점,4403,14899.0,14849.0,1.081,M5,중가
3120080,치킨전문점,513,11106.0,14517.0,0.624,M6,저가
3120081,한식음식점,203344,26119.0,26119.0,1.01,M1,중가
3120081,일식음식점,16434,29293.0,29279.0,1.041,M3,중가
3120081,분식전문점,33636,9478.0,9490.0,0.822,M5,저가
3120081,치킨전문점,115,22469.0,22974.0,0.988,M6,중가
3120081,패스트푸드점,22206,15105.0,15093.0,1.099,M5,중가
3120081,양식음식점,13571,42552.0,42381.0,1.377,M4,고가
3120081,중식음식점,22540,18492.0,18540.0,0.773,M2,저가
3120082,한식음식점,16103,17562.0,17663.0,0.683,M1,저가
3120082,중식음식점,1978,37561.0,36315.0,1.514,M2,고가
3120082,분식전문점,2182,10735.0,10803.0,0.936,M5,중가
3120083,일식음식점,1191,29297.0,29129.0,1.036,M3,중가
3120083,패스트푸드점,12454,10504.0,10555.0,0.769,M5,저가
3120083,양식음식점,2003,28960.0,29125.0,0.946,M4,중가
3120083,한식음식점,38389,19832.0,19864.0,0.768,M1,저가
3120083,분식전문점,9037,11530.0,11530.0,0.999,M5,중가
3120084,분식전문점,6953,11236.0,11245.0,0.974,M5,중가
3120084,일식음식점,631,19154.0,21314.0,0.758,M3,저가
3120084,한식음식점,42082,27650.0,27642.0,1.069,M1,중가
3120084,패스트푸드점,2843,13129.0,13168.0,0.959,M5,중가
3120084,중식음식점,1784,25024.0,24919.0,1.039,M2,중가
3120086,중식음식점,1150,48240.0,44647.0,1.861,M2,고가
3120086,치킨전문점,26,26999.0,23694.0,1.018,M6,정보없음
3120086,분식전문점,5717,10296.0,10338.0,0.896,M5,중가
3120086,패스트푸드점,853,8956.0,9863.0,0.718,M5,저가
3120086,일식음식점,738,21203.0,22680.0,0.806,M3,중가
3120086,한식음식점,28522,30980.0,30944.0,1.197,M1,고가
3120094,패스트푸드점,30012,11645.0,11659.0,0.849,M5,중가
3120094,양식음식점,24926,22217.0,22285.0,0.724,M4,중가
3120094,한식음식점,174055,24441.0,24443.0,0.945,M1,중가
3120094,중식음식점,37980,23460.0,23462.0,0.978,M2,중가
3120094,치킨전문점,80,29642.0,25087.0,1.078,M6,정보없음
3120094,일식음식점,44014,20288.0,20324.0,0.723,M3,저가
3120094,분식전문점,20801,8309.0,8340.0,0.722,M5,저가
3120095,분식전문점,13634,10428.0,10444.0,0.905,M5,중가
3120095,치킨전문점,107,17811.0,21364.0,0.918,M6,중가
3120095,중식음식점,2087,22054.0,22223.0,0.926,M2,중가
3120095,패스트푸드점,13427,9304.0,9369.0,0.682,M5,저가
3120095,한식음식점,35278,23493.0,23507.0,0.909,M1,중가
3120096,패스트푸드점,4383,14511.0,14477.0,1.054,M5,중가
3120096,분식전문점,21030,13137.0,13122.0,1.137,M5,중가
3120096,양식음식점,459,14394.0,19366.0,0.629,M4,저가
3120096,한식음식점,30197,21346.0,21376.0,0.827,M1,중가
3120096,중식음식점,3,28431.0,24052.0,1.003,M2,정보없음
3120096,일식음식점,5796,20779.0,21024.0,0.747,M3,저가
3120097,중식음식점,3246,45863.0,44594.0,1.859,M2,고가
3120097,양식음식점,1309,48990.0,46576.0,1.513,M4,고가
3120097,한식음식점,34065,20309.0,20341.0,0.787,M1,저가
3120097,패스트푸드점,3343,13293.0,13317.0,0.97,M5,중가
3120102,한식음식점,122460,24677.0,24679.0,0.955,M1,중가
3120102,중식음식점,10132,23732.0,23737.0,0.99,M2,중가
3120102,패스트푸드점,118,35767.0,21907.0,1.596,M5,고가
3120102,일식음식점,5927,21804.0,22011.0,0.782,M3,중가
3120102,양식음식점,5416,15927.0,16456.0,0.535,M4,저가
3120102,치킨전문점,36,30530.0,24373.0,1.048,M6,정보없음
3120102,분식전문점,7481,17322.0,17171.0,1.488,M5,고가
3120103,분식전문점,34540,10529.0,10535.0,0.913,M5,중가
3120103,중식음식점,9384,21632.0,21681.0,0.904,M2,중가
3120103,패스트푸드점,46292,16200.0,16190.0,1.179,M5,중가
3120103,치킨전문점,24,12622.0,22125.0,0.951,M6,정보없음
3120103,양식음식점,62418,35003.0,34989.0,1.137,M4,중가
3120103,한식음식점,206229,20882.0,20887.0,0.808,M1,저가
3120103,일식음식점,34576,21429.0,21468.0,0.763,M3,저가
3120106,양식음식점,603,18381.0,21469.0,0.698,M4,저가
3120106,분식전문점,7815,20966.0,20731.0,1.796,M5,고가
3120106,중식음식점,6738,31660.0,31438.0,1.311,M2,고가
3120106,일식음식점,7889,38265.0,38014.0,1.351,M3,고가
3120106,한식음식점,80445,24760.0,24762.0,0.958,M1,중가
3120107,분식전문점,41976,13514.0,13505.0,1.17,M5,고가
3120107,한식음식점,58185,39113.0,39067.0,1.511,M1,고가
3120107,양식음식점,1000,69604.0,63133.0,2.051,M4,고가
3120107,패스트푸드점,1578,16932.0,16572.0,1.207,M5,중가
3120107,일식음식점,8338,28405.0,28399.0,1.01,M3,중가
3120153,양식음식점,7351,14070.0,14513.0,0.472,M4,저가
3120153,일식음식점,1679,18660.0,19668.0,0.699,M3,저가
3120153,한식음식점,129028,24039.0,24042.0,0.93,M1,중가
3120153,치킨전문점,186,10820.0,17268.0,0.742,M6,저가
3120153,분식전문점,27460,11452.0,11452.0,0.992,M5,중가
3120153,패스트푸드점,38375,8956.0,8981.0,0.654,M5,저가
3120153,중식음식점,4165,22529.0,22595.0,0.942,M2,중가
3120167,한식음식점,31245,28170.0,28155.0,1.089,M1,중가
3120167,패스트푸드점,420,11791.0,12416.0,0.904,M5,중가
3120167,양식음식점,681,21443.0,23562.0,0.766,M4,중가
3120167,중식음식점,211,19287.0,21574.0,0.899,M2,중가
3120167,분식전문점,29888,13782.0,13767.0,1.193,M5,고가
3120170,패스트푸드점,5206,10336.0,10461.0,0.762,M5,저가
3120170,한식음식점,15249,29900.0,29848.0,1.155,M1,중가
3120170,일식음식점,21118,22674.0,22726.0,0.808,M3,중가
3120170,양식음식점,2844,31089.0,31069.0,1.009,M4,중가
3120170,분식전문점,10259,10377.0,10400.0,0.901,M5,중가
3120176,분식전문점,2467,18495.0,17973.0,1.557,M5,고가
3120176,한식음식점,716,23423.0,23953.0,0.927,M1,중가
3120177,한식음식점,13576,24052.0,24078.0,0.931,M1,중가
3120177,분식전문점,685,13393.0,12975.0,1.124,M5,중가
3120177,치킨전문점,418,13469.0,16639.0,0.715,M6,저가
3120177,양식음식점,4431,17220.0,17805.0,0.579,M4,저가
3120178,패스트푸드점,10749,13868.0,13865.0,1.01,M5,중가
3120178,분식전문점,32740,12199.0,12195.0,1.057,M5,중가
3120178,중식음식점,13823,33976.0,33834.0,1.411,M2,고가
3120178,한식음식점,182028,29250.0,29246.0,1.131,M1,중가
3120178,양식음식점,9242,27047.0,27126.0,0.881,M4,중가
3120178,치킨전문점,354,30653.0,27986.0,1.203,M6,고가
3120178,일식음식점,25470,34225.0,34178.0,1.215,M3,중가
3120185,패스트푸드점,13972,23413.0,23276.0,1.695,M5,고가
3120185,치킨전문점,212,20070.0,21621.0,0.929,M6,중가
3120185,중식음식점,19612,21259.0,21286.0,0.887,M2,중가
3120185,분식전문점,55089,12535.0,12531.0,1.086,M5,중가
3120185,한식음식점,212846,25208.0,25209.0,0.975,M1,중가
3120185,양식음식점,3805,37620.0,37278.0,1.211,M4,중가
3120185,일식음식점,11269,27492.0,27503.0,0.978,M3,중가
3120186,패스트푸드점,3018,22277.0,21746.0,1.584,M5,고가
3120186,중식음식점,6342,30564.0,30363.0,1.266,M2,고가
3120186,한식음식점,62116,24435.0,24440.0,0.945,M1,중가
3120186,양식음식점,30500,27433.0,27455.0,0.892,M4,중가
3120186,일식음식점,13985,51309.0,50983.0,1.812,M3,고가
3120186,분식전문점,9498,13106.0,13074.0,1.133,M5,중가
3120187,양식음식점,16150,41323.0,41194.0,1.338,M4,고가
3120187,치킨전문점,11073,22438.0,22453.0,0.965,M6,중가
3120187,일식음식점,50929,22061.0,22085.0,0.785,M3,중가
3120187,패스트푸드점,9904,10783.0,10841.0,0.79,M5,저가
3120187,분식전문점,32405,13445.0,13433.0,1.164,M5,중가
3120187,중식음식점,9722,27635.0,27562.0,1.149,M2,중가
3120187,한식음식점,231596,26070.0,26070.0,1.008,M1,중가
3120188,치킨전문점,28,47457.0,26236.0,1.128,M6,정보없음
3120188,한식음식점,107836,29022.0,29016.0,1.122,M1,중가
3120188,양식음식점,15896,58468.0,58124.0,1.888,M4,고가
3120188,중식음식점,17326,30042.0,29973.0,1.25,M2,고가
3120188,일식음식점,25076,28230.0,28229.0,1.004,M3,중가
3120188,분식전문점,54015,11954.0,11953.0,1.036,M5,중가
3120188,패스트푸드점,10928,16085.0,16043.0,1.168,M5,중가
3120190,한식음식점,87886,29527.0,29519.0,1.142,M1,중가
3120190,패스트푸드점,72,51301.0,23676.0,1.724,M5,정보없음
3120190,일식음식점,2890,65914.0,63469.0,2.256,M3,고가
3120190,중식음식점,16756,26019.0,25995.0,1.084,M2,중가
3120190,치킨전문점,185,33710.0,28284.0,1.216,M6,고가
3120190,분식전문점,11687,20966.0,20807.0,1.803,M5,고가
3120190,양식음식점,3884,26896.0,27086.0,0.88,M4,중가
3120191,치킨전문점,5603,15203.0,15481.0,0.665,M6,저가
3120191,중식음식점,20339,35095.0,34987.0,1.459,M2,고가
3120191,패스트푸드점,7753,12942.0,12962.0,0.944,M5,중가
3120191,일식음식점,15739,22132.0,22207.0,0.789,M3,중가
3120191,분식전문점,46333,13638.0,13629.0,1.181,M5,고가
3120191,양식음식점,3719,28074.0,28212.0,0.917,M4,중가
3120191,한식음식점,175467,21402.0,21407.0,0.828,M1,중가
3120193,일식음식점,725,109049.0,91553.0,3.255,M3,고가
3120193,양식음식점,4693,25044.0,25279.0,0.821,M4,중가
3120193,패스트푸드점,214,26779.0,20475.0,1.491,M5,고가
3120193,한식음식점,86740,44116.0,44074.0,1.705,M1,고가
3120193,중식음식점,7372,30338.0,30170.0,1.258,M2,고가
3120194,한식음식점,81353,29254.0,29246.0,1.131,M1,중가
3120194,양식음식점,10932,27190.0,27255.0,0.886,M4,중가
3120194,일식음식점,1142,61595.0,56608.0,2.012,M3,고가
3120194,패스트푸드점,19389,16604.0,16575.0,1.207,M5,중가
3120194,분식전문점,9431,13897.0,13848.0,1.2,M5,고가
3120195,양식음식점,12916,52740.0,52405.0,1.703,M4,고가
3120195,한식음식점,29813,44461.0,44337.0,1.715,M1,고가
3120195,중식음식점,2648,31861.0,31308.0,1.305,M2,고가
3120195,일식음식점,222,109049.0,70699.0,2.513,M3,고가
3120195,분식전문점,3781,10474.0,10528.0,0.912,M5,중가
3120195,패스트푸드점,5177,11104.0,11202.0,0.816,M5,중가
3120196,한식음식점,42316,28835.0,28821.0,1.115,M1,중가
3120196,중식음식점,7893,25522.0,25484.0,1.062,M2,중가
3120196,양식음식점,335,50831.0,43335.0,1.408,M4,고가
3120196,일식음식점,1559,92686.0,85346.0,3.034,M3,고가
3120196,분식전문점,5747,9316.0,9391.0,0.814,M5,저가
3120200,한식음식점,76870,35577.0,35552.0,1.375,M1,고가
3120200,분식전문점,7887,14644.0,14567.0,1.262,M5,고가
3120200,패스트푸드점,10557,10541.0,10601.0,0.772,M5,저가
3120200,중식음식점,3255,52411.0,50766.0,2.116,M2,고가
3120200,양식음식점,15479,59529.0,59162.0,1.922,M4,고가
3120200,일식음식점,7442,75219.0,73987.0,2.63,M3,고가
3120203,중식음식점,5387,23189.0,23218.0,0.968,M2,중가
3120203,분식전문점,21337,11837.0,11834.0,1.025,M5,중가
3120203,패스트푸드점,779,28010.0,25093.0,1.828,M5,고가
3120203,양식음식점,10491,28988.0,29021.0,0.943,M4,중가
3120203,치킨전문점,156,38076.0,29755.0,1.279,M6,고가
3120203,한식음식점,146076,27297.0,27295.0,1.056,M1,중가
3120203,일식음식점,9415,42078.0,41787.0,1.486,M3,고가
3120207,한식음식점,85043,23687.0,23692.0,0.916,M1,중가
3120207,치킨전문점,2118,17713.0,18192.0,0.782,M6,중가
3120207,중식음식점,6680,20599.0,20697.0,0.863,M2,중가
3120207,패스트푸드점,231,51301.0,33867.0,2.467,M5,고가
3120207,일식음식점,17284,19921.0,20015.0,0.712,M3,저가
3120207,양식음식점,10068,22013.0,22184.0,0.721,M4,중가
3120207,분식전문점,5200,11557.0,11556.0,1.001,M5,중가
3120208,분식전문점,9488,12834.0,12808.0,1.11,M5,중가
3120208,양식음식점,32883,31270.0,31267.0,1.016,M4,중가
3120208,일식음식점,8617,66408.0,65540.0,2.33,M3,고가
3120208,중식음식점,5046,52411.0,51328.0,2.14,M2,고가
3120208,한식음식점,67782,30867.0,30852.0,1.193,M1,중가
3120209,양식음식점,91,97665.0,51695.0,1.68,M4,정보없음
3120209,분식전문점,1562,12999.0,12833.0,1.112,M5,중가
3120209,한식음식점,42933,36240.0,36192.0,1.4,M1,고가
3120209,중식음식점,8982,33061.0,32864.0,1.37,M2,고가
3120209,일식음식점,4327,25321.0,25445.0,0.905,M3,중가
3120213,치킨전문점,53,70625.0,33186.0,1.426,M6,정보없음
3120213,양식음식점,6167,32514.0,32459.0,1.055,M4,중가
3120213,패스트푸드점,469,15424.0,14918.0,1.086,M5,중가
3120213,일식음식점,2321,44386.0,43096.0,1.532,M3,고가
3120213,중식음식점,1785,30240.0,29610.0,1.234,M2,고가
3120213,한식음식점,97278,37182.0,37159.0,1.437,M1,고가
3120213,분식전문점,10695,13209.0,13178.0,1.142,M5,중가
3120214,한식음식점,28464,28910.0,28889.0,1.117,M1,중가
3120214,양식음식점,2560,30137.0,30184.0,0.981,M4,중가
3120214,일식음식점,4007,36500.0,36102.0,1.283,M3,중가
3120215,분식전문점,53696,12971.0,12966.0,1.123,M5,중가
3120215,한식음식점,460041,27779.0,27778.0,1.075,M1,중가
3120215,치킨전문점,380,28253.0,26533.0,1.14,M6,중가
3120215,패스트푸드점,24573,10825.0,10848.0,0.79,M5,저가
3120215,일식음식점,93583,30858.0,30853.0,1.097,M3,중가
3120215,양식음식점,29386,51375.0,51236.0,1.665,M4,고가
3120215,중식음식점,31657,49857.0,49695.0,2.072,M2,고가
3120216,한식음식점,17634,26592.0,26584.0,1.028,M1,중가
3120216,일식음식점,1919,44341.0,42811.0,1.522,M3,고가
3120218,패스트푸드점,54689,11919.0,11925.0,0.869,M5,중가
3120218,분식전문점,14801,15499.0,15446.0,1.338,M5,고가
3120218,양식음식점,5251,97665.0,95211.0,3.093,M4,고가
3120218,한식음식점,17461,47272.0,47029.0,1.819,M1,고가
3120218,일식음식점,3314,109049.0,104443.0,3.713,M3,고가
3120218,중식음식점,4344,52411.0,51160.0,2.133,M2,고가
3120222,한식음식점,283085,21666.0,21669.0,0.838,M1,중가
3120222,양식음식점,45674,35552.0,35532.0,1.154,M4,중가
3120222,일식음식점,18086,25032.0,25066.0,0.891,M3,중가
3120222,치킨전문점,11,10820.0,22616.0,0.972,M6,정보없음
3120222,분식전문점,40015,11317.0,11318.0,0.981,M5,중가
3120222,패스트푸드점,3685,17670.0,17467.0,1.272,M5,중가
3120222,중식음식점,101879,38155.0,38127.0,1.59,M2,고가
3120223,한식음식점,4436,44884.0,44063.0,1.704,M1,고가
3120225,한식음식점,152625,26895.0,26893.0,1.04,M1,중가
3120225,패스트푸드점,41839,11379.0,11390.0,0.83,M5,중가
3120225,일식음식점,35443,23363.0,23390.0,0.832,M3,중가
3120225,양식음식점,15586,26093.0,26152.0,0.85,M4,중가
3120225,중식음식점,19414,27082.0,27050.0,1.128,M2,중가
3120225,분식전문점,83299,12378.0,12376.0,1.072,M5,중가
3120225,치킨전문점,36,47021.0,26889.0,1.156,M6,정보없음
3120227,분식전문점,148633,7787.0,7792.0,0.675,M5,저가
3120227,패스트푸드점,196741,12749.0,12750.0,0.929,M5,중가
3120227,한식음식점,253462,23176.0,23178.0,0.897,M1,중가
3120227,양식음식점,25203,50892.0,50734.0,1.648,M4,고가
3120227,일식음식점,20887,36204.0,36128.0,1.284,M3,고가
3120227,중식음식점,36393,23169.0,23173.0,0.966,M2,중가
3120228,분식전문점,4850,10931.0,10955.0,0.949,M5,중가
3120228,한식음식점,84208,27403.0,27399.0,1.06,M1,중가
3120228,일식음식점,138,59846.0,41079.0,1.46,M3,고가
3120228,양식음식점,5245,90983.0,88771.0,2.884,M4,고가
3120228,패스트푸드점,8755,10782.0,10848.0,0.79,M5,저가
3120228,중식음식점,1334,24754.0,24654.0,1.028,M2,중가
3120229,중식음식점,5414,25311.0,25263.0,1.053,M2,중가
3120229,분식전문점,3568,19174.0,18769.0,1.626,M5,고가
3120229,일식음식점,9081,26132.0,26175.0,0.931,M3,중가
3120229,양식음식점,374,38435.0,35767.0,1.162,M4,중가
3120229,치킨전문점,203,24147.0,23709.0,1.019,M6,중가
3120229,한식음식점,114675,31948.0,31937.0,1.235,M1,고가
3120230,한식음식점,16033,28840.0,28803.0,1.114,M1,중가
3120230,일식음식점,1089,41563.0,39479.0,1.403,M3,고가
3120230,패스트푸드점,5411,10452.0,10569.0,0.77,M5,저가
3120230,양식음식점,864,23305.0,24710.0,0.803,M4,중가
3120230,중식음식점,8091,21825.0,21877.0,0.912,M2,중가
3120230,분식전문점,15437,11370.0,11372.0,0.985,M5,중가
3120232,한식음식점,8609,30372.0,30270.0,1.171,M1,중가
3120232,중식음식점,2009,22154.0,22320.0,0.931,M2,중가
3120233,일식음식점,341,79513.0,60517.0,2.151,M3,고가
3120233,한식음식점,40541,26851.0,26846.0,1.038,M1,중가
3120233,분식전문점,443,16488.0,14950.0,1.295,M5,고가
3120233,패스트푸드점,4008,10917.0,11051.0,0.805,M5,중가
3120238,한식음식점,26121,23393.0,23411.0,0.906,M1,중가
3120238,분식전문점,1716,8956.0,9226.0,0.799,M5,저가
3120238,패스트푸드점,650,18240.0,17179.0,1.251,M5,중가
3120239,일식음식점,908,48629.0,44929.0,1.597,M3,고가
3120239,한식음식점,53222,26392.0,26390.0,1.021,M1,중가
3120239,중식음식점,2367,16751.0,17315.0,0.722,M2,저가
3120239,분식전문점,15907,13379.0,13356.0,1.157,M5,중가
3120239,양식음식점,3657,29239.0,29319.0,0.953,M4,중가
3120242,분식전문점,22252,17337.0,17285.0,1.498,M5,고가
3120242,일식음식점,4557,34295.0,34036.0,1.21,M3,중가
3120242,한식음식점,96588,26897.0,26895.0,1.04,M1,중가
3120242,패스트푸드점,995,16648.0,16160.0,1.177,M5,중가
3120242,양식음식점,2300,33079.0,32895.0,1.069,M4,중가
3120242,중식음식점,6832,22174.0,22225.0,0.927,M2,중가
3120243,분식전문점,16681,11776.0,11773.0,1.02,M5,중가
3120243,양식음식점,1347,59603.0,55876.0,1.815,M4,고가
3120243,한식음식점,90343,27744.0,27739.0,1.073,M1,중가
3120243,치킨전문점,29,11037.0,21716.0,0.933,M6,정보없음
3120243,일식음식점,4267,32609.0,32408.0,1.152,M3,중가
3120243,패스트푸드점,5887,13486.0,13494.0,0.983,M5,중가
3120243,중식음식점,6395,26576.0,26497.0,1.105,M2,중가
3120244,일식음식점,732,58995.0,52372.0,1.862,M3,고가
3120244,치킨전문점,51,22739.0,23158.0,0.995,M6,정보없음
3120244,한식음식점,47986,32903.0,32874.0,1.272,M1,고가
3120244,패스트푸드점,8273,11272.0,11330.0,0.825,M5,중가
3120244,중식음식점,5649,16293.0,16557.0,0.69,M2,저가
3120244,분식전문점,18916,11089.0,11094.0,0.961,M5,중가
3120245,한식음식점,59034,25476.0,25477.0,0.986,M1,중가
3120245,일식음식점,4466,27782.0,27797.0,0.988,M3,중가
3120245,분식전문점,25298,11642.0,11641.0,1.009,M5,중가
3120245,양식음식점,5844,20909.0,21236.0,0.69,M4,저가
3120245,치킨전문점,44,14609.0,21704.0,0.933,M6,정보없음
3120245,중식음식점,3599,23987.0,23987.0,1.0,M2,중가
3120245,패스트푸드점,34667,10563.0,10581.0,0.771,M5,저가
3120246,일식음식점,5627,26489.0,26545.0,0.944,M3,중가
3120246,패스트푸드점,35930,10611.0,10628.0,0.774,M5,저가
3120246,한식음식점,127165,23740.0,23744.0,0.918,M1,중가
3120246,분식전문점,24928,13688.0,13671.0,1.184,M5,고가
3120246,중식음식점,8823,26597.0,26540.0,1.106,M2,중가
3120247,패스트푸드점,38,24767.0,15492.0,1.128,M5,정보없음
3120247,분식전문점,6541,9112.0,9184.0,0.796,M5,저가
3120247,한식음식점,23672,28033.0,28015.0,1.084,M1,중가
3120247,일식음식점,3352,77019.0,74266.0,2.64,M3,고가
3120247,중식음식점,331,31064.0,28398.0,1.184,M2,중가
3120248,중식음식점,490,16838.0,18910.0,0.788,M2,저가
3120248,한식음식점,34886,27868.0,27857.0,1.078,M1,중가
3120248,양식음식점,756,17278.0,20102.0,0.653,M4,저가
3120248,분식전문점,6447,10862.0,10882.0,0.943,M5,중가
3120248,패스트푸드점,16177,13515.0,13518.0,0.985,M5,중가
3120248,치킨전문점,339,21606.0,22222.0,0.955,M6,중가
3120248,일식음식점,3745,29275.0,29217.0,1.039,M3,중가
3120249,한식음식점,72376,20767.0,20781.0,0.804,M1,저가
3120249,패스트푸드점,7832,10837.0,10909.0,0.795,M5,중가
3120249,분식전문점,136527,12385.0,12384.0,1.073,M5,중가
3120249,일식음식점,15070,21808.0,21891.0,0.778,M3,중가
3120249,중식음식점,1266,15622.0,16763.0,0.699,M2,저가
3120249,양식음식점,5650,27782.0,27884.0,0.906,M4,중가
3130001,분식전문점,595,13945.0,13341.0,1.156,M5,중가
3130001,양식음식점,772,70019.0,61945.0,2.013,M4,고가
3130001,한식음식점,17012,25701.0,25703.0,0.994,M1,중가
3130002,양식음식점,1172,51010.0,48061.0,1.562,M4,고가
3130002,분식전문점,6080,10894.0,10915.0,0.946,M5,중가
3130002,한식음식점,60319,40100.0,40053.0,1.549,M1,고가
3130002,패스트푸드점,4529,10069.0,10224.0,0.745,M5,저가
3130004,한식음식점,3093,31405.0,31068.0,1.202,M1,고가
3130007,한식음식점,58040,28441.0,28432.0,1.1,M1,중가
3130007,분식전문점,24387,13815.0,13797.0,1.195,M5,고가
3130010,한식음식점,43067,31790.0,31763.0,1.229,M1,고가
3130010,분식전문점,4132,17204.0,16942.0,1.468,M5,고가
3130012,한식음식점,13215,15783.0,15934.0,0.616,M1,저가
3130014,한식음식점,3346,21414.0,21664.0,0.838,M1,중가
3130015,한식음식점,13135,29286.0,29235.0,1.131,M1,중가
3130015,양식음식점,1391,36055.0,35392.0,1.15,M4,중가
3130018,한식음식점,15273,21239.0,21298.0,0.824,M1,중가
3130020,한식음식점,22035,19501.0,19558.0,0.757,M1,저가
3130020,분식전문점,91,7787.0,10368.0,0.898,M5,정보없음
3130024,한식음식점,114869,27526.0,27523.0,1.065,M1,중가
3130024,중식음식점,13173,31166.0,31059.0,1.295,M2,고가
3130024,양식음식점,876,29120.0,29428.0,0.956,M4,중가
3130024,분식전문점,34781,12309.0,12304.0,1.066,M5,중가
3130024,치킨전문점,119,49930.0,33212.0,1.428,M6,고가
3130031,한식음식점,3993,45894.0,44938.0,1.738,M1,고가
3130032,중식음식점,4834,22176.0,22248.0,0.928,M2,중가
3130032,한식음식점,36079,23883.0,23894.0,0.924,M1,중가
3130032,분식전문점,2009,20966.0,20113.0,1.742,M5,고가
3130035,패스트푸드점,6712,10086.0,10191.0,0.742,M5,저가
3130035,한식음식점,62040,37883.0,37844.0,1.464,M1,고가
3130035,분식전문점,4179,19492.0,19129.0,1.657,M5,고가
3130036,한식음식점,25095,29329.0,29302.0,1.133,M1,중가
3130042,패스트푸드점,151,21017.0,16865.0,1.228,M5,중가
3130042,한식음식점,24884,26164.0,26162.0,1.012,M1,중가
3130042,분식전문점,5636,14093.0,14006.0,1.213,M5,고가
3130042,치킨전문점,43,15085.0,21817.0,0.938,M6,정보없음
3130048,한식음식점,6932,19590.0,19766.0,0.765,M1,저가
3130049,분식전문점,11195,20966.0,20800.0,1.802,M5,고가
3130051,한식음식점,14490,22445.0,22491.0,0.87,M1,중가
3130051,치킨전문점,10,70625.0,25520.0,1.097,M6,정보없음
3130051,분식전문점,4709,8730.0,8845.0,0.766,M5,저가
3130052,중식음식점,1913,20985.0,21269.0,0.887,M2,중가
3130052,일식음식점,8,109049.0,31242.0,1.111,M3,정보없음
3130052,분식전문점,9520,14073.0,14021.0,1.215,M5,고가
3130052,한식음식점,40602,22829.0,22844.0,0.884,M1,중가
3130053,패스트푸드점,4824,11324.0,11420.0,0.832,M5,중가
3130053,한식음식점,7108,28623.0,28547.0,1.104,M1,중가
3130053,치킨전문점,95,15166.0,20657.0,0.888,M6,정보없음
3130053,분식전문점,2713,10246.0,10335.0,0.895,M5,중가
3130054,한식음식점,2048,28693.0,28440.0,1.1,M1,중가
3130055,분식전문점,160,20966.0,15731.0,1.363,M5,고가
3130055,한식음식점,4461,40064.0,39454.0,1.526,M1,고가
3130056,분식전문점,6684,17297.0,17130.0,1.484,M5,고가
3130056,패스트푸드점,1245,15469.0,15228.0,1.109,M5,중가
3130056,한식음식점,39089,22439.0,22456.0,0.869,M1,중가
3130056,치킨전문점,278,24344.0,23893.0,1.027,M6,중가
3130058,치킨전문점,194,35000.0,29043.0,1.248,M6,고가
3130058,한식음식점,12284,36157.0,35992.0,1.392,M1,고가
3130058,일식음식점,1676,22348.0,22965.0,0.816,M3,중가
3130059,한식음식점,7719,47272.0,46731.0,1.808,M1,고가
3130061,분식전문점,3445,13340.0,13242.0,1.147,M5,중가
3130061,양식음식점,1076,59998.0,55418.0,1.801,M4,고가
3130061,한식음식점,4362,25429.0,25448.0,0.984,M1,중가
3130063,치킨전문점,34,70625.0,30146.0,1.296,M6,정보없음
3130063,일식음식점,349,15664.0,20205.0,0.718,M3,저가
3130063,한식음식점,13148,26697.0,26685.0,1.032,M1,중가
3130063,중식음식점,1882,15974.0,16744.0,0.698,M2,저가
3130063,분식전문점,4625,9919.0,9987.0,0.865,M5,저가
3130063,패스트푸드점,2743,10261.0,10496.0,0.764,M5,저가
3130064,분식전문점,7410,11049.0,11062.0,0.958,M5,중가
3130064,한식음식점,16450,23416.0,23445.0,0.907,M1,중가
3130065,치킨전문점,94,27978.0,24772.0,1.065,M6,정보없음
3130065,한식음식점,12250,19191.0,19298.0,0.746,M1,저가
3130065,중식음식점,2649,45458.0,43951.0,1.832,M2,고가
3130066,분식전문점,9370,11608.0,11607.0,1.006,M5,중가
3130066,일식음식점,1843,17266.0,18330.0,0.652,M3,저가
3130066,한식음식점,34827,28552.0,28537.0,1.104,M1,중가
3130067,분식전문점,2195,13844.0,13652.0,1.183,M5,고가
3130067,양식음식점,867,38173.0,36787.0,1.195,M4,중가
3130067,일식음식점,33,42785.0,30205.0,1.074,M3,정보없음
3130067,치킨전문점,406,16922.0,19015.0,0.817,M6,중가
3130067,중식음식점,2347,38597.0,37449.0,1.561,M2,고가
3130067,한식음식점,36474,30368.0,30344.0,1.174,M1,중가
3130068,한식음식점,11531,40841.0,40585.0,1.57,M1,고가
3130069,패스트푸드점,2327,23122.0,22379.0,1.63,M5,고가
3130069,한식음식점,27766,22471.0,22495.0,0.87,M1,중가
3130069,일식음식점,3670,19498.0,19944.0,0.709,M3,저가
3130069,분식전문점,8706,19975.0,19785.0,1.714,M5,고가
3130069,치킨전문점,109,54783.0,34383.0,1.478,M6,고가
3130069,중식음식점,5269,17681.0,17911.0,0.747,M2,저가
3130069,양식음식점,2276,19364.0,20286.0,0.659,M4,저가
3130070,치킨전문점,75,38267.0,27356.0,1.176,M6,정보없음
3130070,분식전문점,8277,12216.0,12200.0,1.057,M5,중가
3130070,한식음식점,105044,18906.0,18919.0,0.732,M1,저가
3130070,중식음식점,6366,19885.0,20010.0,0.834,M2,중가
3130070,일식음식점,24,15664.0,26794.0,0.953,M3,정보없음
3130070,양식음식점,2641,22111.0,22722.0,0.738,M4,중가
3130070,패스트푸드점,327,17073.0,15804.0,1.151,M5,중가
3130071,한식음식점,4506,15783.0,16211.0,0.627,M1,저가
3130072,치킨전문점,97,14553.0,20420.0,0.878,M6,정보없음
3130072,일식음식점,1723,43357.0,41773.0,1.485,M3,고가
3130072,중식음식점,1267,49447.0,45976.0,1.917,M2,고가
3130072,한식음식점,43922,22781.0,22795.0,0.882,M1,중가
3130072,분식전문점,8129,13348.0,13304.0,1.153,M5,중가
3130073,분식전문점,4184,19418.0,19058.0,1.651,M5,고가
3130073,치킨전문점,16,12972.0,22502.0,0.967,M6,정보없음
3130073,한식음식점,16682,21974.0,22020.0,0.852,M1,중가
3130074,한식음식점,2427,18456.0,19019.0,0.736,M1,저가
3130075,한식음식점,1270,47272.0,44358.0,1.716,M1,고가
3130076,분식전문점,104,9409.0,10813.0,0.937,M5,중가
3130076,한식음식점,8352,33440.0,33262.0,1.287,M1,고가
3130078,치킨전문점,201,11076.0,17155.0,0.737,M6,저가
3130078,분식전문점,6492,10633.0,10660.0,0.924,M5,중가
3130078,한식음식점,2326,22364.0,22640.0,0.876,M1,중가
3130078,양식음식점,8,78802.0,32625.0,1.06,M4,정보없음
3130079,한식음식점,86,21218.0,24458.0,0.946,M1,정보없음
3130081,분식전문점,7986,9906.0,9946.0,0.862,M5,저가
3130081,한식음식점,11718,17676.0,17813.0,0.689,M1,저가
3130082,한식음식점,3721,22933.0,23082.0,0.893,M1,중가
3130083,한식음식점,15862,18229.0,18324.0,0.709,M1,저가
3130083,분식전문점,2651,11052.0,11086.0,0.96,M5,중가
3130083,치킨전문점,215,16655.0,19840.0,0.853,M6,중가
3130084,한식음식점,8215,34298.0,34098.0,1.319,M1,고가
3130086,한식음식점,19693,25365.0,25370.0,0.981,M1,중가
3130087,한식음식점,950,25999.0,25973.0,1.005,M1,중가
3130088,한식음식점,14117,25138.0,25148.0,0.973,M1,중가
3130088,분식전문점,3875,17059.0,16789.0,1.454,M5,고가
3130089,한식음식점,36,30191.0,26514.0,1.026,M1,정보없음
3130090,한식음식점,11012,24776.0,24795.0,0.959,M1,중가
3130091,한식음식점,2396,17172.0,17841.0,0.69,M1,저가
3130092,한식음식점,11700,20294.0,20387.0,0.789,M1,저가
3130094,분식전문점,1582,7787.0,8209.0,0.711,M5,저가
3130094,한식음식점,97860,15783.0,15804.0,0.611,M1,저가
3130095,치킨전문점,112,26614.0,24467.0,1.052,M6,중가
3130095,한식음식점,57963,22141.0,22154.0,0.857,M1,중가
3130095,분식전문점,4120,12745.0,12689.0,1.099,M5,중가
3130096,한식음식점,12868,18823.0,18931.0,0.732,M1,저가
3130098,분식전문점,3307,18662.0,18256.0,1.582,M5,고가
3130098,한식음식점,13267,16752.0,16887.0,0.653,M1,저가
3130098,일식음식점,454,38815.0,35547.0,1.264,M3,중가
3130098,중식음식점,1194,15695.0,16884.0,0.704,M2,저가
3130099,분식전문점,75,20966.0,14113.0,1.223,M5,정보없음
3130099,한식음식점,5127,25380.0,25398.0,0.982,M1,중가
3130100,분식전문점,8486,11555.0,11555.0,1.001,M5,중가
3130100,한식음식점,2106,28028.0,27839.0,1.077,M1,중가
3130101,분식전문점,588,16388.0,15158.0,1.313,M5,고가
3130101,한식음식점,6678,21023.0,21164.0,0.819,M1,저가
3130102,한식음식점,527,47272.0,41379.0,1.601,M1,고가
3130104,분식전문점,6035,12888.0,12845.0,1.113,M5,중가
3130104,한식음식점,4940,23554.0,23644.0,0.915,M1,중가
3130105,한식음식점,1372,15783.0,17064.0,0.66,M1,저가
3130105,분식전문점,3647,15574.0,15365.0,1.331,M5,고가
3130106,분식전문점,9201,14975.0,14902.0,1.291,M5,고가
3130106,치킨전문점,245,16433.0,19504.0,0.838,M6,중가
3130106,한식음식점,13781,20570.0,20646.0,0.799,M1,저가
3130108,한식음식점,2178,20276.0,20745.0,0.802,M1,저가
3130109,분식전문점,4833,11534.0,11534.0,0.999,M5,중가
3130109,한식음식점,4346,33580.0,33240.0,1.286,M1,고가
3130109,일식음식점,130,45460.0,34957.0,1.243,M3,중가
3130110,분식전문점,7438,11616.0,11614.0,1.006,M5,중가
3130110,한식음식점,21586,29048.0,29019.0,1.123,M1,중가
3130110,치킨전문점,1809,12463.0,13539.0,0.582,M6,저가
3130111,치킨전문점,957,21637.0,21919.0,0.942,M6,중가
3130111,분식전문점,10433,12584.0,12564.0,1.088,M5,중가
3130111,중식음식점,3830,26571.0,26442.0,1.102,M2,중가
3130111,한식음식점,83569,23309.0,23315.0,0.902,M1,중가
3130112,분식전문점,7604,8861.0,8930.0,0.774,M5,저가
3130112,양식음식점,132,20552.0,26712.0,0.868,M4,중가
3130112,한식음식점,14653,21231.0,21293.0,0.824,M1,저가
3130113,한식음식점,1484,16622.0,17718.0,0.685,M1,저가
3130115,분식전문점,5884,14500.0,14403.0,1.248,M5,고가
3130115,한식음식점,43397,21813.0,21831.0,0.844,M1,중가
3130120,한식음식점,13375,21262.0,21330.0,0.825,M1,중가
3130120,일식음식점,211,25745.0,26906.0,0.956,M3,중가
3130120,분식전문점,2410,10135.0,10242.0,0.887,M5,저가
3130121,한식음식점,2065,21378.0,21773.0,0.842,M1,중가
3130122,한식음식점,4,47272.0,26272.0,1.016,M1,정보없음
3130123,한식음식점,10075,22598.0,22662.0,0.877,M1,중가
3130125,분식전문점,1455,8240.0,8639.0,0.748,M5,저가
3130125,한식음식점,1175,15783.0,17248.0,0.667,M1,저가
3130127,한식음식점,21754,15783.0,15875.0,0.614,M1,저가
3130128,분식전문점,366,17550.0,15427.0,1.337,M5,고가
3130128,한식음식점,4913,22748.0,22870.0,0.885,M1,중가
3130132,한식음식점,7467,16723.0,16961.0,0.656,M1,저가
3130132,분식전문점,2093,10635.0,10714.0,0.928,M5,중가
3130135,한식음식점,6790,20162.0,20325.0,0.786,M1,저가
3130135,분식전문점,858,20966.0,19184.0,1.662,M5,고가
3130137,한식음식점,40683,17715.0,17754.0,0.687,M1,저가
3130137,분식전문점,20536,13657.0,13637.0,1.181,M5,고가
3130139,일식음식점,195,24355.0,26266.0,0.934,M3,중가
3130139,분식전문점,4833,10176.0,10230.0,0.886,M5,저가
3130139,치킨전문점,36,15740.0,22117.0,0.951,M6,정보없음
3130139,한식음식점,21123,26972.0,26962.0,1.043,M1,중가
3130140,한식음식점,15021,15783.0,15916.0,0.616,M1,저가
3130140,분식전문점,9926,11085.0,11094.0,0.961,M5,중가
3130140,패스트푸드점,214,19955.0,16948.0,1.234,M5,중가
3130141,한식음식점,1373,19418.0,20236.0,0.783,M1,저가
3130143,한식음식점,1293,24954.0,25074.0,0.97,M1,중가
3130145,한식음식점,12229,30214.0,30144.0,1.166,M1,중가
3130145,분식전문점,620,13012.0,12654.0,1.096,M5,중가
3130146,분식전문점,1898,7787.0,8145.0,0.706,M5,저가
3130146,한식음식점,23494,26080.0,26078.0,1.009,M1,중가
3130146,일식음식점,1852,29519.0,29384.0,1.045,M3,중가
3130146,치킨전문점,1010,14408.0,15872.0,0.682,M6,저가
3130146,패스트푸드점,593,16556.0,15844.0,1.154,M5,중가
3130147,패스트푸드점,428,16081.0,15332.0,1.117,M5,중가
3130147,한식음식점,11334,24353.0,24379.0,0.943,M1,중가
3130147,치킨전문점,8,23045.0,23256.0,1.0,M6,정보없음
3130147,중식음식점,1012,18604.0,19492.0,0.813,M2,저가
3130147,분식전문점,4748,11904.0,11890.0,1.03,M5,중가
3130147,일식음식점,2889,34081.0,33696.0,1.198,M3,중가
3130148,분식전문점,14658,11338.0,11341.0,0.982,M5,중가
3130148,치킨전문점,533,14728.0,17058.0,0.733,M6,저가
3130148,한식음식점,15764,18543.0,18635.0,0.721,M1,저가
3130151,한식음식점,780,23866.0,24271.0,0.939,M1,중가
3130152,한식음식점,2913,21987.0,22235.0,0.86,M1,중가
3130153,한식음식점,48663,24712.0,24716.0,0.956,M1,중가
3130153,패스트푸드점,1066,10106.0,10679.0,0.778,M5,저가
3130153,치킨전문점,45,32039.0,24876.0,1.069,M6,정보없음
3130153,분식전문점,3867,11727.0,11718.0,1.015,M5,중가
3130154,한식음식점,379,24169.0,24750.0,0.957,M1,중가
3130157,분식전문점,1347,10360.0,10513.0,0.911,M5,중가
3130157,한식음식점,8212,25178.0,25194.0,0.975,M1,중가
3130159,분식전문점,10427,9655.0,9691.0,0.84,M5,저가
3130159,한식음식점,18195,29904.0,29860.0,1.155,M1,중가
3130175,한식음식점,6914,15783.0,16066.0,0.621,M1,저가
3130176,한식음식점,2500,46513.0,44983.0,1.74,M1,고가
3130177,분식전문점,26007,8040.0,8066.0,0.699,M5,저가
3130177,한식음식점,37275,24069.0,24078.0,0.931,M1,중가
3130178,일식음식점,4946,24328.0,24476.0,0.87,M3,중가
3130178,패스트푸드점,831,51301.0,44013.0,3.206,M5,고가
3130178,양식음식점,539,14070.0,18592.0,0.604,M4,저가
3130178,한식음식점,4512,18613.0,18920.0,0.732,M1,저가
3130179,패스트푸드점,12493,10974.0,11017.0,0.802,M5,중가
3130179,중식음식점,10756,20856.0,20913.0,0.872,M2,중가
3130179,한식음식점,75584,17567.0,17589.0,0.68,M1,저가
3130179,분식전문점,7725,12204.0,12187.0,1.056,M5,중가
3130179,일식음식점,18269,20261.0,20347.0,0.723,M3,저가
3130179,치킨전문점,4949,12243.0,12671.0,0.545,M6,저가
3130179,양식음식점,12193,17377.0,17594.0,0.572,M4,저가
3130181,한식음식점,2234,47272.0,45512.0,1.76,M1,고가
3130182,한식음식점,20505,22490.0,22523.0,0.871,M1,중가
3130182,분식전문점,3642,18667.0,18296.0,1.585,M5,고가
3130194,일식음식점,437,109049.0,83643.0,2.973,M3,고가
3130194,양식음식점,29,97665.0,39249.0,1.275,M4,정보없음
3130194,한식음식점,31971,47272.0,47139.0,1.823,M1,고가
3130195,한식음식점,98447,30989.0,30979.0,1.198,M1,고가
3130195,분식전문점,18560,13488.0,13468.0,1.167,M5,고가
3130195,패스트푸드점,13,22305.0,14254.0,1.038,M5,정보없음
3130195,치킨전문점,1471,15358.0,16304.0,0.701,M6,저가
3130195,일식음식점,21378,25071.0,25099.0,0.892,M3,중가
3130195,중식음식점,13316,30560.0,30463.0,1.27,M2,고가
3130196,분식전문점,6140,12962.0,12917.0,1.119,M5,중가
3130196,한식음식점,10998,24311.0,24338.0,0.941,M1,중가
3130197,한식음식점,35102,30646.0,30619.0,1.184,M1,중가
3130197,분식전문점,5895,15402.0,15276.0,1.323,M5,고가
3130197,치킨전문점,239,22936.0,23086.0,0.992,M6,중가
3130198,한식음식점,9747,20510.0,20617.0,0.797,M1,저가
3130198,분식전문점,2287,11519.0,11521.0,0.998,M5,중가
3130302,한식음식점,11784,20666.0,20753.0,0.803,M1,저가
3130303,분식전문점,6241,11652.0,11648.0,1.009,M5,중가
3130303,양식음식점,2686,22763.0,23319.0,0.758,M4,중가
3130303,한식음식점,27639,27291.0,27281.0,1.055,M1,중가
3130311,한식음식점,52268,18042.0,18071.0,0.699,M1,저가
3130311,패스트푸드점,1126,20883.0,19804.0,1.442,M5,고가
3130311,중식음식점,1815,21422.0,21676.0,0.904,M2,중가
3130311,치킨전문점,3709,13785.0,14270.0,0.613,M6,저가
3130311,분식전문점,31595,11558.0,11558.0,1.001,M5,중가
3130313,한식음식점,28862,21171.0,21203.0,0.82,M1,저가
3130313,양식음식점,1729,43716.0,42375.0,1.377,M4,고가
3130313,분식전문점,7883,10754.0,10774.0,0.933,M5,중가
3130313,치킨전문점,353,27340.0,25866.0,1.112,M6,중가
3130313,패스트푸드점,14958,10586.0,10628.0,0.774,M5,저가
3130314,패스트푸드점,1219,17325.0,16818.0,1.225,M5,중가
3130314,중식음식점,1043,21383.0,21802.0,0.909,M2,중가
3130314,한식음식점,8905,26045.0,26040.0,1.007,M1,중가
3130314,치킨전문점,16,56101.0,25697.0,1.105,M6,정보없음
3130314,분식전문점,5217,9832.0,9895.0,0.857,M5,저가
3130318,중식음식점,2546,14584.0,15269.0,0.637,M2,저가
3130318,일식음식점,5005,26942.0,26987.0,0.959,M3,중가
3130318,분식전문점,10550,10718.0,10733.0,0.93,M5,중가
3130318,양식음식점,21947,37652.0,37590.0,1.221,M4,중가
3130318,치킨전문점,5,45327.0,23803.0,1.023,M6,정보없음
3130318,한식음식점,35344,21148.0,21174.0,0.819,M1,저가
3130319,분식전문점,4392,8735.0,8857.0,0.767,M5,저가
3130319,한식음식점,3059,24211.0,24312.0,0.94,M1,중가
3130320,분식전문점,26145,13173.0,13161.0,1.14,M5,중가
3130320,한식음식점,16845,21190.0,21245.0,0.822,M1,저가
3130320,치킨전문점,5373,12602.0,12984.0,0.558,M6,저가
3130323,한식음식점,10411,19071.0,19199.0,0.743,M1,저가
3130323,치킨전문점,451,12999.0,16153.0,0.694,M6,저가
3130323,분식전문점,1230,15738.0,15151.0,1.313,M5,고가
3130324,분식전문점,2504,9278.0,9446.0,0.818,M5,저가
3130324,한식음식점,11983,19581.0,19684.0,0.761,M1,저가
3130324,패스트푸드점,509,14969.0,14619.0,1.065,M5,중가
3130324,치킨전문점,270,16017.0,19101.0,0.821,M6,중가
3130325,한식음식점,924,19748.0,20834.0,0.806,M1,저가
