area_code,subtype,subtype_label,rank,area_name,area_type_name,minimum_period_ratio,score,sales_status,inside_count,pool_size
3120006,M1,한식,1,종각역,발달상권,0.9431137724550899,95.01990730909512,observed,289,595
3120026,M1,한식,2,을지로입구역,발달상권,0.937125748502994,91.21148465645129,observed,119,595
3130002,M1,한식,3,세종마을음식문화거리(금천교시장),전통시장,0.6916167664670658,90.64021920951944,observed,69,595
3120023,M1,한식,4,서울시청,발달상권,0.9251497005988024,89.95783085400063,observed,60,595
3120008,M1,한식,5,인사동,발달상권,0.9431137724550899,89.26994363290228,observed,158,595
3120031,M1,한식,6,을지로3가역,발달상권,0.9700598802395209,88.69026782753829,observed,179,595
3120004,M1,한식,7,종로구청,발달상권,0.9011976047904192,88.26563879606138,observed,54,595
3130094,M1,한식,8,청량리청과물시장,전통시장,1.0,87.54920292527726,observed,35,595
3120003,M1,한식,9,광화문역,발달상권,0.9011976047904192,87.28280784892276,observed,229,595
3120009,M1,한식,10,종로3가역,발달상권,0.9700598802395209,86.92450236384161,observed,383,595
3130024,M2,중식,1,남대문시장(자유상가),전통시장,0.8532934131736527,93.59018398903895,observed,8,113
3120004,M2,중식,2,종로구청,발달상권,0.9011976047904192,91.8337737326287,observed,7,113
3120026,M2,중식,3,을지로입구역,발달상권,0.937125748502994,91.83181640242708,observed,8,113
3120006,M2,중식,4,종각역,발달상권,0.9431137724550899,91.7840330788804,observed,38,113
3120003,M2,중식,5,광화문역,발달상권,0.9011976047904192,91.29443139557644,observed,25,113
3120053,M2,중식,6,건대입구역(건대),발달상권,0.9820359281437125,88.96873165002935,observed,40,113
3110140,M2,중식,7,건대입구역 6번,골목상권,0.9820359281437125,88.24410354276766,observed,52,113
3120094,M2,중식,8,"신촌역(신촌역, 신촌로터리)",발달상권,0.344311377245509,87.9886474848307,observed,46,113
3110069,M2,중식,9,숙대입구,골목상권,0.6467065868263473,87.56505676257585,observed,13,113
3130069,M2,중식,10,"한양대앞상점가(한양시장, 왕십리맛골목)",전통시장,0.9670658682634731,86.8727980035232,observed,8,113
3120006,M3,일식,1,종각역,발달상권,0.9431137724550899,93.62321393619102,observed,56,148
3120026,M3,일식,2,을지로입구역,발달상권,0.937125748502994,92.81209630064592,observed,16,148
3120003,M3,일식,3,광화문역,발달상권,0.9011976047904192,92.69191622626737,observed,40,148
3120200,M3,일식,4,학동사거리,발달상권,0.6137724550898204,92.38070072421219,observed,48,148
3120178,M3,일식,5,신사역,발달상권,0.6347305389221557,92.15952241143081,observed,38,148
3120229,M3,일식,6,방이동먹자골목,발달상권,0.5149700598802395,91.96369152476022,observed,38,148
3120023,M3,일식,7,서울시청,발달상권,0.9251497005988024,91.94715208455666,observed,12,148
3120208,M3,일식,8,청담사거리(청담동명품거리),발달상권,0.6017964071856288,91.70737913486005,observed,32,148
3120012,M3,일식,9,대학로(혜화역),발달상권,0.8473053892215568,91.34311998434137,observed,61,148
3130195,M3,일식,10,도화동 상점가,전통시장,0.47005988023952094,91.10129183793308,observed,19,148
3110085,M4,양식·외국식,1,경리단길남측,골목상권,0.8622754491017964,95.66832061068703,observed,36,155
3120195,M4,양식·외국식,2,성수대교남단,발달상권,0.5838323353293413,94.8208651399491,observed,22,155
3120003,M4,양식·외국식,3,광화문역,발달상권,0.9011976047904192,93.9115776081425,observed,55,155
3120208,M4,양식·외국식,4,청담사거리(청담동명품거리),발달상권,0.6017964071856288,93.64109414758269,observed,45,155
3120200,M4,양식·외국식,5,학동사거리,발달상권,0.6137724550898204,93.20737913486005,observed,109,155
3120046,M4,양식·외국식,6,이태원(이태원역),발달상권,0.8622754491017964,92.86564885496183,observed,189,155
3120023,M4,양식·외국식,7,서울시청,발달상권,0.9251497005988024,92.85089058524173,observed,14,155
3110012,M4,양식·외국식,8,성곡미술관,골목상권,0.7754491017964071,92.77544529262086,observed,12,155
3120103,M4,양식·외국식,9,홍대입구역(홍대),발달상권,0.26047904191616766,92.53715012722647,observed,123,155
3120007,M4,양식·외국식,10,북촌(안국역),발달상권,0.8353293413173652,92.26259541984733,observed,38,155
3130049,M5,간편식,1,신당 미래유산 먹거리 골목형상점가,전통시장,0.9880239520958084,96.1991583480133,observed,12,338
3130069,M5,간편식,2,"한양대앞상점가(한양시장, 왕십리맛골목)",전통시장,0.9670658682634731,94.48664122137404,observed,20,338
3120064,M5,간편식,3,경희대학교(경희대),발달상권,0.9670658682634731,90.06630456057937,observed,26,338
3130053,M5,간편식,4,백학시장,전통시장,0.9880239520958084,89.13771041299668,observed,10,338
3130052,M5,간편식,5,서울중앙시장(신중앙시장),전통시장,0.9880239520958084,89.0905632217655,observed,11,338
3110038,M5,간편식,6,경향신문사,골목상권,0.7125748502994012,87.70101781170483,estimated,6,338
3120072,M5,간편식,7,성신여대,발달상권,0.7365269461077845,87.1749486200822,observed,54,338
3120075,M5,간편식,8,월곡역,발달상권,0.8562874251497006,85.12528136621648,observed,26,338
3120042,M5,간편식,9,"숙대입구역(남영역, 남영동)",발달상권,0.6407185628742516,84.98128302994715,observed,12,338
3120012,M5,간편식,10,대학로(혜화역),발달상권,0.8473053892215568,84.28508514386377,observed,56,338
3110438,M6,치킨,1,경춘선숲길 우측,골목상권,0.9550898203592815,94.52057800499568,observed,8,118
3110431,M6,치킨,2,상계역,골목상권,0.5329341317365269,93.02315755071551,observed,9,118
3120086,M6,치킨,3,태릉입구역,발달상권,1.0,87.26370894320331,observed,7,118
3130069,M6,치킨,4,"한양대앞상점가(한양시장, 왕십리맛골목)",전통시장,0.9670658682634731,83.7339682984336,observed,7,118
3120068,M6,치킨,5,사가정역,발달상권,0.9910179640718563,83.71538623152881,observed,5,118
3130147,M6,치킨,6,쌍문역동측상점가,전통시장,0.5778443113772455,83.21309848962346,observed,6,118
3120225,M6,치킨,7,잠실새내역(신천),발달상권,0.47604790419161674,83.11009174311927,observed,15,118
3110366,M6,치킨,8,광산사거리,골목상권,0.5329341317365269,82.6434274108831,observed,5,118
3110314,M6,치킨,9,종암경찰서,골목상권,0.7245508982035929,82.5746550878913,observed,5,118
3130311,M6,치킨,10,새마을시장,전통시장,0.47604790419161674,82.47065620841795,observed,17,118
3130010,SH1,패션·뷰티,1,종로신진시장,전통시장,0.9820359281437125,95.97076191847904,observed,34,416
3120027,SH1,패션·뷰티,2,명동역(명동재미로),발달상권,0.8353293413173652,95.90297181813816,observed,298,416
3120028,SH1,패션·뷰티,3,명동(명동거리),발달상권,0.9221556886227545,94.91497431465746,observed,368,416
3120195,SH1,패션·뷰티,4,성수대교남단,발달상권,0.5838323353293413,93.82714004512938,observed,53,416
3120227,SH1,패션·뷰티,5,잠실역,발달상권,0.7155688622754491,93.2443948341255,observed,465,416
3120009,SH1,패션·뷰티,6,종로3가역,발달상권,0.9700598802395209,93.07194296413655,observed,371,416
3120083,SH1,패션·뷰티,7,등나무근린공원,발달상권,0.9191616766467066,92.9161265543233,observed,202,416
3120200,SH1,패션·뷰티,8,학동사거리,발달상권,0.6137724550898204,92.14290172355851,observed,123,416
3120025,SH1,패션·뷰티,9,롯데백화점(시청광장 지하쇼핑센터),발달상권,0.9221556886227545,91.78205866820299,observed,334,416
3120208,SH1,패션·뷰티,10,청담사거리(청담동명품거리),발달상권,0.6017964071856288,91.58624993998751,observed,165,416
3110065,SH2,디지털·가전,1,남정초등학교,골목상권,0.4940119760479042,99.13146400593057,observed,7,73
3120040,SH2,디지털·가전,2,용산전자상가(용산역),발달상권,0.5329341317365269,97.70056700927651,observed,327,73
3110058,SH2,디지털·가전,3,성심여자고등학교,골목상권,0.3323353293413174,96.5156578710104,observed,12,73
3120060,SH2,디지털·가전,4,강변역(테크노마트),발달상권,0.8413173652694611,95.16872032217347,observed,431,73
3120017,SH2,디지털·가전,5,동묘앞역(동묘),발달상권,0.9850299401197605,87.55464727214442,observed,7,73
3130024,SH2,디지털·가전,6,남대문시장(자유상가),전통시장,0.8532934131736527,86.77890645348721,observed,25,73
3130005,SH2,디지털·가전,7,세운상가가동,전통시장,0.9700598802395209,84.8590491074112,observed,19,73
3120037,SH2,디지털·가전,8,동대문역사문화공원역,발달상권,0.9910179640718563,84.71472220552583,observed,57,73
3130115,SH2,디지털·가전,9,우림골목시장,전통시장,0.8143712574850299,84.61521508284747,observed,6,73
3130111,SH2,디지털·가전,10,"동원전통종합시장(동원시장, 동원전통시장 상점가)",전통시장,0.9970059880239521,83.46887459678229,observed,7,73
3130035,SH3,홈·리빙,1,방산종합시장(방산시장),전통시장,0.9850299401197605,97.09935780928147,observed,32,112
3120033,SH3,홈·리빙,2,을지로4가역,발달상권,0.9700598802395209,96.4429298436932,observed,10,112
3130010,SH3,홈·리빙,3,종로신진시장,전통시장,0.9820359281437125,95.14431115957834,observed,13,112
3110591,SH3,홈·리빙,4,충정로역 6번,골목상권,0.6497005988023952,93.0587665091482,observed,13,112
3130022,SH3,홈·리빙,5,숭례문수입상가(남대문시장),전통시장,0.8203592814371258,92.7167090754877,observed,19,112
3130137,SH3,홈·리빙,6,"수유전통시장(수유시장, 수유골목시장)",전통시장,0.47904191616766467,92.14509875196897,observed,12,112
3130007,SH3,홈·리빙,7,광장시장(광장전통시장),전통시장,0.9760479041916168,89.07276142008965,observed,141,112
3120014,SH3,홈·리빙,8,종로5가역,발달상권,0.9550898203592815,88.2728098873137,estimated,19,112
3130036,SH3,홈·리빙,9,중부시장(신중부시장),전통시장,0.9760479041916168,88.05379861868411,observed,12,112
3130024,SH3,홈·리빙,10,남대문시장(자유상가),전통시장,0.8532934131736527,87.81176541863564,observed,109,112
3130024,SH4,취미·문화,1,남대문시장(자유상가),전통시장,0.8532934131736527,95.29196696376533,observed,68,139
3120190,SH4,취미·문화,2,강남을지병원,발달상권,0.7155688622754491,92.59110551978051,observed,38,139
3120031,SH4,취미·문화,3,을지로3가역,발달상권,0.9700598802395209,92.00893428291185,estimated,39,139
3120014,SH4,취미·문화,4,종로5가역,발달상권,0.9550898203592815,90.91267573599444,observed,32,139
3120006,SH4,취미·문화,5,종각역,발달상권,0.9431137724550899,89.44547031145606,observed,28,139
3120194,SH4,취미·문화,6,언주역(차병원),발달상권,0.5359281437125748,89.42875318066157,observed,30,139
3130010,SH4,취미·문화,7,종로신진시장,전통시장,0.9820359281437125,89.3040072782066,observed,5,139
3120037,SH4,취미·문화,8,동대문역사문화공원역,발달상권,0.9910179640718563,89.2432797418511,observed,53,139
3120218,SH4,취미·문화,9,코엑스,발달상권,0.3413173652694611,88.31223079875475,estimated,24,139
3120214,SH4,취미·문화,10,영동대교남단교차로,발달상권,0.7395209580838323,87.22242597409982,observed,10,139
3130090,SH5,장보기·생활,1,청량리종합시장,전통시장,1.0,99.44324518532737,observed,57,474
3130087,SH5,장보기·생활,2,경동광성상가(경동시장),전통시장,1.0,99.32232098473774,observed,58,474
3130088,SH5,장보기·생활,3,경동시장,전통시장,1.0,99.13418577524473,observed,141,474
3130094,SH5,장보기·생활,4,청량리청과물시장,전통시장,1.0,99.02870593214917,observed,50,474
3130092,SH5,장보기·생활,5,청량리농수산물시장,전통시장,1.0,98.89428391434238,observed,76,474
3130089,SH5,장보기·생활,6,청량리수산시장,전통시장,1.0,98.3507488397045,observed,40,474
3130177,SH5,장보기·생활,7,인왕시장(홍제골목형상점가),전통시장,0.38323353293413176,97.11687116413444,observed,80,474
3130137,SH5,장보기·생활,8,"수유전통시장(수유시장, 수유골목시장)",전통시장,0.47904191616766467,96.8218657256338,observed,82,474
3130093,SH5,장보기·생활,9,동서시장,전통시장,1.0,96.32188295165393,observed,11,474
3130091,SH5,장보기·생활,10,청량종합도매시장,전통시장,1.0,93.74962471884675,observed,16,474
