area_code,combo,combo_label,basis,rank,area_name,area_type_name,minimum_period_ratio,combo_score,weakest_purpose_pct,pct_food,pct_shopping,food_score,shopping_score,food_sales_status,shopping_sales_status,top3_subtype_labels,cafe_source,pool_size,reason,pct_cafe
3120009,food+shopping,식사+쇼핑,all_sales_observed,1,종로3가역,발달상권,0.9700598802395209,98.02798982188295,97.32824427480917,97.32824427480917,98.72773536895674,81.59300924065889,92.39932218535287,observed,observed,취미·문화|패션·뷰티|양식·외국식,,202,"종로3가역은 식사 상위 3%, 쇼핑 상위 2%에 들어 한 번에 여러 목적을 해결하기 좋아요. 아침·오후·저녁 모두 동대문구 대부분의 출발지에서 대중교통 30분 안에 도착할 수 있어요.",
3120031,food+shopping,식사+쇼핑,all_sales_observed,2,을지로3가역,발달상권,0.9700598802395209,97.83715012722647,97.45547073791349,98.21882951653944,97.45547073791349,83.56126958617921,89.18548637559869,observed,observed,취미·문화|양식·외국식|한식,,202,"을지로3가역은 식사 상위 2%, 쇼핑 상위 3%에 들어 한 번에 여러 목적을 해결하기 좋아요. 아침·오후·저녁 모두 동대문구 대부분의 출발지에서 대중교통 30분 안에 도착할 수 있어요.",
3120028,food+shopping,식사+쇼핑,all_sales_observed,3,명동(명동거리),발달상권,0.9221556886227545,97.51908396946564,95.67430025445293,95.67430025445293,99.36386768447836,80.09220570510246,93.57181892977209,observed,observed,패션·뷰티|중식|취미·문화,,202,"명동(명동거리)은 식사 상위 5%, 쇼핑 상위 1%에 들어 한 번에 여러 목적을 해결하기 좋아요. 아침·오후·저녁 모두 동대문구 대부분의 출발지에서 대중교통 30분 안에 도착할 수 있어요.",
3120004,food+shopping,식사+쇼핑,all_sales_observed,4,종로구청,발달상권,0.9011976047904192,97.07379134860051,94.91094147582697,99.23664122137404,94.91094147582697,89.06568903173965,84.45634524957637,observed,estimated,취미·문화|중식|일식,,202,"종로구청은 식사 상위 1%, 쇼핑 상위 6%에 들어 한 번에 여러 목적을 해결하기 좋아요. 아침·오후·저녁 모두 동대문구 대부분의 출발지에서 대중교통 30분 안에 도착할 수 있어요.",
3120008,food+shopping,식사+쇼핑,all_sales_observed,5,인사동,발달상권,0.9431137724550899,97.07379134860051,95.16539440203562,98.9821882951654,95.16539440203562,86.60613365474755,84.67711721725485,observed,estimated,취미·문화|한식|양식·외국식,,202,"인사동은 식사 상위 2%, 쇼핑 상위 5%에 들어 한 번에 여러 목적을 해결하기 좋아요. 아침·오후·저녁 모두 동대문구 대부분의 출발지에서 대중교통 30분 안에 도착할 수 있어요.",
3120046,food+shopping,식사+쇼핑,all_sales_observed,6,이태원(이태원역),발달상권,0.8622754491017964,96.5648854961832,96.0559796437659,97.07379134860051,96.0559796437659,81.18856301057988,86.26182497779666,observed,observed,양식·외국식|취미·문화|패션·뷰티,,202,"이태원(이태원역)은 식사 상위 3%, 쇼핑 상위 4%에 들어 한 번에 여러 목적을 해결하기 좋아요. 아침·오후·저녁 모두 동대문구 출발지의 절반 이상에서 대중교통 30분 안에 도착할 수 있어요.",
3120227,food+shopping,식사+쇼핑,all_sales_observed,7,잠실역,발달상권,0.7155688622754491,95.73791348600508,93.38422391857506,93.38422391857506,98.09160305343512,77.53515468059462,90.27684151451254,observed,observed,패션·뷰티|중식|일식,,202,"잠실역은 식사 상위 7%, 쇼핑 상위 2%에 들어 한 번에 여러 목적을 해결하기 좋아요. 아침·오후·저녁 모두 동대문구 출발지의 절반 이상에서 대중교통 30분 안에 도착할 수 있어요.",
3120200,food+shopping,식사+쇼핑,all_sales_observed,8,학동사거리,발달상권,0.6137724550898204,95.3562340966921,92.49363867684478,92.49363867684478,98.21882951653944,76.54466318467925,90.2795958176003,observed,observed,양식·외국식|일식|취미·문화,,202,"학동사거리는 식사 상위 8%, 쇼핑 상위 2%에 들어 한 번에 여러 목적을 해결하기 좋아요. 아침·오후·저녁 모두 동대문구 출발지의 절반 이상에서 대중교통 30분 안에 도착할 수 있어요.",
3130061,food+shopping,식사+쇼핑,all_sales_observed,9,이태원시장,전통시장,0.8233532934131736,95.03816793893131,94.529262086514,94.529262086514,95.54707379134861,78.8960091067363,85.30504655889196,observed,observed,양식·외국식|패션·뷰티|한식,,202,"이태원시장은 식사 상위 6%, 쇼핑 상위 5%에 들어 한 번에 여러 목적을 해결하기 좋아요. 아침·오후·저녁 모두 동대문구 출발지의 절반 이상에서 대중교통 30분 안에 도착할 수 있어요.",
3120076,food+shopping,식사+쇼핑,all_sales_observed,10,수유역,발달상권,0.5479041916167665,94.84732824427482,92.49363867684478,97.20101781170484,92.49363867684478,81.44321682067763,80.59762383466554,observed,estimated,한식|디지털·가전|장보기·생활,,202,"수유역은 식사 상위 3%, 쇼핑 상위 8%에 들어 한 번에 여러 목적을 해결하기 좋아요. 아침·오후·저녁 모두 동대문구 출발지의 절반 이상에서 대중교통 30분 안에 도착할 수 있어요.",
3130004,food+shopping,식사+쇼핑,includes_supply_only,1,낙원시장(낙원지하시장(대일상가)),전통시장,0.9431137724550899,95.99236641221374,92.1119592875318,92.1119592875318,99.87277353689568,76.30400428552296,95.92875318066157,estimated,missing,취미·문화|디지털·가전,,36,"낙원시장(낙원지하시장(대일상가))는 식사 상위 8%, 쇼핑 상위 1%에 들어 한 번에 여러 목적을 해결하기 좋아요. 일부 목적은 매출 공개가 부족해 점포 구성을 중심으로 평가했어요. 아침·오후·저녁 모두 동대문구 대부분의 출발지에서 대중교통 30분 안에 도착할 수 있어요.",
3120023,food+shopping,식사+쇼핑,includes_supply_only,2,서울시청,발달상권,0.9251497005988024,92.55725190839695,85.6234096692112,99.49109414758269,85.6234096692112,90.04928351412882,71.93384223918575,observed,missing,일식|양식·외국식|한식,,36,"서울시청은 식사 상위 1%, 쇼핑 상위 15%에 들어 한 번에 여러 목적을 해결하기 좋아요. 일부 목적은 매출 공개가 부족해 점포 구성을 중심으로 평가했어요. 아침·오후·저녁 모두 동대문구 대부분의 출발지에서 대중교통 30분 안에 도착할 수 있어요.",
3110085,food+shopping,식사+쇼핑,includes_supply_only,3,경리단길남측,골목상권,0.8622754491017964,90.20356234096693,85.75063613231552,85.75063613231552,94.65648854961832,69.97241194589527,83.70229007633588,observed,missing,양식·외국식|취미·문화|패션·뷰티,,36,"경리단길남측은 식사 상위 15%, 쇼핑 상위 6%에 들어 한 번에 여러 목적을 해결하기 좋아요. 일부 목적은 매출 공개가 부족해 점포 구성을 중심으로 평가했어요. 아침·오후·저녁 모두 동대문구 출발지의 절반 이상에서 대중교통 30분 안에 도착할 수 있어요.",
3110120,food+shopping,식사+쇼핑,includes_supply_only,4,서울숲카페거리,골목상권,0.9431137724550899,88.67684478371501,83.7150127226463,93.63867684478372,83.7150127226463,78.16793893129771,69.84630661850042,missing,estimated,양식·외국식|패션·뷰티|간편식,,36,"서울숲카페거리는 식사 상위 7%, 쇼핑 상위 17%에 들어 한 번에 여러 목적을 해결하기 좋아요. 일부 목적은 매출 공개가 부족해 점포 구성을 중심으로 평가했어요. 아침·오후·저녁 모두 동대문구 대부분의 출발지에서 대중교통 30분 안에 도착할 수 있어요.",
3130095,food+shopping,식사+쇼핑,includes_supply_only,5,청량리전통시장,전통시장,1.0,85.46437659033079,83.01526717557252,87.91348600508906,83.01526717557252,72.48352752109281,68.66412213740458,observed,missing,장보기·생활|한식|패션·뷰티,,36,"청량리전통시장은 식사 상위 13%, 쇼핑 상위 17%에 들어 한 번에 여러 목적을 해결하기 좋아요. 일부 목적은 매출 공개가 부족해 점포 구성을 중심으로 평가했어요. 아침·오후·저녁 모두 동대문구 대부분의 출발지에서 대중교통 30분 안에 도착할 수 있어요.",
3130038,food+shopping,식사+쇼핑,includes_supply_only,6,"평화시장(통일상가, 동화상가)",전통시장,0.9910179640718563,82.76081424936388,65.52162849872774,65.52162849872774,100.0,57.849872773536894,98.68956743002545,missing,missing,패션·뷰티|홈·리빙|취미·문화,,36,"평화시장(통일상가, 동화상가)은 식사 상위 35%, 쇼핑 상위 1%에 들어 한 번에 여러 목적을 해결하기 좋아요. 일부 목적은 매출 공개가 부족해 점포 구성을 중심으로 평가했어요. 아침·오후·저녁 모두 동대문구 대부분의 출발지에서 대중교통 30분 안에 도착할 수 있어요.",
3110062,food+shopping,식사+쇼핑,includes_supply_only,7,한강로동땡땡거리(은행나무길),골목상권,0.4880239520958084,82.25190839694656,73.15521628498728,91.34860050890585,73.15521628498728,75.82121333869023,62.59541984732825,observed,missing,일식|양식·외국식|간편식,,36,"한강로동땡땡거리(은행나무길)는 식사 상위 9%, 쇼핑 상위 27%에 들어 한 번에 여러 목적을 해결하기 좋아요. 일부 목적은 매출 공개가 부족해 점포 구성을 중심으로 평가했어요. 아침·오후·저녁 모두 동대문구 출발지의 약 49%에서 대중교통 30분 안에 도착할 수 있어요.",
3120020,food+shopping,식사+쇼핑,includes_supply_only,8,시청역_1번,발달상권,0.8712574850299402,81.61577608142494,65.2671755725191,97.96437659033079,65.2671755725191,82.614704700683,58.24427480916031,observed,missing,일식|한식|간편식,,36,"시청역_1번은 식사 상위 3%, 쇼핑 상위 35%에 들어 한 번에 여러 목적을 해결하기 좋아요. 일부 목적은 매출 공개가 부족해 점포 구성을 중심으로 평가했어요. 아침·오후·저녁 모두 동대문구 출발지의 절반 이상에서 대중교통 30분 안에 도착할 수 있어요.",
3130094,food+shopping,식사+쇼핑,includes_supply_only,9,청량리청과물시장,전통시장,1.0,81.17048346055981,73.79134860050891,88.54961832061069,73.79134860050891,73.26195259140216,63.14249363867684,observed,missing,장보기·생활|한식|치킨,,36,"청량리청과물시장은 식사 상위 12%, 쇼핑 상위 27%에 들어 한 번에 여러 목적을 해결하기 좋아요. 일부 목적은 매출 공개가 부족해 점포 구성을 중심으로 평가했어요. 아침·오후·저녁 모두 동대문구 대부분의 출발지에서 대중교통 30분 안에 도착할 수 있어요.",
3120032,food+shopping,식사+쇼핑,includes_supply_only,10,충무로역,발달상권,0.9520958083832335,80.08905852417303,74.55470737913485,85.6234096692112,74.55470737913485,69.95801526717557,63.48600508905852,observed,missing,취미·문화|양식·외국식|디지털·가전,,36,"충무로역은 식사 상위 15%, 쇼핑 상위 26%에 들어 한 번에 여러 목적을 해결하기 좋아요. 일부 목적은 매출 공개가 부족해 점포 구성을 중심으로 평가했어요. 아침·오후·저녁 모두 동대문구 대부분의 출발지에서 대중교통 30분 안에 도착할 수 있어요.",
3120012,food+cafe,식사+카페(임시),all_sales_observed,1,대학로(혜화역),발달상권,0.8473053892215568,98.02798982188295,97.58269720101781,97.58269720101781,,81.74675237712603,,observed,,일식|양식·외국식|중식,hanbyeol_draft_20260929_supply_only,216,"대학로(혜화역)는 식사 상위 3%, 카페 상위 2%에 들어 한 번에 여러 목적을 해결하기 좋아요. 아침·오후·저녁 모두 동대문구 출발지의 절반 이상에서 대중교통 30분 안에 도착할 수 있어요.",98.47328244274809
3120045,food+cafe,식사+카페(임시),all_sales_observed,2,남영동 먹자골목,발달상권,0.6407185628742516,97.83715012722647,96.56488549618321,99.10941475826972,,87.62695861791885,,observed,,일식|양식·외국식|중식,hanbyeol_draft_20260929_supply_only,216,"남영동 먹자골목은 식사 상위 1%, 카페 상위 4%에 들어 한 번에 여러 목적을 해결하기 좋아요. 아침·오후·저녁 모두 동대문구 출발지의 절반 이상에서 대중교통 30분 안에 도착할 수 있어요.",96.56488549618321
3120006,food+cafe,식사+카페(임시),all_sales_observed,3,종각역,발달상권,0.9431137724550899,97.70992366412213,95.41984732824427,100.0,,93.06019820543726,,observed,,취미·문화|한식|일식,hanbyeol_draft_20260929_supply_only,216,"종각역은 식사 상위 1%, 카페 상위 5%에 들어 한 번에 여러 목적을 해결하기 좋아요. 아침·오후·저녁 모두 동대문구 대부분의 출발지에서 대중교통 30분 안에 도착할 수 있어요.",95.41984732824427
3120008,food+cafe,식사+카페(임시),all_sales_observed,4,인사동,발달상권,0.9431137724550899,97.51908396946564,96.0559796437659,98.9821882951654,,86.60613365474755,,observed,,취미·문화|한식|양식·외국식,hanbyeol_draft_20260929_supply_only,216,"인사동은 식사 상위 2%, 카페 상위 4%에 들어 한 번에 여러 목적을 해결하기 좋아요. 아침·오후·저녁 모두 동대문구 대부분의 출발지에서 대중교통 30분 안에 도착할 수 있어요.",96.0559796437659
3120074,food+cafe,식사+카페(임시),all_sales_observed,5,안암역,발달상권,0.8802395209580839,97.07379134860051,96.0559796437659,96.0559796437659,,80.54794428820142,,observed,,양식·외국식|간편식|한식,hanbyeol_draft_20260929_supply_only,216,"안암역은 식사 상위 4%, 카페 상위 2%에 들어 한 번에 여러 목적을 해결하기 좋아요. 아침·오후·저녁 모두 동대문구 출발지의 절반 이상에서 대중교통 30분 안에 도착할 수 있어요.",98.09160305343512
3120002,food+cafe,식사+카페(임시),all_sales_observed,6,서촌(경복궁역),발달상권,0.7574850299401198,96.81933842239187,94.0203562340967,94.0203562340967,,78.63023972144101,,observed,,양식·외국식|취미·문화|일식,hanbyeol_draft_20260929_supply_only,216,"서촌(경복궁역)은 식사 상위 6%, 카페 상위 1%에 들어 한 번에 여러 목적을 해결하기 좋아요. 아침·오후·저녁 모두 동대문구 출발지의 절반 이상에서 대중교통 30분 안에 도착할 수 있어요.",99.61832061068702
3120064,food+cafe,식사+카페(임시),all_sales_observed,7,경희대학교(경희대),발달상권,0.9670658682634731,96.81933842239187,93.89312977099237,93.89312977099237,,78.3816124280166,,observed,,중식|간편식|일식,hanbyeol_draft_20260929_supply_only,216,"경희대학교(경희대)는 식사 상위 7%, 카페 상위 1%에 들어 한 번에 여러 목적을 해결하기 좋아요. 아침·오후·저녁 모두 동대문구 대부분의 출발지에서 대중교통 30분 안에 도착할 수 있어요.",99.74554707379136
3120103,food+cafe,식사+카페(임시),all_sales_observed,8,홍대입구역(홍대),발달상권,0.26047904191616766,96.43765903307889,94.14758269720102,94.14758269720102,,78.63090933440472,,observed,,일식|양식·외국식|중식,hanbyeol_draft_20260929_supply_only,216,"홍대입구역(홍대)은 식사 상위 6%, 카페 상위 2%에 들어 한 번에 여러 목적을 해결하기 좋아요. 아침·오후·저녁 모두 동대문구 출발지의 약 26%에서 대중교통 30분 안에 도착할 수 있어요.",98.72773536895674
3120003,food+cafe,식사+카페(임시),all_sales_observed,9,광화문역,발달상권,0.9011976047904192,96.31043256997455,93.00254452926208,99.61832061068702,,91.60037498325968,,observed,,일식|양식·외국식|중식,hanbyeol_draft_20260929_supply_only,216,"광화문역은 식사 상위 1%, 카페 상위 7%에 들어 한 번에 여러 목적을 해결하기 좋아요. 아침·오후·저녁 모두 동대문구 대부분의 출발지에서 대중교통 30분 안에 도착할 수 있어요.",93.00254452926208
3120053,food+cafe,식사+카페(임시),all_sales_observed,10,건대입구역(건대),발달상권,0.9820359281437125,95.99236641221373,93.38422391857506,98.60050890585241,,85.67965715816258,,observed,,중식|일식|양식·외국식,hanbyeol_draft_20260929_supply_only,216,"건대입구역(건대)은 식사 상위 2%, 카페 상위 7%에 들어 한 번에 여러 목적을 해결하기 좋아요. 아침·오후·저녁 모두 동대문구 대부분의 출발지에서 대중교통 30분 안에 도착할 수 있어요.",93.38422391857506
3110120,food+cafe,식사+카페(임시),includes_supply_only,1,서울숲카페거리,골목상권,0.9431137724550899,96.81933842239187,93.63867684478372,93.63867684478372,,78.16793893129771,,missing,,양식·외국식|패션·뷰티|간편식,hanbyeol_draft_20260929_supply_only,7,"서울숲카페거리는 식사 상위 7%, 카페 상위 1%에 들어 한 번에 여러 목적을 해결하기 좋아요. 일부 목적은 매출 공개가 부족해 점포 구성을 중심으로 평가했어요. 아침·오후·저녁 모두 동대문구 대부분의 출발지에서 대중교통 30분 안에 도착할 수 있어요.",100.0
3110213,food+cafe,식사+카페(임시),includes_supply_only,2,청량초등학교,골목상권,0.9880239520958084,83.3969465648855,80.91603053435115,80.91603053435115,,66.70483460559797,,missing,,,hanbyeol_draft_20260929_supply_only,7,"청량초등학교는 식사 상위 20%, 카페 상위 15%에 들어 한 번에 여러 목적을 해결하기 좋아요. 일부 목적은 매출 공개가 부족해 점포 구성을 중심으로 평가했어요. 아침·오후·저녁 모두 동대문구 대부분의 출발지에서 대중교통 30분 안에 도착할 수 있어요.",85.87786259541986
3110013,food+cafe,식사+카페(임시),includes_supply_only,3,체부동홍종문가옥,골목상권,0.6916167664670658,79.9618320610687,66.2849872773537,66.2849872773537,,58.05343511450381,,missing,,,hanbyeol_draft_20260929_supply_only,7,"체부동홍종문가옥은 식사 상위 34%, 카페 상위 7%에 들어 한 번에 여러 목적을 해결하기 좋아요. 일부 목적은 매출 공개가 부족해 점포 구성을 중심으로 평가했어요. 아침·오후·저녁 모두 동대문구 출발지의 절반 이상에서 대중교통 30분 안에 도착할 수 있어요.",93.63867684478372
3110145,food+cafe,식사+카페(임시),includes_supply_only,4,장안초등학교,골목상권,0.9101796407185628,74.68193384223918,55.85241730279898,55.85241730279898,,52.02290076335878,,missing,,,hanbyeol_draft_20260929_supply_only,7,"장안초등학교는 식사 상위 45%, 카페 상위 7%에 들어 한 번에 여러 목적을 해결하기 좋아요. 다만 식사는 상대적으로 약해요. 일부 목적은 매출 공개가 부족해 점포 구성을 중심으로 평가했어요. 아침·오후·저녁 모두 동대문구 대부분의 출발지에서 대중교통 30분 안에 도착할 수 있어요.",93.51145038167938
3130158,food+cafe,식사+카페(임시),includes_supply_only,5,상계역전종합상가,전통시장,0.5329341317365269,70.00636132315522,58.396946564885496,58.396946564885496,,53.65139949109414,,missing,,패션·뷰티|장보기·생활,hanbyeol_draft_20260929_supply_only,7,"상계역전종합상가는 식사 상위 42%, 카페 상위 19%에 들어 한 번에 여러 목적을 해결하기 좋아요. 다만 식사는 상대적으로 약해요. 일부 목적은 매출 공개가 부족해 점포 구성을 중심으로 평가했어요. 아침·오후·저녁 모두 동대문구 출발지의 절반 이상에서 대중교통 30분 안에 도착할 수 있어요.",81.61577608142494
3110581,food+cafe,식사+카페(임시),includes_supply_only,6,염리초등학교,골목상권,0.47005988023952094,69.78371501272265,66.92111959287533,66.92111959287533,,58.536895674300254,,missing,,,hanbyeol_draft_20260929_supply_only,7,"염리초등학교는 식사 상위 34%, 카페 상위 28%에 들어 한 번에 여러 목적을 해결하기 좋아요. 일부 목적은 매출 공개가 부족해 점포 구성을 중심으로 평가했어요. 아침·오후·저녁 모두 동대문구 출발지의 약 47%에서 대중교통 30분 안에 도착할 수 있어요.",72.64631043256998
3110086,food+cafe,식사+카페(임시),includes_supply_only,7,이태원역 북측,골목상권,0.8233532934131736,58.20610687022901,51.653944020356235,51.653944020356235,,50.02544529262087,,missing,,취미·문화,hanbyeol_draft_20260929_supply_only,7,"이태원역 북측은 식사 상위 49%, 카페 상위 36%에 들어 한 번에 여러 목적을 해결하기 좋아요. 다만 식사는 상대적으로 약해요. 일부 목적은 매출 공개가 부족해 점포 구성을 중심으로 평가했어요. 아침·오후·저녁 모두 동대문구 출발지의 절반 이상에서 대중교통 30분 안에 도착할 수 있어요.",64.75826972010178
3120007,shopping+cafe,쇼핑+카페(임시),all_sales_observed,1,북촌(안국역),발달상권,0.8353293413173652,98.21882951653944,96.56488549618321,,96.56488549618321,,87.35901019446305,,estimated,취미·문화|양식·외국식|홈·리빙,hanbyeol_draft_20260929_supply_only,151,"북촌(안국역)은 쇼핑 상위 4%, 카페 상위 1%에 들어 한 번에 여러 목적을 해결하기 좋아요. 아침·오후·저녁 모두 동대문구 출발지의 절반 이상에서 대중교통 30분 안에 도착할 수 있어요.",99.87277353689568
3110131,shopping+cafe,쇼핑+카페(임시),all_sales_observed,2,성수동카페거리,골목상권,0.9790419161676647,96.69211195928753,95.80152671755725,,95.80152671755725,,86.16102729239202,,observed,양식·외국식|일식|패션·뷰티,hanbyeol_draft_20260929_supply_only,151,"성수동카페거리는 쇼핑 상위 5%, 카페 상위 3%에 들어 한 번에 여러 목적을 해결하기 좋아요. 아침·오후·저녁 모두 동대문구 대부분의 출발지에서 대중교통 30분 안에 도착할 수 있어요.",97.58269720101781
3110019,shopping+cafe,쇼핑+카페(임시),all_sales_observed,3,창덕궁,골목상권,0.9431137724550899,95.86513994910942,95.80152671755725,,95.92875318066157,,86.24807798137644,,estimated,취미·문화|양식·외국식|패션·뷰티,hanbyeol_draft_20260929_supply_only,151,"창덕궁은 쇼핑 상위 5%, 카페 상위 5%에 들어 한 번에 여러 목적을 해결하기 좋아요. 아침·오후·저녁 모두 동대문구 대부분의 출발지에서 대중교통 30분 안에 도착할 수 있어요.",95.80152671755725
3110962,shopping+cafe,쇼핑+카페(임시),all_sales_observed,4,도산공원북측,골목상권,0.3592814371257485,95.64249363867685,93.38422391857506,,93.38422391857506,,82.04149435245273,,estimated,양식·외국식|패션·뷰티|한식,hanbyeol_draft_20260929_supply_only,151,"도산공원북측은 쇼핑 상위 7%, 카페 상위 3%에 들어 한 번에 여러 목적을 해결하기 좋아요. 아침·오후·저녁 모두 동대문구 출발지의 약 36%에서 대중교통 30분 안에 도착할 수 있어요.",97.90076335877863
3120008,shopping+cafe,쇼핑+카페(임시),all_sales_observed,5,인사동,발달상권,0.9431137724550899,95.61068702290075,95.16539440203562,,95.16539440203562,,84.67711721725485,,estimated,취미·문화|한식|양식·외국식,hanbyeol_draft_20260929_supply_only,151,"인사동은 쇼핑 상위 5%, 카페 상위 4%에 들어 한 번에 여러 목적을 해결하기 좋아요. 아침·오후·저녁 모두 동대문구 대부분의 출발지에서 대중교통 30분 안에 도착할 수 있어요.",96.0559796437659
3110095,shopping+cafe,쇼핑+카페(임시),all_sales_observed,6,한강진역 3번,골목상권,0.8622754491017964,95.51526717557252,93.12977099236642,,93.12977099236642,,81.22549868959467,,observed,양식·외국식|취미·문화|패션·뷰티,hanbyeol_draft_20260929_supply_only,151,"한강진역 3번은 쇼핑 상위 7%, 카페 상위 3%에 들어 한 번에 여러 목적을 해결하기 좋아요. 아침·오후·저녁 모두 동대문구 출발지의 절반 이상에서 대중교통 30분 안에 도착할 수 있어요.",97.90076335877863
3110082,shopping+cafe,쇼핑+카페(임시),all_sales_observed,7,용산구청,골목상권,0.8233532934131736,95.29262086513995,93.89312977099237,,93.89312977099237,,82.66805880205524,,observed,양식·외국식|패션·뷰티|취미·문화,hanbyeol_draft_20260929_supply_only,151,"용산구청은 쇼핑 상위 7%, 카페 상위 4%에 들어 한 번에 여러 목적을 해결하기 좋아요. 아침·오후·저녁 모두 동대문구 출발지의 절반 이상에서 대중교통 30분 안에 도착할 수 있어요.",96.69211195928753
3120031,shopping+cafe,쇼핑+카페(임시),all_sales_observed,8,을지로3가역,발달상권,0.9700598802395209,94.65648854961833,91.85750636132316,,97.45547073791349,,89.18548637559869,,observed,취미·문화|양식·외국식|한식,hanbyeol_draft_20260929_supply_only,151,"을지로3가역은 쇼핑 상위 3%, 카페 상위 9%에 들어 한 번에 여러 목적을 해결하기 좋아요. 아침·오후·저녁 모두 동대문구 대부분의 출발지에서 대중교통 30분 안에 도착할 수 있어요.",91.85750636132316
3120028,shopping+cafe,쇼핑+카페(임시),all_sales_observed,9,명동(명동거리),발달상권,0.9221556886227545,94.46564885496183,89.56743002544529,,99.36386768447836,,93.57181892977209,,observed,패션·뷰티|중식|취미·문화,hanbyeol_draft_20260929_supply_only,151,"명동(명동거리)은 쇼핑 상위 1%, 카페 상위 11%에 들어 한 번에 여러 목적을 해결하기 좋아요. 아침·오후·저녁 모두 동대문구 대부분의 출발지에서 대중교통 30분 안에 도착할 수 있어요.",89.56743002544529
3120046,shopping+cafe,쇼핑+카페(임시),all_sales_observed,10,이태원(이태원역),발달상권,0.8622754491017964,94.46564885496183,92.87531806615776,,96.0559796437659,,86.26182497779666,,observed,양식·외국식|취미·문화|패션·뷰티,hanbyeol_draft_20260929_supply_only,151,"이태원(이태원역)은 쇼핑 상위 4%, 카페 상위 8%에 들어 한 번에 여러 목적을 해결하기 좋아요. 아침·오후·저녁 모두 동대문구 출발지의 절반 이상에서 대중교통 30분 안에 도착할 수 있어요.",92.87531806615776
3110085,shopping+cafe,쇼핑+카페(임시),includes_supply_only,1,경리단길남측,골목상권,0.8622754491017964,93.95674300254453,93.25699745547074,,94.65648854961832,,83.70229007633588,,missing,양식·외국식|취미·문화|패션·뷰티,hanbyeol_draft_20260929_supply_only,47,"경리단길남측은 쇼핑 상위 6%, 카페 상위 7%에 들어 한 번에 여러 목적을 해결하기 좋아요. 일부 목적은 매출 공개가 부족해 점포 구성을 중심으로 평가했어요. 아침·오후·저녁 모두 동대문구 출발지의 절반 이상에서 대중교통 30분 안에 도착할 수 있어요.",93.25699745547074
3110032,shopping+cafe,쇼핑+카페(임시),includes_supply_only,2,수족관거리,골목상권,0.9850299401197605,87.40458015267176,86.1323155216285,,86.1323155216285,,72.36641221374046,,missing,한식,hanbyeol_draft_20260929_supply_only,47,"수족관거리는 쇼핑 상위 14%, 카페 상위 12%에 들어 한 번에 여러 목적을 해결하기 좋아요. 일부 목적은 매출 공개가 부족해 점포 구성을 중심으로 평가했어요. 아침·오후·저녁 모두 동대문구 대부분의 출발지에서 대중교통 30분 안에 도착할 수 있어요.",88.67684478371501
3130009,shopping+cafe,쇼핑+카페(임시),includes_supply_only,3,마전교지하쇼핑센터(구 한일상가),전통시장,0.9311377245508982,85.49618320610688,72.64631043256998,,98.34605597964376,,90.4325699745547,,missing,패션·뷰티,hanbyeol_draft_20260929_supply_only,47,"마전교지하쇼핑센터(구 한일상가)는 쇼핑 상위 2%, 카페 상위 28%에 들어 한 번에 여러 목적을 해결하기 좋아요. 일부 목적은 매출 공개가 부족해 점포 구성을 중심으로 평가했어요. 아침·오후·저녁 모두 동대문구 대부분의 출발지에서 대중교통 30분 안에 도착할 수 있어요.",72.64631043256998
3130158,shopping+cafe,쇼핑+카페(임시),includes_supply_only,4,상계역전종합상가,전통시장,0.5329341317365269,85.4643765903308,81.61577608142494,,89.31297709923665,,76.64122137404581,,missing,패션·뷰티|장보기·생활,hanbyeol_draft_20260929_supply_only,47,"상계역전종합상가는 쇼핑 상위 11%, 카페 상위 19%에 들어 한 번에 여러 목적을 해결하기 좋아요. 일부 목적은 매출 공개가 부족해 점포 구성을 중심으로 평가했어요. 아침·오후·저녁 모두 동대문구 출발지의 절반 이상에서 대중교통 30분 안에 도착할 수 있어요.",81.61577608142494
3110013,shopping+cafe,쇼핑+카페(임시),includes_supply_only,5,체부동홍종문가옥,골목상권,0.6916167664670658,83.58778625954199,73.53689567430025,,73.53689567430025,,63.078880407124686,,missing,,hanbyeol_draft_20260929_supply_only,47,"체부동홍종문가옥은 쇼핑 상위 27%, 카페 상위 7%에 들어 한 번에 여러 목적을 해결하기 좋아요. 일부 목적은 매출 공개가 부족해 점포 구성을 중심으로 평가했어요. 아침·오후·저녁 모두 동대문구 출발지의 절반 이상에서 대중교통 30분 안에 도착할 수 있어요.",93.63867684478372
3110049,shopping+cafe,쇼핑+카페(임시),includes_supply_only,6,장충단 고개,골목상권,0.9850299401197605,81.61577608142494,74.30025445292621,,74.30025445292621,,63.320610687022906,,missing,취미·문화|패션·뷰티|한식,hanbyeol_draft_20260929_supply_only,47,"장충단 고개는 쇼핑 상위 26%, 카페 상위 12%에 들어 한 번에 여러 목적을 해결하기 좋아요. 일부 목적은 매출 공개가 부족해 점포 구성을 중심으로 평가했어요. 아침·오후·저녁 모두 동대문구 대부분의 출발지에서 대중교통 30분 안에 도착할 수 있어요.",88.93129770992367
3110062,shopping+cafe,쇼핑+카페(임시),includes_supply_only,7,한강로동땡땡거리(은행나무길),골목상권,0.4880239520958084,81.29770992366412,73.15521628498728,,73.15521628498728,,62.59541984732825,,missing,일식|양식·외국식|간편식,hanbyeol_draft_20260929_supply_only,47,"한강로동땡땡거리(은행나무길)는 쇼핑 상위 27%, 카페 상위 11%에 들어 한 번에 여러 목적을 해결하기 좋아요. 일부 목적은 매출 공개가 부족해 점포 구성을 중심으로 평가했어요. 아침·오후·저녁 모두 동대문구 출발지의 약 49%에서 대중교통 30분 안에 도착할 수 있어요.",89.44020356234097
3110039,shopping+cafe,쇼핑+카페(임시),includes_supply_only,8,회현역 1번,골목상권,0.7664670658682635,81.23409669211196,76.08142493638677,,76.08142493638677,,64.79643765903307,,missing,한식,hanbyeol_draft_20260929_supply_only,47,"회현역 1번은 쇼핑 상위 24%, 카페 상위 14%에 들어 한 번에 여러 목적을 해결하기 좋아요. 일부 목적은 매출 공개가 부족해 점포 구성을 중심으로 평가했어요. 아침·오후·저녁 모두 동대문구 출발지의 절반 이상에서 대중교통 30분 안에 도착할 수 있어요.",86.38676844783714
3120050,shopping+cafe,쇼핑+카페(임시),includes_supply_only,9,서울숲역,발달상권,0.8053892215568862,80.470737913486,66.92111959287533,,66.92111959287533,,59.12213740458015,,missing,양식·외국식|패션·뷰티|한식,hanbyeol_draft_20260929_supply_only,47,"서울숲역은 쇼핑 상위 34%, 카페 상위 6%에 들어 한 번에 여러 목적을 해결하기 좋아요. 일부 목적은 매출 공개가 부족해 점포 구성을 중심으로 평가했어요. 아침·오후·저녁 모두 동대문구 출발지의 절반 이상에서 대중교통 30분 안에 도착할 수 있어요.",94.0203562340967
3110073,shopping+cafe,쇼핑+카페(임시),includes_supply_only,10,삼각지역 3번,골목상권,0.5808383233532934,79.70737913486005,68.44783715012723,,68.44783715012723,,60.19083969465648,,missing,일식|양식·외국식|취미·문화,hanbyeol_draft_20260929_supply_only,47,"삼각지역 3번은 쇼핑 상위 32%, 카페 상위 10%에 들어 한 번에 여러 목적을 해결하기 좋아요. 일부 목적은 매출 공개가 부족해 점포 구성을 중심으로 평가했어요. 아침·오후·저녁 모두 동대문구 출발지의 절반 이상에서 대중교통 30분 안에 도착할 수 있어요.",90.96692111959288
3120008,food+cafe+shopping,식사+카페(임시)+쇼핑,all_sales_observed,1,인사동,발달상권,0.9431137724550899,96.73452078032228,95.16539440203562,98.9821882951654,95.16539440203562,86.60613365474755,84.67711721725485,observed,estimated,취미·문화|한식|양식·외국식,hanbyeol_draft_20260929_supply_only,116,"인사동은 식사 상위 2%, 카페 상위 4%, 쇼핑 상위 5%에 들어 한 번에 여러 목적을 해결하기 좋아요. 아침·오후·저녁 모두 동대문구 대부분의 출발지에서 대중교통 30분 안에 도착할 수 있어요.",96.0559796437659
3120031,food+cafe+shopping,식사+카페(임시)+쇼핑,all_sales_observed,2,을지로3가역,발달상권,0.9700598802395209,95.84393553859202,91.85750636132316,98.21882951653944,97.45547073791349,83.56126958617921,89.18548637559869,observed,observed,취미·문화|양식·외국식|한식,hanbyeol_draft_20260929_supply_only,116,"을지로3가역은 식사 상위 2%, 카페 상위 9%, 쇼핑 상위 3%에 들어 한 번에 여러 목적을 해결하기 좋아요. 아침·오후·저녁 모두 동대문구 대부분의 출발지에서 대중교통 30분 안에 도착할 수 있어요.",91.85750636132316
3120046,food+cafe+shopping,식사+카페(임시)+쇼핑,all_sales_observed,3,이태원(이태원역),발달상권,0.8622754491017964,95.33502968617472,92.87531806615776,97.07379134860051,96.0559796437659,81.18856301057988,86.26182497779666,observed,observed,양식·외국식|취미·문화|패션·뷰티,hanbyeol_draft_20260929_supply_only,116,"이태원(이태원역)은 식사 상위 3%, 카페 상위 8%, 쇼핑 상위 4%에 들어 한 번에 여러 목적을 해결하기 좋아요. 아침·오후·저녁 모두 동대문구 출발지의 절반 이상에서 대중교통 30분 안에 도착할 수 있어요.",92.87531806615776
3120007,food+cafe+shopping,식사+카페(임시)+쇼핑,all_sales_observed,4,북촌(안국역),발달상권,0.8353293413173652,95.08057675996606,88.80407124681933,88.80407124681933,96.56488549618321,73.32616847462167,87.35901019446305,observed,estimated,취미·문화|양식·외국식|홈·리빙,hanbyeol_draft_20260929_supply_only,116,"북촌(안국역)은 식사 상위 12%, 카페 상위 1%, 쇼핑 상위 4%에 들어 한 번에 여러 목적을 해결하기 좋아요. 아침·오후·저녁 모두 동대문구 출발지의 절반 이상에서 대중교통 30분 안에 도착할 수 있어요.",99.87277353689568
3120028,food+cafe+shopping,식사+카페(임시)+쇼핑,all_sales_observed,5,명동(명동거리),발달상권,0.9221556886227545,94.86853265479219,89.56743002544529,95.67430025445293,99.36386768447836,80.09220570510246,93.57181892977209,observed,observed,패션·뷰티|중식|취미·문화,hanbyeol_draft_20260929_supply_only,116,"명동(명동거리)은 식사 상위 5%, 카페 상위 11%, 쇼핑 상위 1%에 들어 한 번에 여러 목적을 해결하기 좋아요. 아침·오후·저녁 모두 동대문구 대부분의 출발지에서 대중교통 30분 안에 도착할 수 있어요.",89.56743002544529
3120006,food+cafe+shopping,식사+카페(임시)+쇼핑,all_sales_observed,6,종각역,발달상권,0.9431137724550899,94.18999151823579,87.1501272264631,100.0,87.1501272264631,93.06019820543726,73.56295939105655,observed,observed,취미·문화|한식|일식,hanbyeol_draft_20260929_supply_only,116,"종각역은 식사 상위 1%, 카페 상위 5%, 쇼핑 상위 13%에 들어 한 번에 여러 목적을 해결하기 좋아요. 아침·오후·저녁 모두 동대문구 대부분의 출발지에서 대중교통 30분 안에 도착할 수 있어요.",95.41984732824427
3120103,food+cafe+shopping,식사+카페(임시)+쇼핑,all_sales_observed,7,홍대입구역(홍대),발달상권,0.26047904191616766,93.89312977099236,88.80407124681933,94.14758269720102,88.80407124681933,78.63090933440472,75.6832496962366,observed,observed,일식|양식·외국식|중식,hanbyeol_draft_20260929_supply_only,116,"홍대입구역(홍대)은 식사 상위 6%, 카페 상위 2%, 쇼핑 상위 12%에 들어 한 번에 여러 목적을 해결하기 좋아요. 아침·오후·저녁 모두 동대문구 출발지의 약 26%에서 대중교통 30분 안에 도착할 수 있어요.",98.72773536895674
3110962,food+cafe+shopping,식사+카페(임시)+쇼핑,all_sales_observed,8,도산공원북측,골목상권,0.3592814371257485,92.93893129770993,87.53180661577609,87.53180661577609,93.38422391857506,72.37926878264363,82.04149435245273,estimated,estimated,양식·외국식|패션·뷰티|한식,hanbyeol_draft_20260929_supply_only,116,"도산공원북측은 식사 상위 13%, 카페 상위 3%, 쇼핑 상위 7%에 들어 한 번에 여러 목적을 해결하기 좋아요. 아침·오후·저녁 모두 동대문구 출발지의 약 36%에서 대중교통 30분 안에 도착할 수 있어요.",97.90076335877863
3110131,food+cafe+shopping,식사+카페(임시)+쇼핑,all_sales_observed,9,성수동카페거리,골목상권,0.9790419161676647,92.87531806615776,85.24173027989822,85.24173027989822,95.80152671755725,69.66813981518682,86.16102729239202,observed,observed,양식·외국식|일식|패션·뷰티,hanbyeol_draft_20260929_supply_only,116,"성수동카페거리는 식사 상위 15%, 카페 상위 3%, 쇼핑 상위 5%에 들어 한 번에 여러 목적을 해결하기 좋아요. 아침·오후·저녁 모두 동대문구 대부분의 출발지에서 대중교통 30분 안에 도착할 수 있어요.",97.58269720101781
3120053,food+cafe+shopping,식사+카페(임시)+쇼핑,all_sales_observed,10,건대입구역(건대),발달상권,0.9820359281437125,92.83290924512296,86.51399491094148,98.60050890585241,86.51399491094148,85.67965715816258,73.12780402220878,observed,observed,중식|일식|양식·외국식,hanbyeol_draft_20260929_supply_only,116,"건대입구역(건대)은 식사 상위 2%, 카페 상위 7%, 쇼핑 상위 14%에 들어 한 번에 여러 목적을 해결하기 좋아요. 아침·오후·저녁 모두 동대문구 대부분의 출발지에서 대중교통 30분 안에 도착할 수 있어요.",93.38422391857506
3110120,food+cafe+shopping,식사+카페(임시)+쇼핑,includes_supply_only,1,서울숲카페거리,골목상권,0.9431137724550899,92.45122985581001,83.7150127226463,93.63867684478372,83.7150127226463,78.16793893129771,69.84630661850042,missing,estimated,양식·외국식|패션·뷰티|간편식,hanbyeol_draft_20260929_supply_only,18,"서울숲카페거리는 식사 상위 7%, 카페 상위 1%, 쇼핑 상위 17%에 들어 한 번에 여러 목적을 해결하기 좋아요. 일부 목적은 매출 공개가 부족해 점포 구성을 중심으로 평가했어요. 아침·오후·저녁 모두 동대문구 대부분의 출발지에서 대중교통 30분 안에 도착할 수 있어요.",100.0
3110085,food+cafe+shopping,식사+카페(임시)+쇼핑,includes_supply_only,2,경리단길남측,골목상권,0.8622754491017964,91.22137404580151,85.75063613231552,85.75063613231552,94.65648854961832,69.97241194589527,83.70229007633588,observed,missing,양식·외국식|취미·문화|패션·뷰티,hanbyeol_draft_20260929_supply_only,18,"경리단길남측은 식사 상위 15%, 카페 상위 7%, 쇼핑 상위 6%에 들어 한 번에 여러 목적을 해결하기 좋아요. 일부 목적은 매출 공개가 부족해 점포 구성을 중심으로 평가했어요. 아침·오후·저녁 모두 동대문구 출발지의 절반 이상에서 대중교통 30분 안에 도착할 수 있어요.",93.25699745547074
3110062,food+cafe+shopping,식사+카페(임시)+쇼핑,includes_supply_only,3,한강로동땡땡거리(은행나무길),골목상권,0.4880239520958084,84.64800678541137,73.15521628498728,91.34860050890585,73.15521628498728,75.82121333869023,62.59541984732825,observed,missing,일식|양식·외국식|간편식,hanbyeol_draft_20260929_supply_only,18,"한강로동땡땡거리(은행나무길)는 식사 상위 9%, 카페 상위 11%, 쇼핑 상위 27%에 들어 한 번에 여러 목적을 해결하기 좋아요. 일부 목적은 매출 공개가 부족해 점포 구성을 중심으로 평가했어요. 아침·오후·저녁 모두 동대문구 출발지의 약 49%에서 대중교통 30분 안에 도착할 수 있어요.",89.44020356234097
3120020,food+cafe+shopping,식사+카페(임시)+쇼핑,includes_supply_only,4,시청역_1번,발달상권,0.8712574850299402,84.47837150127226,65.2671755725191,97.96437659033079,65.2671755725191,82.614704700683,58.24427480916031,observed,missing,일식|한식|간편식,hanbyeol_draft_20260929_supply_only,18,"시청역_1번은 식사 상위 3%, 카페 상위 10%, 쇼핑 상위 35%에 들어 한 번에 여러 목적을 해결하기 좋아요. 일부 목적은 매출 공개가 부족해 점포 구성을 중심으로 평가했어요. 아침·오후·저녁 모두 동대문구 출발지의 절반 이상에서 대중교통 30분 안에 도착할 수 있어요.",90.20356234096693
3120023,food+cafe+shopping,식사+카페(임시)+쇼핑,includes_supply_only,5,서울시청,발달상권,0.9251497005988024,84.0542832909245,67.04834605597965,99.49109414758269,85.6234096692112,90.04928351412882,71.93384223918575,observed,missing,일식|양식·외국식|한식,hanbyeol_draft_20260929_supply_only,18,"서울시청은 식사 상위 1%, 카페 상위 33%, 쇼핑 상위 15%에 들어 한 번에 여러 목적을 해결하기 좋아요. 일부 목적은 매출 공개가 부족해 점포 구성을 중심으로 평가했어요. 아침·오후·저녁 모두 동대문구 대부분의 출발지에서 대중교통 30분 안에 도착할 수 있어요.",67.04834605597965
3120032,food+cafe+shopping,식사+카페(임시)+쇼핑,includes_supply_only,6,충무로역,발달상권,0.9520958083832335,79.89821882951655,74.55470737913485,85.6234096692112,74.55470737913485,69.95801526717557,63.48600508905852,observed,missing,취미·문화|양식·외국식|디지털·가전,hanbyeol_draft_20260929_supply_only,18,"충무로역은 식사 상위 15%, 카페 상위 21%, 쇼핑 상위 26%에 들어 한 번에 여러 목적을 해결하기 좋아요. 일부 목적은 매출 공개가 부족해 점포 구성을 중심으로 평가했어요. 아침·오후·저녁 모두 동대문구 대부분의 출발지에서 대중교통 30분 안에 도착할 수 있어요.",79.51653944020356
3110049,food+cafe+shopping,식사+카페(임시)+쇼핑,includes_supply_only,7,장충단 고개,골목상권,0.9850299401197605,79.34690415606445,74.30025445292621,74.80916030534351,74.30025445292621,63.32670416499263,63.320610687022906,observed,missing,취미·문화|패션·뷰티|한식,hanbyeol_draft_20260929_supply_only,18,"장충단 고개는 식사 상위 26%, 카페 상위 12%, 쇼핑 상위 26%에 들어 한 번에 여러 목적을 해결하기 좋아요. 일부 목적은 매출 공개가 부족해 점포 구성을 중심으로 평가했어요. 아침·오후·저녁 모두 동대문구 대부분의 출발지에서 대중교통 30분 안에 도착할 수 있어요.",88.93129770992367
3130094,food+cafe+shopping,식사+카페(임시)+쇼핑,includes_supply_only,8,청량리청과물시장,전통시장,1.0,78.83799830364717,73.79134860050891,88.54961832061069,73.79134860050891,73.26195259140216,63.14249363867684,observed,missing,장보기·생활|한식|치킨,hanbyeol_draft_20260929_supply_only,18,"청량리청과물시장은 식사 상위 12%, 카페 상위 26%, 쇼핑 상위 27%에 들어 한 번에 여러 목적을 해결하기 좋아요. 일부 목적은 매출 공개가 부족해 점포 구성을 중심으로 평가했어요. 아침·오후·저녁 모두 동대문구 대부분의 출발지에서 대중교통 30분 안에 도착할 수 있어요.",74.17302798982189
3110013,food+cafe+shopping,식사+카페(임시)+쇼핑,includes_supply_only,9,체부동홍종문가옥,골목상권,0.6916167664670658,77.82018659881255,66.2849872773537,66.2849872773537,73.53689567430025,58.05343511450381,63.078880407124686,missing,missing,,hanbyeol_draft_20260929_supply_only,18,"체부동홍종문가옥은 식사 상위 34%, 카페 상위 7%, 쇼핑 상위 27%에 들어 한 번에 여러 목적을 해결하기 좋아요. 일부 목적은 매출 공개가 부족해 점포 구성을 중심으로 평가했어요. 아침·오후·저녁 모두 동대문구 출발지의 절반 이상에서 대중교통 30분 안에 도착할 수 있어요.",93.63867684478372
3110275,food+cafe+shopping,식사+카페(임시)+쇼핑,includes_supply_only,10,하나은행 망우동지점,골목상권,0.6047904191616766,77.43850720949958,62.72264631043257,85.87786259541986,62.72264631043257,70.16064014999331,56.25954198473282,observed,missing,홈·리빙|한식|장보기·생활,hanbyeol_draft_20260929_supply_only,18,"하나은행 망우동지점은 식사 상위 15%, 카페 상위 17%, 쇼핑 상위 38%에 들어 한 번에 여러 목적을 해결하기 좋아요. 일부 목적은 매출 공개가 부족해 점포 구성을 중심으로 평가했어요. 아침·오후·저녁 모두 동대문구 출발지의 절반 이상에서 대중교통 30분 안에 도착할 수 있어요.",83.7150127226463
