target,area_code,area_name,base_rank,top10_in_configs,configs,stability
food,3120006,종각역,1,9,9,안정
food,3130002,세종마을음식문화거리(금천교시장),2,8,9,안정
food,3120229,방이동먹자골목,3,4,9,탐색
food,3120003,광화문역,4,9,9,안정
food,3120023,서울시청,5,9,9,안정
food,3120026,을지로입구역,6,9,9,안정
food,3120004,종로구청,7,8,9,안정
food,3120045,남영동 먹자골목,8,3,9,탐색
food,3120008,인사동,9,4,9,탐색
food,3120084,공릉역,10,7,9,안정
shopping,3130010,종로신진시장,1,9,9,안정
shopping,3120027,명동역(명동재미로),2,6,9,탐색
shopping,3120028,명동(명동거리),3,9,9,안정
shopping,3120014,종로5가역,4,9,9,안정
shopping,3130035,방산종합시장(방산시장),5,9,9,안정
shopping,3120195,성수대교남단,6,3,9,탐색
shopping,3120040,용산전자상가(용산역),7,3,9,탐색
shopping,3120009,종로3가역,8,9,9,안정
shopping,3120060,강변역(테크노마트),9,4,9,탐색
shopping,3130033,대림상가(청계상가),10,7,9,안정
food+shopping,3120009,종로3가역,1,9,9,안정
food+shopping,3120031,을지로3가역,2,9,9,안정
food+shopping,3120028,명동(명동거리),3,9,9,안정
food+shopping,3120004,종로구청,4,9,9,안정
food+shopping,3120008,인사동,5,8,9,안정
food+shopping,3120046,이태원(이태원역),6,8,9,안정
food+shopping,3120227,잠실역,7,5,9,탐색
food+shopping,3120200,학동사거리,8,2,9,탐색
food+shopping,3130061,이태원시장,9,3,9,탐색
food+shopping,3120076,수유역,10,1,9,탐색
