area_code,area_km2,study_cafe_inside_count,starbucks_inside_count
3001491,0.37228558355344077,1.0,1.0
3001492,0.9828817971994295,0.0,12.0
3001493,0.6056013616241605,0.0,5.0
3001494,0.6526362010529243,10.0,3.0
3001495,2.4608282285006786,3.0,4.0
3001496,0.2377100963824016,0.0,4.0
3110002,0.03150759579122671,0.0,0.0
3110004,0.01876672662819417,1.0,0.0
3110007,0.08019204423952883,0.0,0.0
3110008,0.14915308452673223,0.0,0.0
3110012,0.12425490956837965,0.0,0.0
3110013,0.01705162777868179,0.0,0.0
3110015,0.06934714711552566,0.0,0.0
3110017,0.08379236964330669,0.0,0.0
3110018,0.16674711976011677,0.0,0.0
3110019,0.04096809436264281,0.0,0.0
3110020,0.1335911076583044,0.0,0.0
3110021,0.07759711319076361,1.0,1.0
3110022,0.060136486136429246,0.0,0.0
3110023,0.015956911105151857,0.0,0.0
3110024,0.0528100522585577,1.0,0.0
3110025,0.03915424083807091,1.0,0.0
3110026,0.016472795030793855,0.0,0.0
3110027,0.11758466142715536,2.0,0.0
3110028,0.15900396664663324,0.0,0.0
3110029,0.15311445932271464,0.0,0.0
3110030,0.009154068849418382,0.0,0.0
3110031,0.03285271798579732,0.0,0.0
3110032,0.009315769530419937,0.0,0.0
3110033,0.07781033946123883,0.0,0.0
3110034,0.02958121483593143,0.0,0.0
3110035,0.09570617638347886,0.0,0.0
3110036,0.01841684137333167,0.0,0.0
3110037,0.05518974509617155,0.0,0.0
3110038,0.036865762383742534,0.0,0.0
3110039,0.009920363899119102,0.0,0.0
3110040,0.07618451440489142,0.0,0.0
3110041,0.1304626481130644,0.0,0.0
3110042,0.07255247341064666,1.0,0.0
3110043,0.10997507009469597,0.0,0.0
3110044,0.02955256063670885,0.0,0.0
3110045,0.04478651160087404,0.0,0.0
3110046,0.05796960881579884,0.0,0.0
3110047,0.08532177735945215,0.0,0.0
3110048,0.13550432464882747,0.0,1.0
3110049,0.07063925925064313,1.0,0.0
3110050,0.0345269828630637,0.0,0.0
3110051,0.04485881782918342,0.0,0.0
3110052,0.06884116595755511,0.0,0.0
3110053,0.08548516633671023,0.0,0.0
3110054,0.06910301477361261,2.0,0.0
3110055,0.027554636747238462,0.0,0.0
3110056,0.12950938038681883,0.0,0.0
3110057,0.030207436768605943,1.0,0.0
3110058,0.13551949306967537,0.0,0.0
3110060,0.09464849016130768,0.0,0.0
3110061,0.1001741771520505,0.0,0.0
3110062,0.13258536061031218,0.0,0.0
3110063,0.11024695358730467,0.0,0.0
3110064,0.13145173796604231,1.0,0.0
3110065,0.018051613282020186,0.0,0.0
3110066,0.13363771620633774,0.0,1.0
3110067,0.20478351799777092,0.0,0.0
3110068,0.14520408356620065,1.0,0.0
3110069,0.17341276627832342,8.0,0.0
3110071,0.027762444743674307,0.0,0.0
3110072,0.018076890978920585,0.0,0.0
3110073,0.041390482865715277,0.0,0.0
3110074,0.1058430359479592,0.0,0.0
3110075,0.1288085942556467,0.0,0.0
3110076,0.00898212295818307,0.0,0.0
3110077,0.04576257621221788,0.0,0.0
3110079,0.2928218394247191,0.0,0.0
3110081,0.1049317763014622,0.0,0.0
3110082,0.07108616056141205,0.0,0.0
3110084,0.22555595659116817,1.0,1.0
3110085,0.1816939097520648,0.0,0.0
3110086,0.1336569525568923,0.0,0.0
3110087,0.052502707919741855,0.0,0.0
3110088,0.09648790570060102,0.0,0.0
3110090,0.09698654838859448,0.0,0.0
3110091,0.05509999313236786,0.0,0.0
3110092,0.10507363261290431,0.0,0.0
3110093,0.23459160937652868,0.0,0.0
3110095,0.14907981124230674,0.0,0.0
3110096,0.05003072483617861,0.0,0.0
3110097,0.007808563935880845,0.0,0.0
3110098,0.04138318283996073,0.0,0.0
3110099,0.26298852577317117,0.0,1.0
3110100,0.02604016292348407,0.0,0.0
3110101,0.02380025758008517,0.0,0.0
3110102,0.03465602787247902,1.0,0.0
3110103,0.01904253481330756,0.0,0.0
3110104,0.06678765366860376,0.0,0.0
3110105,0.06895727937890912,0.0,0.0
3110106,0.02135008911455847,0.0,0.0
3110107,0.022173799631196617,0.0,0.0
3110108,0.011768904175107795,0.0,0.0
3110109,0.02976592521160473,1.0,0.0
3110110,0.05190232069870683,0.0,0.0
3110111,0.019470385545016382,0.0,0.0
3110112,0.0685392407341243,1.0,0.0
3110113,0.08904712854137875,0.0,0.0
3110114,0.02703704986149709,1.0,0.0
3110115,0.0808166434626446,2.0,0.0
3110116,0.09800830772638744,0.0,0.0
3110117,0.049697619637430954,0.0,0.0
3110118,0.06352699278829228,0.0,0.0
3110119,0.022506608038856613,0.0,0.0
3110120,0.03482549022052123,0.0,0.0
3110121,0.029244583185983487,2.0,1.0
3110122,0.08027356864128542,0.0,0.0
3110123,0.16942403480711457,0.0,0.0
3110124,0.07953543958632875,0.0,0.0
3110125,0.12882462375846562,2.0,0.0
3110126,0.01851642976254118,0.0,0.0
3110127,0.038744890320235315,0.0,0.0
3110128,0.2471513793541441,0.0,0.0
3110129,0.07063891649119683,0.0,0.0
3110130,0.04303255703497783,0.0,0.0
3110131,0.13176465760621572,0.0,0.0
3110132,0.07639187999021448,0.0,0.0
3110133,0.08012616126881679,0.0,0.0
3110134,0.22265644740903046,0.0,0.0
3110135,0.13665737381025314,0.0,0.0
3110136,0.26042935315369575,0.0,0.0
3110137,0.33072996070803884,0.0,1.0
3110138,0.10199576664753653,0.0,0.0
3110139,0.15574166820201643,0.0,0.0
3110140,0.17960891774767532,0.0,0.0
3110141,0.06740669136572976,0.0,0.0
3110142,0.1168029272855529,0.0,0.0
3110143,0.008055172250296009,0.0,0.0
3110144,0.042796720151551476,1.0,0.0
3110145,0.014944616915673588,0.0,0.0
3110146,0.10680332623943034,0.0,0.0
3110147,0.15690848644953978,0.0,0.0
3110148,0.04572192717751315,0.0,0.0
3110149,0.0459213861440778,0.0,1.0
3110150,0.15938800268377767,1.0,0.0
3110151,0.10749135774748048,0.0,0.0
3110152,0.0507666361216236,0.0,0.0
3110153,0.05002982566562065,0.0,0.0
3110154,0.10202345551422212,0.0,0.0
3110155,0.09723942205944856,1.0,0.0
3110156,0.1535782110607594,0.0,0.0
3110157,0.11506923154415452,1.0,0.0
3110158,0.1666707615233718,0.0,0.0
3110159,0.21073350108570799,1.0,0.0
3110160,0.04781120101149063,0.0,0.0
3110161,0.141791898842042,0.0,0.0
3110162,0.07089054463132857,0.0,0.0
3110163,0.06643174929805984,0.0,0.0
3110164,0.08498421932217898,0.0,0.0
3110165,0.09561356305424346,2.0,0.0
3110166,0.13151844515489858,1.0,0.0
3110167,0.15423522832403122,0.0,0.0
3110168,0.058468864531408454,0.0,0.0
3110169,0.07544212162332913,0.0,0.0
3110170,0.1206341565886115,0.0,0.0
3110171,0.04784178625481322,0.0,0.0
3110172,0.09542517278140945,0.0,2.0
3110173,0.04922918628316342,1.0,0.0
3110174,0.10337890558196468,1.0,0.0
3110175,0.09604084078177677,0.0,0.0
3110176,0.135213606968565,0.0,0.0
3110177,0.029056681599804544,0.0,0.0
3110178,0.04589740613927671,0.0,0.0
3110179,0.04205289167675281,1.0,0.0
3110180,0.07464117675645447,0.0,0.0
3110181,0.14164002578236093,0.0,0.0
3110182,0.05907317302343101,0.0,0.0
3110183,0.043408117825447616,0.0,0.0
3110184,0.02436064197871384,0.0,0.0
3110185,0.028825029648711278,0.0,0.0
3110186,0.02287298154501594,0.0,0.0
3110187,0.15985990970398706,0.0,0.0
3110188,0.15240145007404385,0.0,0.0
3110189,0.08843229821051138,0.0,0.0
3110190,0.10133903822828282,0.0,0.0
3110191,0.079112448117574,1.0,0.0
3110192,0.03320602184251746,0.0,0.0
3110193,0.0677286891250741,0.0,0.0
3110194,0.0878787070532103,0.0,0.0
3110195,0.11529557736313627,1.0,0.0
3110196,0.03728567841611251,0.0,0.0
3110197,0.024751941703520658,0.0,0.0
3110198,0.016127540882524417,0.0,0.0
3110199,0.06982353325460629,0.0,0.0
3110200,0.03533006319727716,0.0,0.0
3110201,0.024130487510539356,0.0,0.0
3110202,0.02979846691989581,0.0,0.0
3110203,0.0461444204305949,0.0,0.0
3110204,0.12246069294652544,0.0,0.0
3110205,0.08874799584237628,2.0,0.0
3110206,0.10054643126891596,0.0,0.0
3110207,0.029305017823698716,0.0,0.0
3110208,0.04219053499342924,0.0,0.0
3110209,0.027951185031442206,0.0,0.0
3110210,0.11088586126955216,1.0,0.0
3110211,0.12630692662318124,0.0,0.0
3110212,0.08091995213360775,2.0,0.0
3110213,0.035428441096629834,1.0,0.0
3110214,0.0798010251186227,0.0,0.0
3110215,0.05143878539453484,1.0,0.0
3110216,0.06501934741675046,0.0,0.0
3110217,0.05660572801561478,0.0,0.0
3110218,0.08209765477340406,1.0,1.0
3110219,0.1793076543769617,1.0,0.0
3110220,0.09854972480854678,2.0,1.0
3110221,0.047094075781689865,0.0,0.0
3110222,0.010325716153797548,0.0,0.0
3110223,0.04354802576900308,0.0,0.0
3110224,0.0457347555159795,0.0,0.0
3110225,0.05476409130304076,1.0,0.0
3110226,0.28564201914305076,0.0,0.0
3110227,0.055415325472798545,0.0,0.0
3110228,0.1778013246829036,0.0,0.0
3110229,0.20549083755171882,1.0,0.0
3110230,0.079734772144026,0.0,0.0
3110231,0.008249752983274735,0.0,0.0
3110232,0.10445460956584283,0.0,0.0
3110233,0.12423505327257038,0.0,0.0
3110234,0.05837667659671018,0.0,0.0
3110235,0.03260563921634373,0.0,0.0
3110236,0.18051162116312536,0.0,0.0
3110237,0.12431445544955542,0.0,1.0
3110238,0.029151456515923015,0.0,0.0
3110239,0.01036049719544844,0.0,0.0
3110240,0.04550120349410638,0.0,0.0
3110241,0.09900027303643189,1.0,0.0
3110242,0.10492962001843636,0.0,0.0
3110243,0.12820329586323753,0.0,0.0
3110244,0.0630174620019212,1.0,1.0
3110245,0.06232605390792822,0.0,0.0
3110246,0.08728594027656707,1.0,0.0
3110247,0.14832561047012102,2.0,0.0
3110248,0.037614589675370846,0.0,0.0
3110249,0.17018609474493784,0.0,0.0
3110250,0.039336397982965385,0.0,0.0
3110251,0.09048684924529872,0.0,0.0
3110252,0.12145087093868585,0.0,0.0
3110253,0.08643702277638873,0.0,0.0
3110254,0.16548792956244174,0.0,0.0
3110255,0.19109859335637627,1.0,0.0
3110256,0.22169103332203738,0.0,0.0
3110257,0.11424037498163611,0.0,0.0
3110258,0.11134610984101584,0.0,0.0
3110259,0.08623211413277548,0.0,0.0
3110260,0.06589043497529581,1.0,0.0
3110261,0.10941845433331165,0.0,0.0
3110262,0.12188170025634963,1.0,0.0
3110263,0.1519865431379663,0.0,0.0
3110264,0.21678064797981303,0.0,0.0
3110265,0.16471884953823768,0.0,0.0
3110266,0.11395931665809667,0.0,0.0
3110267,0.12558532138602718,0.0,0.0
3110268,0.07118201708475898,0.0,0.0
3110269,0.0500271978814398,1.0,0.0
3110270,0.035616368003612404,0.0,0.0
3110271,0.11250875281435536,0.0,0.0
3110272,0.14623917372221176,3.0,1.0
3110273,0.06917616012153444,0.0,1.0
3110274,0.16397164638261622,1.0,0.0
3110275,0.03544997015434514,0.0,0.0
3110276,0.1188224675886594,0.0,0.0
3110277,0.11808171610988857,0.0,0.0
3110278,0.13741684629482867,1.0,0.0
3110279,0.48084461745506235,0.0,0.0
3110280,0.15096420614759717,0.0,0.0
3110283,0.04220995680933693,0.0,0.0
3110285,0.09000318220536437,0.0,0.0
3110286,0.1120926744171586,0.0,1.0
3110288,0.08269746344828297,0.0,0.0
3110291,0.17554997761958288,0.0,0.0
3110293,0.0797702621635996,0.0,0.0
3110295,0.15298547589880454,0.0,0.0
3110296,0.059415288393204556,0.0,0.0
3110297,0.1671365327862268,0.0,0.0
3110298,0.03787290215948532,0.0,0.0
3110299,0.14080391803602157,0.0,0.0
3110300,0.15554388981870979,0.0,0.0
3110301,0.10729254002891656,0.0,0.0
3110302,0.06748111557528162,0.0,0.0
3110303,0.10921654430531508,0.0,0.0
3110304,0.0932179393642146,1.0,0.0
3110305,0.1473129338836373,1.0,0.0
3110306,0.03260052212124829,0.0,0.0
3110307,0.055170746421887164,0.0,1.0
3110308,0.08490444835322103,0.0,0.0
3110309,0.07262272013522814,0.0,0.0
3110310,0.02192413960783573,0.0,0.0
3110311,0.026250229907900897,0.0,0.0
3110312,0.08505333003437511,1.0,0.0
3110313,0.08222677252055607,3.0,1.0
3110314,0.08403045506744321,3.0,0.0
3110315,0.09273075997334944,0.0,0.0
3110316,0.18048151970051277,0.0,0.0
3110317,0.0913401250897188,0.0,0.0
3110318,0.07681096095647623,0.0,0.0
3110319,0.09830108493343451,0.0,0.0
3110320,0.05286682317764766,0.0,0.0
3110321,0.008742860980482388,0.0,0.0
3110322,0.08419808088360184,0.0,0.0
3110323,0.08358068451681301,1.0,0.0
3110324,0.026567215611556966,0.0,0.0
3110325,0.10460574896510401,1.0,0.0
3110326,0.04547462708050464,0.0,0.0
3110327,0.11726046227540661,0.0,0.0
3110328,0.08823009346979889,0.0,0.0
3110329,0.08854222294801568,0.0,1.0
3110330,0.07242065431039632,0.0,0.0
3110331,0.10585033302811744,0.0,0.0
3110332,0.034401595839042086,0.0,0.0
3110333,0.06732157307999517,2.0,0.0
3110334,0.08421115607757043,0.0,0.0
3110335,0.1406534298754752,1.0,0.0
3110336,0.06250650336593776,0.0,0.0
3110358,0.11137076920732615,0.0,0.0
3110359,0.13531028469393563,0.0,0.0
3110360,0.10644578590541393,0.0,0.0
3110361,0.07479521008856682,0.0,0.0
3110364,0.12705389704495917,2.0,0.0
3110365,0.11514126975310497,0.0,0.0
3110366,0.05751904244370742,0.0,0.0
3110367,0.06388993789080226,0.0,0.0
3110368,0.10499599967717019,0.0,0.0
3110369,0.13383090159631159,0.0,0.0
3110370,0.10890155588363579,0.0,0.0
3110371,0.06276173967137559,0.0,0.0
3110372,0.08242098005338658,0.0,0.0
3110373,0.08466794003994076,0.0,0.0
3110374,0.20421960886439516,0.0,0.0
3110375,0.05821819600763405,0.0,0.0
3110376,0.20877005865959683,1.0,0.0
3110377,0.035608076477739635,0.0,0.0
3110378,0.05311357096127436,0.0,0.0
3110381,0.0504454968279538,0.0,0.0
3110388,0.05532879005939508,0.0,0.0
3110389,0.05284968902810129,0.0,0.0
3110394,0.1576969787828606,0.0,0.0
3110396,0.05293084280633389,0.0,0.0
3110397,0.5416129648006449,2.0,0.0
3110398,0.10224041173201796,0.0,0.0
3110399,0.16108249249701045,1.0,0.0
3110400,0.12320532558838998,2.0,0.0
3110401,0.04473312522130701,2.0,0.0
3110402,0.11829613253482545,0.0,1.0
3110403,0.1529379397414316,0.0,0.0
3110405,0.18548370126876182,0.0,0.0
3110406,0.24734373992062508,0.0,0.0
3110407,0.45399443514906945,0.0,0.0
3110408,0.053156829646392754,2.0,0.0
3110409,0.07758336001050445,1.0,0.0
3110410,0.13085135562349823,2.0,1.0
3110411,0.09025180965432243,0.0,0.0
3110412,0.02112952480635959,0.0,0.0
3110413,0.07429635045379615,1.0,0.0
3110414,0.06843034676328846,0.0,0.0
3110415,0.19735737989000987,3.0,0.0
3110416,0.09261610491601971,0.0,0.0
3110417,0.029818892506832624,0.0,0.0
3110418,0.08819909795116768,0.0,0.0
3110419,0.12589827641272525,2.0,0.0
3110420,0.05039285533021701,2.0,1.0
3110421,0.06974023515520993,2.0,0.0
3110422,0.03529684790191917,0.0,0.0
3110423,0.05812031621038289,0.0,0.0
3110424,0.07585336954282401,2.0,0.0
3110425,0.10419761740259638,0.0,0.0
3110426,0.12991753151372004,2.0,0.0
3110427,0.03061608534709977,0.0,0.0
3110428,0.2175580492738075,2.0,0.0
3110429,0.16043068079701578,0.0,2.0
3110430,0.011176512158722273,0.0,0.0
3110431,0.0556646281750619,1.0,0.0
3110432,0.06904635858376469,0.0,0.0
3110433,0.0952362582563559,1.0,0.0
3110434,0.03806094567487044,0.0,0.0
3110435,0.017804502782179363,1.0,0.0
3110436,0.04151348905998003,2.0,0.0
3110437,0.0836363416152704,1.0,0.0
3110438,0.09999460389500726,3.0,0.0
3110439,0.09895015361633872,0.0,0.0
3110440,0.054590262971806164,0.0,0.0
3110442,0.02003448859087881,0.0,0.0
3110514,0.09186719717361162,0.0,0.0
3110520,0.060540585380085374,0.0,0.0
3110521,0.03040516753293611,0.0,0.0
3110522,0.03739195109028272,0.0,0.0
3110525,0.035493014701782365,2.0,0.0
3110527,0.10599391360419254,1.0,0.0
3110529,0.11341409658819415,1.0,0.0
3110530,0.017459651772416533,0.0,0.0
3110532,0.061106587901684835,0.0,0.0
3110533,0.03919875492302946,0.0,0.0
3110534,0.07173310290309419,0.0,0.0
3110535,0.034645500633482276,0.0,0.0
3110536,0.02156978963071306,0.0,0.0
3110537,0.05274671876040556,0.0,0.0
3110538,0.016644554712761783,0.0,0.0
3110539,0.048016073623209296,0.0,0.0
3110566,0.15662731430770638,1.0,1.0
3110569,0.08487076884244414,0.0,0.0
3110571,0.07549408780289607,0.0,0.0
3110572,0.1481149863403561,1.0,0.0
3110573,0.009359684397727948,1.0,0.0
3110574,0.016291804783456442,1.0,0.0
3110575,0.07147845908019006,0.0,0.0
3110576,0.07598374394118741,1.0,0.0
3110577,0.026020877342341903,0.0,0.0
3110578,0.11186690500064772,1.0,0.0
3110579,0.05500526635552934,0.0,0.0
3110580,0.03933065568720017,0.0,0.0
3110581,0.013737876163338493,0.0,0.0
3110582,0.053559244352261795,0.0,0.0
3110583,0.007966450887082994,0.0,0.0
3110584,0.014166006264311769,0.0,1.0
3110585,0.018202182206165422,0.0,1.0
3110586,0.13204111245872047,0.0,0.0
3110587,0.07657196261380796,0.0,0.0
3110589,0.03119050013822723,1.0,0.0
3110591,0.05099989974277327,0.0,0.0
3110832,0.10078242954695087,1.0,0.0
3110927,0.06019103847846541,0.0,0.0
3110949,0.06207924636650308,0.0,0.0
3110950,0.04612901224905734,0.0,0.0
3110951,0.028978293542992018,0.0,0.0
3110952,0.02161266627155902,0.0,0.0
3110953,0.09287625000372939,0.0,0.0
3110955,0.19076814149903304,0.0,0.0
3110957,0.09474340265666215,0.0,0.0
3110959,0.035932641846698296,0.0,0.0
3110961,0.06298350528930283,0.0,0.0
3110962,0.010036362421649613,0.0,0.0
3110966,0.09347383996765049,0.0,0.0
3110968,0.04371654404546748,1.0,0.0
3110970,0.04997607665744999,0.0,0.0
3110971,0.1331207011191988,0.0,0.0
3110973,0.0660861270109799,0.0,0.0
3110974,0.0351240892680903,0.0,0.0
3110976,0.05568202121109458,0.0,0.0
3110982,0.01985005332157767,0.0,0.0
3110985,0.04323249725851489,0.0,0.0
3110988,0.0791250215947088,0.0,0.0
3110990,0.010099654181889383,0.0,0.0
3111004,0.2453723283299328,1.0,1.0
3111010,0.20002330944005203,0.0,0.0
3111011,0.02581938965737057,0.0,0.0
3111012,0.12066110998973023,0.0,0.0
3111013,0.19137476850303636,0.0,1.0
3111014,0.072657857043091,0.0,0.0
3111015,0.22640867448510898,0.0,0.0
3111018,0.027080137048205825,0.0,0.0
3111019,0.1826565738512957,0.0,0.0
3111020,0.028974648791247296,1.0,1.0
3111021,0.324026928449671,2.0,1.0
3111022,0.08047261892662225,0.0,0.0
3111029,0.04305529325685105,0.0,0.0
3111030,0.05087186794651977,1.0,0.0
3111032,0.07785210319182198,1.0,0.0
3111035,0.09496747525378342,0.0,0.0
3111048,0.0692109717933286,0.0,0.0
3111049,0.11033884240321509,0.0,0.0
3111050,0.019549405755716547,0.0,0.0
3111051,0.15952310483989868,0.0,0.0
3111052,0.12919485552984733,0.0,0.0
3111053,0.13973673074315857,0.0,1.0
3111054,0.015525906079244558,0.0,0.0
3111056,0.03196004238359607,0.0,0.0
3111057,0.11607071257658658,0.0,0.0
3111058,0.03966351893179696,1.0,0.0
3111059,0.28208103472962504,1.0,1.0
3111060,0.21905045966987582,0.0,0.0
3111061,0.17519508573272155,0.0,0.0
3111062,0.10672802732260654,1.0,0.0
3111063,0.1504049067224535,0.0,0.0
3111064,0.05108872654104097,0.0,0.0
3111066,0.10647921205599963,0.0,0.0
3111067,0.20380697240340545,0.0,0.0
3111068,0.019631185956293304,0.0,0.0
3111069,0.11040470053746465,0.0,0.0
3111070,0.05903354718420715,0.0,0.0
3111071,0.03547273031061875,0.0,0.0
3111072,0.15313495881728523,0.0,0.0
3111073,0.17973373346753324,0.0,0.0
3111074,0.04939723985871171,1.0,0.0
3111075,0.08771362020887118,1.0,0.0
3111076,0.060021338791627306,2.0,0.0
3111077,0.24701023416902043,2.0,0.0
3111078,0.20716631336930924,2.0,0.0
3111080,0.08348412548612666,1.0,0.0
3120001,0.14818141101942536,4.0,0.0
3120002,0.17650493277366064,1.0,1.0
3120003,0.39422694856560037,1.0,3.0
3120004,0.12397452684765266,0.0,1.0
3120005,0.25145446129501126,0.0,0.0
3120006,0.27012371190024337,9.0,3.0
3120007,0.19752654537373546,0.0,1.0
3120008,0.1821820285401519,0.0,1.0
3120009,0.40121851773366773,4.0,1.0
3120010,0.09904578686547981,0.0,0.0
3120011,0.11590125697432614,0.0,1.0
3120012,0.25669463814802623,14.0,4.0
3120013,0.13418233523537473,0.0,1.0
3120014,0.13592362668091174,0.0,0.0
3120015,0.05389916743649506,0.0,0.0
3120016,0.058743364618914294,0.0,0.0
3120017,0.07114428240661169,0.0,0.0
3120018,0.14457482537540323,2.0,0.0
3120019,0.09075959041618926,0.0,0.0
3120020,0.05838281172318532,0.0,0.0
3120021,0.1325897309466503,0.0,1.0
3120022,0.10843612646652775,0.0,2.0
3120023,0.08874951572810509,0.0,3.0
3120024,0.1067866043674542,0.0,0.0
3120025,0.07520430331300287,0.0,1.0
3120026,0.20015611838486677,0.0,2.0
3120027,0.15703792541461975,0.0,1.0
3120028,0.22134907786513175,0.0,2.0
3120029,0.05683366422984986,0.0,0.0
3120030,0.13785102478763653,0.0,1.0
3120031,0.2545827169630655,2.0,1.0
3120032,0.23633850500172948,3.0,1.0
3120033,0.08546334906982679,0.0,1.0
3120034,0.09514143587191494,0.0,0.0
3120035,0.04891427582140466,0.0,0.0
3120036,0.08813554336328043,0.0,1.0
3120037,0.37035868065341915,0.0,3.0
3120038,0.13673393375117637,1.0,1.0
3120039,0.1988254682002035,0.0,2.0
3120040,0.36475300501723795,0.0,1.0
3120041,1.0306550167035453,3.0,6.0
3120042,0.08708909494586937,0.0,1.0
3120043,0.4351296111240818,1.0,1.0
3120044,0.13431872676813944,0.0,0.0
3120045,0.0668198450222151,0.0,0.0
3120046,0.2832161178472999,1.0,1.0
3120047,0.156092487095066,1.0,0.0
3120048,0.060985293569431956,1.0,0.0
3120049,0.19357757864232855,3.0,3.0
3120050,0.058868020478405295,0.0,0.0
3120051,0.2179968678909574,1.0,2.0
3120052,0.29871124805339866,1.0,2.0
3120053,0.27487186491448157,3.0,5.0
3120054,0.1450910444302478,5.0,2.0
3120055,0.28847174927951025,6.0,2.0
3120056,0.1586119681481813,3.0,2.0
3120057,0.20110270793405288,1.0,1.0
3120058,0.09258564063766356,0.0,0.0
3120059,0.10887741564291709,2.0,0.0
3120060,0.12701036106715877,0.0,0.0
3120061,0.04715147219905579,3.0,1.0
3120062,0.2716938298011346,0.0,1.0
3120063,0.3166915961977297,1.0,1.0
3120064,0.04852971672679392,0.0,2.0
3120065,0.1271055173477748,1.0,0.0
3120066,0.44973044303281773,0.0,1.0
3120067,0.2194195724861226,4.0,1.0
3120068,0.03568451932400335,1.0,1.0
3120069,0.20566994975665193,2.0,2.0
3120070,0.08000436048684208,4.0,1.0
3120071,0.05000165987395935,3.0,0.0
3120072,0.19713742656137606,4.0,3.0
3120073,0.09043455672639465,2.0,2.0
3120074,0.02759636828763807,0.0,1.0
3120075,0.09444391909271749,1.0,1.0
3120076,0.2971135276979249,2.0,3.0
3120077,0.09327761387895671,2.0,1.0
3120078,0.09410693826158718,1.0,1.0
3120079,0.09602345840283434,4.0,1.0
3120080,0.03894609314601834,3.0,0.0
3120081,0.26748877092273676,4.0,4.0
3120082,0.038852383907908766,0.0,1.0
3120083,0.12572336625847663,1.0,0.0
3120084,0.08097793502428899,3.0,2.0
3120086,0.07242406884449909,1.0,1.0
3120094,0.34357443773413743,5.0,6.0
3120095,0.10053960222578973,5.0,1.0
3120096,0.15130488952783785,0.0,1.0
3120097,0.0595049224153323,0.0,0.0
3120102,0.24624734997192624,0.0,2.0
3120103,0.4615829428010732,1.0,3.0
3120106,0.13662239996005332,0.0,2.0
3120107,0.19207569225189447,0.0,4.0
3120153,0.44349752127139913,13.0,2.0
3120167,0.3205734440746637,7.0,4.0
3120170,0.10078225787502224,2.0,0.0
3120174,0.07022513392136523,0.0,0.0
3120176,0.13040841609032006,0.0,0.0
3120177,0.14042881468421933,0.0,0.0
3120178,0.35279954463686536,0.0,3.0
3120185,0.3209396527694187,1.0,1.0
3120186,0.25649351554819494,1.0,2.0
3120187,0.3821027846256797,2.0,4.0
3120188,0.2515553125665566,2.0,3.0
3120190,0.29497164674838505,0.0,1.0
3120191,0.36600912421397663,0.0,2.0
3120193,0.1848828842036462,0.0,0.0
3120194,0.24226250983073797,0.0,0.0
3120195,0.12673359636089887,0.0,2.0
3120196,0.18533920108593727,0.0,0.0
3120200,0.26639470804208915,0.0,1.0
3120203,0.1731200559890376,0.0,1.0
3120207,0.3232290356255783,0.0,1.0
3120208,0.3310845580004111,0.0,2.0
3120209,0.1340463186494407,2.0,0.0
3120213,0.22875087834122154,1.0,0.0
3120214,0.08906789563950791,1.0,0.0
3120215,0.3183828525232976,0.0,1.0
3120216,0.07164026989387497,0.0,1.0
3120218,0.14528505027069485,0.0,2.0
3120222,0.35606435674459713,0.0,7.0
3120223,0.1334675750184676,0.0,0.0
3120225,0.23786450158263522,8.0,3.0
3120227,0.5264609141199128,3.0,4.0
3120228,0.22797358844160767,1.0,2.0
3120229,0.14658060543791093,2.0,0.0
3120230,0.10226207427359714,4.0,1.0
3120232,0.06086456853795622,0.0,0.0
3120233,0.11491357723272445,1.0,2.0
3120238,0.04557452387785187,4.0,1.0
3120239,0.15153233257414725,2.0,0.0
3120242,0.2055509010035976,2.0,2.0
3120243,0.21510274997885148,4.0,2.0
3120244,0.08054272791268982,5.0,1.0
3120245,0.16529148113290737,3.0,1.0
3120246,0.24248502932338328,3.0,3.0
3120247,0.09447801180859779,2.0,1.0
3120248,0.1429870972968356,7.0,1.0
3120249,0.09233445857434334,2.0,1.0
3130001,0.0382516342247539,0.0,0.0
3130002,0.04951984895825252,0.0,0.0
3130004,0.008682317237908495,0.0,0.0
3130005,0.017096940519127905,0.0,0.0
3130007,0.06632271651009257,0.0,1.0
3130009,0.004465564103642467,0.0,0.0
3130010,0.04508349105657711,0.0,0.0
3130011,0.017920418431998077,0.0,0.0
3130012,0.03932535170166304,0.0,0.0
3130013,0.004482628985153858,0.0,0.0
3130014,0.008170819207254121,0.0,0.0
3130015,0.024569814065431038,0.0,0.0
3130016,0.004837369084511074,0.0,0.0
3130017,0.006891047117577434,0.0,0.0
3130018,0.038556638992328064,0.0,0.0
3130019,0.008487979889327422,0.0,0.0
3130020,0.031189839377304147,0.0,0.0
3130021,0.009792121275826016,0.0,0.0
3130022,0.007678868195972545,0.0,0.0
3130024,0.07800997966919238,0.0,0.0
3130025,0.01781539652902767,0.0,0.0
3130031,0.02931945211562119,0.0,0.0
3130032,0.019707665567657635,0.0,0.0
3130033,0.010996772890784072,0.0,0.0
3130034,0.0022100880133227056,0.0,0.0
3130035,0.09965206319338822,0.0,0.0
3130036,0.09217337133597833,0.0,0.0
3130038,0.13350978995135634,0.0,1.0
3130042,0.02815132193429639,0.0,1.0
3130046,0.004218368590598758,0.0,0.0
3130047,0.010167326925405298,0.0,0.0
3130048,0.0086260833999182,0.0,0.0
3130049,0.010188545673888431,0.0,0.0
3130050,0.014428724535415088,0.0,0.0
3130051,0.06016056552950252,1.0,0.0
3130052,0.06994934560193773,0.0,0.0
3130053,0.04218036987519617,0.0,0.0
3130054,0.07282888233672126,1.0,0.0
3130055,0.03967925007890661,0.0,0.0
3130056,0.040216140366822986,0.0,0.0
3130058,0.007480199924228346,0.0,0.0
3130059,0.03326514776454901,0.0,0.0
3130061,0.010564983893326836,0.0,0.0
3130062,0.010497810892428487,0.0,0.0
3130063,0.015012189006012411,0.0,0.0
3130064,0.011265528629082255,0.0,0.0
3130065,0.06928555784502749,0.0,0.0
3130066,0.08094613041540749,0.0,0.0
3130067,0.08662922334450569,1.0,1.0
3130068,0.2181374413035573,0.0,0.0
3130069,0.023225526430039407,1.0,0.0
3130070,0.05612368154856816,3.0,0.0
3130071,0.01065084235743541,0.0,0.0
3130072,0.11797510345261936,0.0,0.0
3130073,0.021439499110221655,0.0,0.0
3130074,0.014250244356726555,0.0,0.0
3130075,0.010807267435622507,0.0,0.0
3130076,0.028967695442343275,0.0,0.0
3130077,0.005324414219522292,0.0,0.0
3130078,0.01860142090392756,0.0,0.0
3130079,0.011031152912278144,0.0,0.0
3130080,0.00615548426721937,0.0,0.0
3130081,0.04365446191767795,0.0,0.0
3130082,0.007786778136126961,0.0,0.0
3130083,0.04171866935391503,0.0,0.0
3130084,0.016168326025760404,0.0,0.0
3130085,0.005522800639046344,0.0,0.0
3130086,0.16518774621661542,0.0,0.0
3130087,0.020959823089815255,0.0,0.0
3130088,0.02130648411614167,0.0,1.0
3130089,0.030304937375497085,0.0,0.0
3130090,0.024330536050559383,0.0,0.0
3130091,0.045643657120484196,0.0,0.0
3130092,0.03245192323492387,0.0,0.0
3130093,0.004575847247306945,0.0,0.0
3130094,0.028275397313688992,0.0,0.0
3130095,0.030865502661954175,0.0,0.0
3130096,0.00661191417680002,0.0,0.0
3130097,0.05190333141375487,0.0,0.0
3130098,0.03218701022704083,2.0,1.0
3130099,0.021792485844239675,0.0,0.0
3130100,0.022172358939475254,0.0,0.0
3130101,0.018329514123558946,0.0,0.0
3130102,0.007285733790647945,0.0,0.0
3130103,0.011613241111562462,0.0,0.0
3130104,0.026427680805500176,0.0,0.0
3130105,0.02684609806316897,0.0,0.0
3130106,0.050429386298821814,1.0,0.0
3130107,0.007880529390676324,0.0,0.0
3130108,0.004439371397706635,0.0,0.0
3130109,0.028977602490796363,0.0,0.0
3130110,0.06000692502994424,1.0,0.0
3130111,0.09078013769750387,0.0,0.0
3130112,0.059068308729572444,0.0,0.0
3130113,0.005812294474232502,0.0,0.0
3130114,0.005779963689191938,0.0,0.0
3130115,0.07824920851606992,0.0,0.0
3130116,0.004104461565128245,0.0,0.0
3130120,0.020316283164889117,1.0,0.0
3130121,0.007940134527121268,0.0,0.0
3130122,0.006745663126614824,0.0,0.0
3130123,0.012751997219515247,0.0,0.0
3130124,0.007420005026115823,0.0,0.0
3130125,0.058843710278214646,0.0,0.0
3130126,0.0073211567894353015,0.0,0.0
3130127,0.007872716376623573,0.0,0.0
3130128,0.04813828160144479,0.0,0.0
3130132,0.047528365125527015,1.0,0.0
3130135,0.030735001585916067,0.0,0.0
3130136,0.010952189482341375,0.0,0.0
3130137,0.036994570784425015,0.0,0.0
3130138,0.0020636943758129433,0.0,0.0
3130139,0.07484393375036176,0.0,0.0
3130140,0.032425444004052284,0.0,0.0
3130141,0.03027077729041558,0.0,0.0
3130142,0.004205482998703797,0.0,0.0
3130143,0.020226966852031396,0.0,0.0
3130145,0.032395781653359136,0.0,0.0
3130146,0.1089117449194538,1.0,0.0
3130147,0.03383106241029058,0.0,0.0
3130148,0.04251358652287834,0.0,0.0
3130151,0.008478993762514585,0.0,0.0
3130152,0.024415596242598047,0.0,0.0
3130153,0.0336021646911002,0.0,0.0
3130154,0.0067532905086906386,0.0,0.0
3130155,0.008509890798930893,1.0,0.0
3130156,0.015752202457044832,1.0,0.0
3130157,0.0524224874815248,0.0,0.0
3130158,0.011931344377457275,0.0,0.0
3130159,0.057675346182006974,0.0,0.0
3130175,0.006142734763671855,0.0,1.0
3130176,0.018517331882315403,0.0,0.0
3130177,0.022759028004566098,0.0,0.0
3130178,0.007520408688330921,1.0,0.0
3130179,0.05559635094114561,6.0,1.0
3130181,0.045781967492588775,0.0,0.0
3130182,0.04177195887730361,0.0,0.0
3130194,0.05415753427953347,0.0,0.0
3130195,0.10180414650478603,1.0,0.0
3130196,0.007420166239188095,0.0,0.0
3130197,0.009693993372029903,0.0,0.0
3130198,0.027650359407951856,0.0,0.0
3130302,0.00395795560259518,0.0,0.0
3130303,0.039067900726359225,0.0,0.0
3130311,0.07931441846123673,5.0,0.0
3130313,0.14353333037191937,0.0,0.0
3130314,0.12071906869134817,0.0,0.0
3130318,0.05652020280040005,0.0,0.0
3130319,0.0316259852956876,0.0,0.0
3130320,0.03717188238557181,0.0,0.0
3130321,0.03845753428719288,0.0,0.0
3130323,0.03658494345309178,0.0,0.0
3130324,0.029440728577759298,0.0,0.0
3130325,0.02752560012558005,1.0,0.0
3130327,0.036185633622523375,0.0,0.0
