emdcd,emdnm,sggnm,ratio_08,ratio_14,ratio_19,periods_above_threshold,minimum_period_ratio,mean_period_ratio,time_stability
1120054000,마장동,성동구,1.0,1.0,1.0,3,1.0,1.0,all_three_periods
1120079000,용답동,성동구,1.0,1.0,1.0,3,1.0,1.0,all_three_periods
1123053300,용두동,동대문구,1.0,1.0,1.0,3,1.0,1.0,all_three_periods
1123056000,전농1동,동대문구,1.0,1.0,1.0,3,1.0,1.0,all_three_periods
1123057000,전농2동,동대문구,1.0,1.0,1.0,3,1.0,1.0,all_three_periods
1123060000,답십리1동,동대문구,1.0,1.0,1.0,3,1.0,1.0,all_three_periods
1123073000,휘경2동,동대문구,1.0,1.0,1.0,3,1.0,1.0,all_three_periods
1126059000,상봉2동,중랑구,1.0,1.0,1.0,3,1.0,1.0,all_three_periods
1126060000,중화1동,중랑구,1.0,1.0,1.0,3,1.0,1.0,all_three_periods
1126061000,중화2동,중랑구,1.0,1.0,1.0,3,1.0,1.0,all_three_periods
1135059500,공릉1동,노원구,1.0,1.0,1.0,3,1.0,1.0,all_three_periods
1123054500,제기동,동대문구,0.997005988023952,1.0,1.0,3,0.997005988023952,0.999001996007984,all_three_periods
1123061000,답십리2동,동대문구,0.997005988023952,1.0,1.0,3,0.997005988023952,0.999001996007984,all_three_periods
1126056500,면목본동,중랑구,1.0,0.997005988023952,1.0,3,0.997005988023952,0.999001996007984,all_three_periods
1123072000,휘경1동,동대문구,0.997005988023952,0.997005988023952,0.997005988023952,3,0.997005988023952,0.997005988023952,all_three_periods
1123074000,이문1동,동대문구,0.997005988023952,0.997005988023952,0.997005988023952,3,0.997005988023952,0.997005988023952,all_three_periods
1123051500,신설동,동대문구,0.994011976047904,0.997005988023952,1.0,3,0.994011976047904,0.997005988023952,all_three_periods
1123075000,이문2동,동대문구,0.997005988023952,0.997005988023952,0.994011976047904,3,0.994011976047904,0.996007984031936,all_three_periods
1126058000,상봉1동,중랑구,1.0,0.994011976047904,0.994011976047904,3,0.994011976047904,0.996007984031936,all_three_periods
1126057000,면목7동,중랑구,1.0,0.9910179640718564,0.997005988023952,3,0.9910179640718564,0.9960079840319361,all_three_periods
1126063000,묵2동,중랑구,1.0,0.9910179640718564,0.997005988023952,3,0.9910179640718564,0.9960079840319361,all_three_periods
1126052000,면목2동,중랑구,0.997005988023952,0.994011976047904,0.9910179640718564,3,0.9910179640718564,0.9940119760479041,all_three_periods
1120057000,행당2동,성동구,0.9910179640718564,0.9880239520958084,0.997005988023952,3,0.9880239520958084,0.9920159680638724,all_three_periods
1126054000,면목4동,중랑구,0.9910179640718564,0.9880239520958084,0.9880239520958084,3,0.9880239520958084,0.9890219560878245,all_three_periods
1126057500,면목3·8동,중랑구,0.997005988023952,0.9850299401197604,0.994011976047904,3,0.9850299401197604,0.992015968063872,all_three_periods
1120061500,금호2·3가동,성동구,0.9850299401197604,0.9910179640718564,0.994011976047904,3,0.9850299401197604,0.9900199600798403,all_three_periods
1114064500,청구동,중구,0.9850299401197604,0.9880239520958084,0.994011976047904,3,0.9850299401197604,0.9890219560878242,all_three_periods
1129081000,석관동,성북구,0.9910179640718564,0.9880239520958084,0.9850299401197604,3,0.9850299401197604,0.9880239520958085,all_three_periods
1111071000,숭인2동,종로구,0.9850299401197604,0.9850299401197604,0.9910179640718564,3,0.9850299401197604,0.9870259481037924,all_three_periods
1121571000,화양동,광진구,0.994011976047904,0.9820359281437124,0.9910179640718564,3,0.9820359281437124,0.9890219560878243,all_three_periods
1123070500,청량리동,동대문구,0.9820359281437124,0.9910179640718564,0.9910179640718564,3,0.9820359281437124,0.9880239520958084,all_three_periods
1126062000,묵1동,중랑구,0.9910179640718564,0.9820359281437124,0.9850299401197604,3,0.9820359281437124,0.9860279441117763,all_three_periods
1120053500,왕십리도선동,성동구,0.9790419161676648,0.9910179640718564,0.994011976047904,3,0.9790419161676648,0.9880239520958085,all_three_periods
1114067000,황학동,중구,0.9790419161676648,0.9850299401197604,0.9910179640718564,3,0.9790419161676648,0.9850299401197605,all_three_periods
1120069000,성수2가3동,성동구,0.9790419161676648,0.9790419161676648,0.9910179640718564,3,0.9790419161676648,0.9830339321357288,all_three_periods
1123066000,장안2동,동대문구,0.9850299401197604,0.9760479041916168,0.994011976047904,3,0.9760479041916168,0.9850299401197603,all_three_periods
1111067000,창신1동,종로구,0.9760479041916168,0.9820359281437124,0.9910179640718564,3,0.9760479041916168,0.9830339321357285,all_three_periods
1114059000,광희동,중구,0.9730538922155688,0.9850299401197604,0.9850299401197604,3,0.9730538922155688,0.9810379241516965,all_three_periods
1126055000,면목5동,중랑구,0.9880239520958084,0.9820359281437124,0.9730538922155688,3,0.9730538922155688,0.9810379241516965,all_three_periods
1135056000,월계1동,노원구,0.9850299401197604,0.9730538922155688,0.9700598802395208,3,0.9700598802395208,0.9760479041916167,all_three_periods
1120056000,행당1동,성동구,0.997005988023952,0.9670658682634732,0.9880239520958084,3,0.9670658682634732,0.9840319361277445,all_three_periods
1120055000,사근동,성동구,0.9670658682634732,0.9820359281437124,0.9880239520958084,3,0.9670658682634732,0.9790419161676648,all_three_periods
1114061500,신당동,중구,0.9760479041916168,0.9670658682634732,0.9790419161676648,3,0.9670658682634732,0.9740518962075849,all_three_periods
1120066000,성수1가2동,성동구,0.9640718562874252,0.9640718562874252,0.9820359281437124,3,0.9640718562874252,0.9700598802395209,all_three_periods
1123065000,장안1동,동대문구,0.9580838323353292,0.9880239520958084,0.994011976047904,3,0.9580838323353292,0.9800399201596806,all_three_periods
1121576000,중곡3동,광진구,0.9850299401197604,0.9580838323353292,0.9880239520958084,3,0.9580838323353292,0.9770459081836327,all_three_periods
1114063500,약수동,중구,0.9520958083832336,0.9520958083832336,0.9700598802395208,3,0.9520958083832336,0.9580838323353293,all_three_periods
1111070000,숭인1동,종로구,0.9491017964071856,0.9670658682634732,0.9760479041916168,3,0.9491017964071856,0.9640718562874252,all_three_periods
1111063000,종로5·6가동,종로구,0.9491017964071856,0.9580838323353292,0.9790419161676648,3,0.9491017964071856,0.9620758483033932,all_three_periods
1121578000,능동,광진구,0.9880239520958084,0.9461077844311376,0.9760479041916168,3,0.9461077844311376,0.9700598802395209,all_three_periods
1114060500,을지로동,중구,0.9461077844311376,0.9580838323353292,0.9670658682634732,3,0.9461077844311376,0.9570858283433132,all_three_periods
1123071000,회기동,동대문구,0.9461077844311376,0.9550898203592816,0.9550898203592816,3,0.9461077844311376,0.9520958083832336,all_three_periods
1111061500,종로1·2·3·4가동,종로구,0.94311377245509,0.9640718562874252,0.9760479041916168,3,0.94311377245509,0.9610778443113773,all_three_periods
1120059000,금호1가동,성동구,0.9640718562874252,0.940119760479042,0.9700598802395208,3,0.940119760479042,0.9580838323353293,all_three_periods
1129077000,장위2동,성북구,0.9670658682634732,0.9491017964071856,0.937125748502994,3,0.937125748502994,0.9510978043912175,all_three_periods
1114066500,동화동,중구,0.937125748502994,0.940119760479042,0.9580838323353292,3,0.937125748502994,0.9451097804391217,all_three_periods
1114062500,다산동,중구,0.937125748502994,0.934131736526946,0.9640718562874252,3,0.934131736526946,0.9451097804391217,all_three_periods
1121573000,군자동,광진구,0.9760479041916168,0.9311377245508982,0.9550898203592816,3,0.9311377245508982,0.9540918163672655,all_three_periods
1121584700,자양4동,광진구,0.9491017964071856,0.9251497005988024,0.9311377245508982,3,0.9251497005988024,0.935129740518962,all_three_periods
1121575000,중곡2동,광진구,0.9520958083832336,0.9191616766467066,0.9311377245508982,3,0.9191616766467066,0.934131736526946,all_three_periods
1135061100,하계1동,노원구,0.940119760479042,0.9191616766467066,0.9221556886227544,3,0.9191616766467066,0.9271457085828344,all_three_periods
1114055000,명동,중구,0.9131736526946108,0.9161676646706588,0.9281437125748504,3,0.9131736526946108,0.9191616766467066,all_three_periods
1111069000,창신3동,종로구,0.9311377245508982,0.9101796407185628,0.9550898203592816,3,0.9101796407185628,0.9321357285429142,all_three_periods
1121583000,자양2동,광진구,0.9161676646706588,0.9041916167664672,0.9161676646706588,3,0.9041916167664672,0.9121756487025948,all_three_periods
1114065000,신당5동,중구,0.9191616766467066,0.8982035928143712,0.9221556886227544,3,0.8982035928143712,0.9131736526946108,all_three_periods
1129061000,보문동,성북구,0.907185628742515,0.8982035928143712,0.9281437125748504,3,0.8982035928143712,0.9111776447105789,all_three_periods
1129078000,장위3동,성북구,0.9011976047904192,0.8952095808383234,0.8952095808383234,3,0.8952095808383234,0.8972055888223552,all_three_periods
1135060000,공릉2동,노원구,0.9580838323353292,0.8922155688622755,0.940119760479042,3,0.8922155688622755,0.9301397205588823,all_three_periods
1121584000,자양3동,광진구,0.907185628742515,0.8922155688622755,0.907185628742515,3,0.8922155688622755,0.9021956087824351,all_three_periods
1120052000,왕십리2동,성동구,0.8892215568862275,0.8982035928143712,0.934131736526946,3,0.8892215568862275,0.907185628742515,all_three_periods
1135061200,하계2동,노원구,0.9011976047904192,0.8892215568862275,0.8982035928143712,3,0.8892215568862275,0.8962075848303392,all_three_periods
1121586000,구의2동,광진구,0.9311377245508982,0.8802395209580839,0.9101796407185628,3,0.8802395209580839,0.907185628742515,all_three_periods
1121574000,중곡1동,광진구,0.8952095808383234,0.8802395209580839,0.907185628742515,3,0.8802395209580839,0.8942115768463075,all_three_periods
1129060000,안암동,성북구,0.8952095808383234,0.874251497005988,0.9011976047904192,3,0.874251497005988,0.8902195608782435,all_three_periods
1135062500,중계2·3동,노원구,0.8952095808383234,0.874251497005988,0.8892215568862275,3,0.874251497005988,0.8862275449101796,all_three_periods
1114052000,소공동,중구,0.8802395209580839,0.8712574850299402,0.907185628742515,3,0.8712574850299402,0.8862275449101796,all_three_periods
1117068500,한남동,용산구,0.9011976047904192,0.8622754491017964,0.9011976047904192,3,0.8622754491017964,0.8882235528942116,all_three_periods
1114057000,필동,중구,0.8982035928143712,0.8562874251497006,0.907185628742515,3,0.8562874251497006,0.8872255489021956,all_three_periods
1129072500,월곡2동,성북구,0.8862275449101796,0.8562874251497006,0.8892215568862275,3,0.8562874251497006,0.8772455089820359,all_three_periods
1121577000,중곡4동,광진구,0.9101796407185628,0.8532934131736527,0.8892215568862275,3,0.8532934131736527,0.8842315369261476,all_three_periods
1111064000,이화동,종로구,0.8682634730538922,0.8473053892215568,0.8892215568862275,3,0.8473053892215568,0.8682634730538922,all_three_periods
1121587000,구의3동,광진구,0.8682634730538922,0.8413173652694611,0.8772455089820359,3,0.8413173652694611,0.8622754491017964,all_three_periods
1135057000,월계2동,노원구,0.8413173652694611,0.844311377245509,0.8562874251497006,3,0.8413173652694611,0.8473053892215568,all_three_periods
1135058000,월계3동,노원구,0.8473053892215568,0.8383233532934131,0.8622754491017964,3,0.8383233532934131,0.8493013972055888,all_three_periods
1121581000,광장동,광진구,0.8652694610778443,0.8323353293413174,0.8652694610778443,3,0.8323353293413174,0.8542914171656687,all_three_periods
1120062000,금호4가동,성동구,0.8922155688622755,0.8233532934131736,0.8682634730538922,3,0.8233532934131736,0.8612774451097804,all_three_periods
1114058000,장충동,중구,0.8922155688622755,0.8233532934131736,0.8652694610778443,3,0.8233532934131736,0.8602794411177644,all_three_periods
1117065000,이태원1동,용산구,0.8413173652694611,0.8233532934131736,0.8323353293413174,3,0.8233532934131736,0.8323353293413174,all_three_periods
1121585000,구의1동,광진구,0.8263473053892215,0.8203592814371258,0.8473053892215568,3,0.8203592814371258,0.8313373253493014,all_three_periods
1126068000,신내1동,중랑구,0.8952095808383234,0.8053892215568862,0.8502994011976048,3,0.8053892215568862,0.8502994011976049,all_three_periods
1126069000,신내2동,중랑구,0.8053892215568862,0.7934131736526946,0.8233532934131736,3,0.7934131736526946,0.8073852295409182,all_three_periods
1120065000,성수1가1동,성동구,0.811377245508982,0.7874251497005988,0.8263473053892215,3,0.7874251497005988,0.8083832335329341,all_three_periods
1126065500,망우본동,중랑구,0.8413173652694611,0.8083832335329342,0.781437125748503,3,0.781437125748503,0.8103792415169662,all_three_periods
1114054000,회현동,중구,0.8173652694610778,0.7754491017964071,0.8083832335329342,3,0.7754491017964071,0.8003992015968064,all_three_periods
1129070500,종암동,성북구,0.7844311377245509,0.7784431137724551,0.7724550898203593,3,0.7724550898203593,0.7784431137724551,all_three_periods
1129055500,삼선동,성북구,0.8233532934131736,0.7694610778443114,0.8203592814371258,3,0.7694610778443114,0.8043912175648703,all_three_periods
1135069500,상계6·7동,노원구,0.8323353293413174,0.7664670658682635,0.8023952095808383,3,0.7664670658682635,0.8003992015968064,all_three_periods
1111065000,혜화동,종로구,0.8053892215568862,0.7604790419161677,0.8053892215568862,3,0.7604790419161677,0.7904191616766467,all_three_periods
1120064500,옥수동,성동구,0.844311377245509,0.7544910179640718,0.8203592814371258,3,0.7544910179640718,0.8063872255489022,all_three_periods
1168058000,삼성1동,강남구,0.7724550898203593,0.7395209580838323,0.781437125748503,3,0.7395209580838323,0.7644710578842315,all_three_periods
1129052500,성북동,성북구,0.7724550898203593,0.7365269461077845,0.7634730538922155,3,0.7365269461077845,0.7574850299401197,all_three_periods
1117052000,용산2가동,용산구,0.7964071856287425,0.7335329341317365,0.7844311377245509,3,0.7335329341317365,0.7714570858283433,all_three_periods
1111054000,삼청동,종로구,0.7904191616766467,0.7305389221556886,0.7784431137724551,3,0.7305389221556886,0.7664670658682634,all_three_periods
1174061000,천호2동,강동구,0.7514970059880239,0.7245508982035929,0.7574850299401198,3,0.7245508982035929,0.7445109780439122,all_three_periods
1120072000,송정동,성동구,0.7245508982035929,0.7425149700598802,0.7634730538922155,3,0.7245508982035929,0.7435129740518961,all_three_periods
1129057500,동선동,성북구,0.7604790419161677,0.7155688622754491,0.7514970059880239,3,0.7155688622754491,0.7425149700598803,all_three_periods
1141056500,충현동,서대문구,0.781437125748503,0.7125748502994012,0.7604790419161677,3,0.7125748502994012,0.7514970059880239,all_three_periods
1171069000,잠실4동,송파구,0.7395209580838323,0.7065868263473054,0.7574850299401198,3,0.7065868263473054,0.7345309381237525,all_three_periods
1111060000,가회동,종로구,0.7574850299401198,0.6976047904191617,0.7275449101796407,3,0.6976047904191617,0.7275449101796406,all_three_periods
1111053000,사직동,종로구,0.7574850299401198,0.6916167664670658,0.7365269461077845,3,0.6916167664670658,0.7285429141716567,all_three_periods
1135064000,상계2동,노원구,0.7335329341317365,0.6916167664670658,0.7065868263473054,3,0.6916167664670658,0.7105788423153693,all_three_periods
1117053000,남영동,용산구,0.7514970059880239,0.6856287425149701,0.7335329341317365,3,0.6856287425149701,0.7235528942115769,all_three_periods
1129071500,월곡1동,성북구,0.6976047904191617,0.6856287425149701,0.6946107784431138,3,0.6856287425149701,0.6926147704590818,all_three_periods
1132051500,창5동,도봉구,0.7035928143712575,0.6796407185628742,0.7275449101796407,3,0.6796407185628742,0.7035928143712574,all_three_periods
1174065000,성내2동,강동구,0.6946107784431138,0.6736526946107785,0.7035928143712575,3,0.6736526946107785,0.6906187624750499,all_three_periods
1132051100,창1동,도봉구,0.6976047904191617,0.6706586826347305,0.7125748502994012,3,0.6706586826347305,0.6936127744510978,all_three_periods
1132051400,창4동,도봉구,0.6946107784431138,0.6706586826347305,0.7005988023952096,3,0.6706586826347305,0.6886227544910181,all_three_periods
1111068000,창신2동,종로구,0.7005988023952096,0.6586826347305389,0.688622754491018,3,0.6586826347305389,0.6826347305389221,all_three_periods
1111058000,교남동,종로구,0.7245508982035929,0.6526946107784432,0.7035928143712575,3,0.6526946107784432,0.6936127744510978,all_three_periods
1129066000,길음1동,성북구,0.6946107784431138,0.6526946107784432,0.6916167664670658,3,0.6526946107784432,0.6796407185628742,all_three_periods
1171071000,잠실6동,송파구,0.6317365269461078,0.6317365269461078,0.6586826347305389,3,0.6317365269461078,0.6407185628742514,all_three_periods
1129068500,길음2동,성북구,0.6796407185628742,0.6287425149700598,0.6586826347305389,3,0.6287425149700598,0.655688622754491,all_three_periods
1141052000,천연동,서대문구,0.7215568862275449,0.6227544910179641,0.688622754491018,3,0.6227544910179641,0.6776447105788422,all_three_periods
1135070000,상계8동,노원구,0.7245508982035929,0.6227544910179641,0.6736526946107785,3,0.6227544910179641,0.6736526946107785,all_three_periods
1171051000,풍납1동,송파구,0.6407185628742516,0.6197604790419161,0.655688622754491,3,0.6197604790419161,0.6387225548902196,all_three_periods
1121582000,자양1동,광진구,0.6197604790419161,0.6197604790419161,0.6526946107784432,3,0.6197604790419161,0.6307385229540917,all_three_periods
1132069000,방학1동,도봉구,0.6377245508982036,0.6197604790419161,0.6347305389221557,3,0.6197604790419161,0.6307385229540917,all_three_periods
1111051500,청운효자동,종로구,0.7065868263473054,0.6167664670658682,0.6706586826347305,3,0.6167664670658682,0.6646706586826348,all_three_periods
1168053100,논현2동,강남구,0.6646706586826348,0.6107784431137725,0.6706586826347305,3,0.6107784431137725,0.6487025948103793,all_three_periods
1132052200,도봉2동,도봉구,0.6377245508982036,0.6107784431137725,0.6377245508982036,3,0.6107784431137725,0.6287425149700598,all_three_periods
1114068000,중림동,중구,0.6916167664670658,0.6077844311377245,0.6526946107784432,3,0.6077844311377245,0.6506986027944112,all_three_periods
1129076000,장위1동,성북구,0.6287425149700598,0.6077844311377245,0.6077844311377245,3,0.6077844311377245,0.6147704590818363,all_three_periods
1130554500,송중동,강북구,0.6646706586826348,0.6047904191616766,0.6526946107784432,3,0.6047904191616766,0.6407185628742514,all_three_periods
1168056500,청담동,강남구,0.6497005988023952,0.6017964071856288,0.6676646706586826,3,0.6017964071856288,0.6397205588822356,all_three_periods
1126066000,망우3동,중랑구,0.7065868263473054,0.6317365269461078,0.5898203592814372,3,0.5898203592814372,0.6427145708582834,all_three_periods
1120058000,응봉동,성동구,0.6047904191616766,0.5868263473053892,0.6227544910179641,3,0.5868263473053892,0.6047904191616766,all_three_periods
1168054500,압구정동,강남구,0.7574850299401198,0.5808383233532934,0.6976047904191617,3,0.5808383233532934,0.6786427145708583,all_three_periods
1117062500,한강로동,용산구,0.6976047904191617,0.5808383233532934,0.6646706586826348,3,0.5808383233532934,0.6477045908183633,all_three_periods
1174062000,천호3동,강동구,0.6107784431137725,0.5808383233532934,0.625748502994012,3,0.5808383233532934,0.6057884231536926,all_three_periods
1132068000,쌍문3동,도봉구,0.6197604790419161,0.5778443113772455,0.6227544910179641,3,0.5778443113772455,0.6067864271457085,all_three_periods
1130553500,미아동,강북구,0.6347305389221557,0.5688622754491018,0.6017964071856288,3,0.5688622754491018,0.6017964071856288,all_three_periods
1174068500,길동,강동구,0.5778443113772455,0.5598802395209581,0.6017964071856288,3,0.5598802395209581,0.5798403193612774,all_three_periods
1129058000,돈암1동,성북구,0.6077844311377245,0.5538922155688623,0.592814371257485,3,0.5538922155688623,0.5848303393213573,all_three_periods
1130559500,번1동,강북구,0.6347305389221557,0.5479041916167665,0.5988023952095808,3,0.5479041916167665,0.593812375249501,all_three_periods
1174069000,둔촌1동,강동구,0.5538922155688623,0.5419161676646707,0.5748502994011976,3,0.5419161676646707,0.5568862275449101,all_three_periods
1144055500,아현동,마포구,0.5988023952095808,0.5359281437125748,0.5868263473053892,3,0.5359281437125748,0.5738522954091816,all_three_periods
1117056000,원효로1동,용산구,0.5898203592814372,0.5359281437125748,0.5748502994011976,3,0.5359281437125748,0.5668662674650699,all_three_periods
1135067000,상계5동,노원구,0.6167664670658682,0.5329341317365269,0.6017964071856288,3,0.5329341317365269,0.5838323353293413,all_three_periods
1130563500,수유3동,강북구,0.6137724550898204,0.5329341317365269,0.5598802395209581,3,0.5329341317365269,0.5688622754491018,all_three_periods
1168052100,논현1동,강남구,0.6676646706586826,0.5299401197604791,0.6077844311377245,3,0.5299401197604791,0.6017964071856288,all_three_periods
1135071000,상계9동,노원구,0.6197604790419161,0.5149700598802395,0.5419161676646707,3,0.5149700598802395,0.5588822355289421,all_three_periods
1171068000,잠실3동,송파구,0.5239520958083832,0.5059880239520959,0.5568862275449101,3,0.5059880239520959,0.5289421157684631,all_three_periods
1168059000,삼성2동,강남구,0.5419161676646707,0.5059880239520959,0.5299401197604791,3,0.5059880239520959,0.5259481037924152,all_three_periods
1117059000,용문동,용산구,0.5718562874251497,0.4940119760479042,0.5449101796407185,2,0.4940119760479042,0.5369261477045908,two_periods
1132052100,도봉1동,도봉구,0.5419161676646707,0.4790419161676646,0.5179640718562875,2,0.4790419161676646,0.5129740518962076,two_periods
1165054000,잠원동,서초구,0.6077844311377245,0.4730538922155688,0.5508982035928144,2,0.4730538922155688,0.5439121756487025,two_periods
1141062000,홍제1동,서대문구,0.592814371257485,0.4730538922155688,0.5359281437125748,2,0.4730538922155688,0.5339321357285428,two_periods
1144056500,공덕동,마포구,0.5329341317365269,0.4700598802395209,0.5029940119760479,2,0.4700598802395209,0.5019960079840319,two_periods
1135063000,상계1동,노원구,0.5688622754491018,0.4640718562874251,0.5029940119760479,2,0.4640718562874251,0.5119760479041916,two_periods
1168051000,신사동,강남구,0.6197604790419161,0.4610778443113772,0.5508982035928144,2,0.4610778443113772,0.5439121756487025,two_periods
1117058000,효창동,용산구,0.5329341317365269,0.4610778443113772,0.5089820359281437,2,0.4610778443113772,0.500998003992016,two_periods
1174066000,성내3동,강동구,0.5029940119760479,0.4610778443113772,0.5059880239520959,2,0.4610778443113772,0.4900199600798403,two_periods
1174064000,성내1동,강동구,0.5149700598802395,0.4491017964071856,0.5239520958083832,2,0.4491017964071856,0.4960079840319361,two_periods
1117055500,청파동,용산구,0.5449101796407185,0.4461077844311377,0.5059880239520959,2,0.4461077844311377,0.49900199600798406,two_periods
1174058000,암사2동,강동구,0.5089820359281437,0.4281437125748503,0.5059880239520959,2,0.4281437125748503,0.48103792415169666,two_periods
1171065000,잠실본동,송파구,0.4790419161676646,0.4760479041916167,0.5269461077844312,1,0.4760479041916167,0.4940119760479041,one_period
1174053000,명일1동,강동구,0.497005988023952,0.4580838323353293,0.5,1,0.4580838323353293,0.4850299401197604,one_period
1130555500,송천동,강북구,0.5239520958083832,0.437125748502994,0.4790419161676646,1,0.437125748502994,0.4800399201596806,one_period
1135072000,상계10동,노원구,0.5359281437125748,0.4281437125748503,0.467065868263473,1,0.4281437125748503,0.4770459081836327,one_period
1165058100,반포4동,서초구,0.5508982035928144,0.4221556886227545,0.4730538922155688,1,0.4221556886227545,0.4820359281437126,one_period
1141055500,북아현동,서대문구,0.5209580838323353,0.4221556886227545,0.4880239520958084,1,0.4221556886227545,0.4770459081836327,one_period
1144060000,대흥동,마포구,0.5119760479041916,0.4191616766467065,0.4940119760479042,1,0.4191616766467065,0.47504990019960075,one_period
1129059000,돈암2동,성북구,0.5089820359281437,0.4161676646706587,0.4610778443113772,1,0.4161676646706587,0.46207584830339316,one_period
1111057000,무악동,종로구,0.5089820359281437,0.3952095808383233,0.4610778443113772,1,0.3952095808383233,0.4550898203592814,one_period
1120067000,성수2가1동,성동구,0.3772455089820359,0.4790419161676646,0.5209580838323353,1,0.3772455089820359,0.4590818363273453,one_period
1174060000,천호1동,강동구,0.4820359281437126,0.4431137724550898,0.4790419161676646,0,0.4431137724550898,0.468063872255489,below_threshold
1130560800,번3동,강북구,0.4580838323353293,0.4221556886227545,0.4161676646706587,0,0.4161676646706587,0.43213572854291415,below_threshold
1171056600,오륜동,송파구,0.4281437125748503,0.4131736526946107,0.4341317365269461,0,0.4131736526946107,0.42514970059880236,below_threshold
1135062400,중계4동,노원구,0.497005988023952,0.4011976047904191,0.4610778443113772,0,0.4011976047904191,0.4530938123752494,below_threshold
1135066500,상계3·4동,노원구,0.4850299401197604,0.3862275449101796,0.4520958083832335,0,0.3862275449101796,0.44111776447105777,below_threshold
1174057000,암사1동,강동구,0.4700598802395209,0.3832335329341317,0.4401197604790419,0,0.3832335329341317,0.4311377245508982,below_threshold
1174070000,둔촌2동,강동구,0.3802395209580838,0.3832335329341317,0.4041916167664671,0,0.3802395209580838,0.38922155688622756,below_threshold
1171067000,잠실2동,송파구,0.4071856287425149,0.374251497005988,0.4281437125748503,0,0.374251497005988,0.4031936127744511,below_threshold
1132051200,창2동,도봉구,0.4580838323353293,0.3712574850299401,0.4251497005988024,0,0.3712574850299401,0.4181636726546906,below_threshold
1171056200,방이2동,송파구,0.3862275449101796,0.3592814371257485,0.4101796407185629,0,0.3592814371257485,0.38522954091816364,below_threshold
1144061000,염리동,마포구,0.4281437125748503,0.3562874251497006,0.3982035928143712,0,0.3562874251497006,0.3942115768463073,below_threshold
1141064000,홍제3동,서대문구,0.4760479041916167,0.3502994011976048,0.4191616766467065,0,0.3502994011976048,0.41516966067864264,below_threshold
1141058500,신촌동,서대문구,0.4550898203592814,0.3502994011976048,0.4041916167664671,0,0.3502994011976048,0.4031936127744511,below_threshold
1171072000,잠실7동,송파구,0.3682634730538922,0.3473053892215569,0.3802395209580838,0,0.3473053892215569,0.36526946107784425,below_threshold
1144058500,도화동,마포구,0.4401197604790419,0.3413173652694611,0.3892215568862275,0,0.3413173652694611,0.3902195608782435,below_threshold
1117070000,보광동,용산구,0.4461077844311377,0.3383233532934132,0.4131736526946107,0,0.3383233532934132,0.39920159680638717,below_threshold
1165056000,반포1동,서초구,0.4251497005988024,0.3383233532934132,0.3892215568862275,0,0.3383233532934132,0.38423153692614775,below_threshold
1144059000,용강동,마포구,0.4131736526946107,0.3353293413173652,0.3772455089820359,0,0.3353293413173652,0.3752495009980039,below_threshold
1171056100,방이1동,송파구,0.3293413173652694,0.3323353293413174,0.3473053892215569,0,0.3293413173652694,0.3363273453093812,below_threshold
1174059000,암사3동,강동구,0.3473053892215569,0.3203592814371258,0.3652694610778443,0,0.3203592814371258,0.34431137724550903,below_threshold
1129062000,정릉1동,성북구,0.3802395209580838,0.3143712574850299,0.3413173652694611,0,0.3143712574850299,0.34530938123752497,below_threshold
1171057000,오금동,송파구,0.3053892215568862,0.311377245508982,0.3173652694610778,0,0.3053892215568862,0.311377245508982,below_threshold
1174054000,명일2동,강동구,0.2934131736526946,0.2994011976047904,0.3053892215568862,0,0.2934131736526946,0.2994011976047904,below_threshold
1171052000,풍납2동,송파구,0.311377245508982,0.2904191616766467,0.3263473053892216,0,0.2904191616766467,0.3093812375249501,below_threshold
1171062000,가락본동,송파구,0.2844311377245509,0.2844311377245509,0.2964071856287425,0,0.2844311377245509,0.2884231536926148,below_threshold
1144066000,서교동,마포구,0.344311377245509,0.2694610778443114,0.3143712574850299,0,0.2694610778443114,0.3093812375249501,below_threshold
1117051000,후암동,용산구,0.3892215568862275,0.2634730538922156,0.3353293413173652,0,0.2634730538922156,0.32934131736526945,below_threshold
1171060000,석촌동,송파구,0.2694610778443114,0.2604790419161676,0.2754491017964072,0,0.2604790419161676,0.26846307385229534,below_threshold
1117066000,이태원2동,용산구,0.3952095808383233,0.2514970059880239,0.3383233532934132,0,0.2514970059880239,0.32834331337325345,below_threshold
1159051000,노량진1동,동작구,0.3203592814371258,0.248502994011976,0.3083832335329341,0,0.248502994011976,0.29241516966067865,below_threshold
1174055000,고덕1동,강동구,0.248502994011976,0.278443113772455,0.2724550898203592,0,0.248502994011976,0.26646706586826346,below_threshold
1117063000,이촌1동,용산구,0.3323353293413174,0.2335329341317365,0.2964071856287425,0,0.2335329341317365,0.2874251497005988,below_threshold
1144065500,서강동,마포구,0.3323353293413174,0.2275449101796407,0.2904191616766467,0,0.2275449101796407,0.2834331337325349,below_threshold
1138051000,녹번동,은평구,0.3652694610778443,0.2215568862275449,0.3083832335329341,0,0.2215568862275449,0.29840319361277445,below_threshold
1174056000,고덕2동,강동구,0.2215568862275449,0.2245508982035928,0.2335329341317365,0,0.2215568862275449,0.22654690618762474,below_threshold
1171063200,가락2동,송파구,0.218562874251497,0.218562874251497,0.2275449101796407,0,0.218562874251497,0.2215568862275449,below_threshold
1141065500,홍제2동,서대문구,0.3502994011976048,0.2125748502994012,0.2844311377245509,0,0.2125748502994012,0.282435129740519,below_threshold
1165053000,서초3동,서초구,0.3383233532934132,0.2125748502994012,0.2844311377245509,0,0.2125748502994012,0.27844311377245506,below_threshold
1171058000,송파1동,송파구,0.2395209580838323,0.2125748502994012,0.2245508982035928,0,0.2125748502994012,0.22554890219560875,below_threshold
1171063100,가락1동,송파구,0.2305389221556886,0.2065868263473053,0.2335329341317365,0,0.2065868263473053,0.22355289421157679,below_threshold
1168061000,대치2동,강남구,0.2005988023952095,0.2005988023952095,0.2065868263473053,0,0.2005988023952095,0.20259481037924143,below_threshold
1165058000,반포3동,서초구,0.3473053892215569,0.1976047904191616,0.2874251497005988,0,0.1976047904191616,0.2774451097804391,below_threshold
1130560300,번2동,강북구,0.248502994011976,0.1976047904191616,0.2035928143712574,0,0.1976047904191616,0.21656686626746502,below_threshold
1168064000,역삼1동,강남구,0.2245508982035928,0.1976047904191616,0.2155688622754491,0,0.1976047904191616,0.21257485029940118,below_threshold
1156054000,여의동,영등포구,0.2844311377245509,0.1916167664670658,0.2544910179640718,0,0.1916167664670658,0.24351297405189617,below_threshold
1159063000,사당2동,동작구,0.2664670658682634,0.18562874251497,0.2514970059880239,0,0.18562874251497,0.23453093812375245,below_threshold
1129063000,정릉2동,성북구,0.2634730538922156,0.1916167664670658,0.1796407185628742,0,0.1796407185628742,0.21157684630738519,below_threshold
1171053100,거여1동,송파구,0.1706586826347305,0.1766467065868263,0.1796407185628742,0,0.1706586826347305,0.17564870259481033,below_threshold
1165060000,방배1동,서초구,0.2275449101796407,0.1676646706586826,0.1976047904191616,0,0.1676646706586826,0.19760479041916165,below_threshold
1174052500,상일제1동,강동구,0.1646706586826347,0.1706586826347305,0.1736526946107784,0,0.1646706586826347,0.16966067864271453,below_threshold
1174052600,상일제2동,강동구,0.1646706586826347,0.1646706586826347,0.1676646706586826,0,0.1646706586826347,0.16566866267465066,below_threshold
1144068000,합정동,마포구,0.2095808383233532,0.1616766467065868,0.2035928143712574,0,0.1616766467065868,0.1916167664670658,below_threshold
1165062100,방배4동,서초구,0.1976047904191616,0.155688622754491,0.1766467065868263,0,0.155688622754491,0.17664670658682632,below_threshold
1159066000,대방동,동작구,0.2005988023952095,0.1497005988023952,0.1766467065868263,0,0.1497005988023952,0.17564870259481036,below_threshold
1165051000,서초1동,서초구,0.2425149700598802,0.1467065868263473,0.2035928143712574,0,0.1467065868263473,0.19760479041916165,below_threshold
1132067000,쌍문2동,도봉구,0.2604790419161676,0.1437125748502994,0.2455089820359281,0,0.1437125748502994,0.21656686626746502,below_threshold
1130566000,인수동,강북구,0.2245508982035928,0.1437125748502994,0.1796407185628742,0,0.1437125748502994,0.18263473053892212,below_threshold
1168063000,대치4동,강남구,0.1586826347305389,0.1407185628742515,0.1497005988023952,0,0.1407185628742515,0.1497005988023952,below_threshold
1138057000,대조동,은평구,0.2395209580838323,0.1317365269461078,0.2035928143712574,0,0.1317365269461078,0.19161676646706582,below_threshold
1135062100,중계1동,노원구,0.1706586826347305,0.1377245508982036,0.1317365269461078,0,0.1317365269461078,0.1467065868263473,below_threshold
1144063000,신수동,마포구,0.2305389221556886,0.1287425149700598,0.1826347305389221,0,0.1287425149700598,0.1806387225548902,below_threshold
1130553400,삼양동,강북구,0.1616766467065868,0.1257485029940119,0.1257485029940119,0,0.1257485029940119,0.13772455089820354,below_threshold
1165053100,서초4동,서초구,0.1886227544910179,0.122754491017964,0.1616766467065868,0,0.122754491017964,0.1576846307385229,below_threshold
1171064200,문정2동,송파구,0.1766467065868263,0.122754491017964,0.1497005988023952,0,0.122754491017964,0.14970059880239517,below_threshold
1132051300,창3동,도봉구,0.1706586826347305,0.1826347305389221,0.1197604790419161,0,0.1197604790419161,0.1576846307385229,below_threshold
1138058000,응암1동,은평구,0.2125748502994012,0.1167664670658682,0.1826347305389221,0,0.1167664670658682,0.1706586826347305,below_threshold
1159052000,노량진2동,동작구,0.1706586826347305,0.1137724550898203,0.155688622754491,0,0.1137724550898203,0.14670658682634727,below_threshold
1165052000,서초2동,서초구,0.1497005988023952,0.1137724550898203,0.1347305389221557,0,0.1137724550898203,0.13273453093812373,below_threshold
1156051500,영등포본동,영등포구,0.1497005988023952,0.1107784431137724,0.1377245508982036,0,0.1107784431137724,0.13273453093812373,below_threshold
1168065000,역삼2동,강남구,0.1467065868263473,0.1107784431137724,0.1317365269461078,0,0.1107784431137724,0.12974051896207583,below_threshold
1171054000,마천1동,송파구,0.1287425149700598,0.1107784431137724,0.1167664670658682,0,0.1107784431137724,0.11876247504990013,below_threshold
1171061000,삼전동,송파구,0.1377245508982036,0.1077844311377245,0.1317365269461078,0,0.1077844311377245,0.12574850299401197,below_threshold
1171053200,거여2동,송파구,0.122754491017964,0.1077844311377245,0.1107784431137724,0,0.1077844311377245,0.1137724550898203,below_threshold
1141066000,홍은1동,서대문구,0.1976047904191616,0.1017964071856287,0.1676646706586826,0,0.1017964071856287,0.15568862275449094,below_threshold
1117069000,서빙고동,용산구,0.1766467065868263,0.0988023952095808,0.1347305389221557,0,0.0988023952095808,0.1367265469061876,below_threshold
1138052000,불광1동,은평구,0.1886227544910179,0.0958083832335329,0.1497005988023952,0,0.0958083832335329,0.14471057884231533,below_threshold
1174051500,강일동,강동구,0.1047904191616766,0.092814371257485,0.0988023952095808,0,0.092814371257485,0.0988023952095808,below_threshold
1156053500,영등포동,영등포구,0.122754491017964,0.0898203592814371,0.1047904191616766,0,0.0898203592814371,0.10578842315369257,below_threshold
1165057000,반포2동,서초구,0.1826347305389221,0.0838323353293413,0.1377245508982036,0,0.0838323353293413,0.13473053892215567,below_threshold
1130561500,수유1동,강북구,0.155688622754491,0.0838323353293413,0.1167664670658682,0,0.0838323353293413,0.11876247504990016,below_threshold
1132068100,쌍문4동,도봉구,0.1916167664670658,0.0808383233532934,0.1916167664670658,0,0.0808383233532934,0.154690618762475,below_threshold
1132070000,방학2동,도봉구,0.0898203592814371,0.0808383233532934,0.1077844311377245,0,0.0808383233532934,0.092814371257485,below_threshold
1138055100,갈현1동,은평구,0.155688622754491,0.0748502994011976,0.1107784431137724,0,0.0748502994011976,0.11377245508982033,below_threshold
1156069000,신길7동,영등포구,0.092814371257485,0.0748502994011976,0.0898203592814371,0,0.0748502994011976,0.08582834331337323,below_threshold
1159065000,사당4동,동작구,0.1107784431137724,0.0718562874251497,0.0838323353293413,0,0.0718562874251497,0.08882235528942113,below_threshold
1171064600,장지동,송파구,0.0988023952095808,0.0718562874251497,0.092814371257485,0,0.0718562874251497,0.08782435129740516,below_threshold
1171059000,송파2동,송파구,0.0718562874251497,0.0658682634730539,0.0688622754491018,0,0.0658682634730539,0.0688622754491018,below_threshold
1144069000,망원1동,마포구,0.1107784431137724,0.0628742514970059,0.0748502994011976,0,0.0628742514970059,0.0828343313373253,below_threshold
1129064000,정릉3동,성북구,0.0628742514970059,0.0808383233532934,0.0838323353293413,0,0.0628742514970059,0.07584830339321354,below_threshold
1168075000,수서동,강남구,0.0898203592814371,0.0628742514970059,0.0748502994011976,0,0.0628742514970059,0.07584830339321352,below_threshold
1159062000,사당1동,동작구,0.1047904191616766,0.059880239520958,0.0958083832335329,0,0.059880239520958,0.08682634730538917,below_threshold
1156056000,당산2동,영등포구,0.0868263473053892,0.059880239520958,0.0838323353293413,0,0.059880239520958,0.0768463073852295,below_threshold
1171064100,문정1동,송파구,0.0658682634730539,0.0568862275449101,0.059880239520958,0,0.0568862275449101,0.060878243512973995,below_threshold
1171064700,위례동,송파구,0.0628742514970059,0.059880239520958,0.0568862275449101,0,0.0568862275449101,0.059880239520958,below_threshold
1130562500,수유2동,강북구,0.1347305389221557,0.0538922155688622,0.1107784431137724,0,0.0538922155688622,0.09980039920159677,below_threshold
1129065000,정릉4동,성북구,0.1047904191616766,0.0748502994011976,0.0538922155688622,0,0.0538922155688622,0.07784431137724547,below_threshold
1159064000,사당3동,동작구,0.0808383233532934,0.0538922155688622,0.0718562874251497,0,0.0538922155688622,0.06886227544910177,below_threshold
1130557500,삼각산동,강북구,0.1017964071856287,0.0718562874251497,0.0479041916167664,0,0.0479041916167664,0.0738522954091816,below_threshold
1117057000,원효로2동,용산구,0.059880239520958,0.0479041916167664,0.0538922155688622,0,0.0479041916167664,0.0538922155688622,below_threshold
1165055000,반포본동,서초구,0.1047904191616766,0.0419161676646706,0.0838323353293413,0,0.0419161676646706,0.0768463073852295,below_threshold
1168072000,일원본동,강남구,0.059880239520958,0.0419161676646706,0.0568862275449101,0,0.0419161676646706,0.052894211576846234,below_threshold
1144073000,성산2동,마포구,0.059880239520958,0.0419161676646706,0.0538922155688622,0,0.0419161676646706,0.05189620758483027,below_threshold
1156063000,신길1동,영등포구,0.0568862275449101,0.0419161676646706,0.0538922155688622,0,0.0419161676646706,0.0508982035928143,below_threshold
1165061000,방배2동,서초구,0.0748502994011976,0.0389221556886227,0.0568862275449101,0,0.0389221556886227,0.05688622754491013,below_threshold
1159060500,흑석동,동작구,0.0568862275449101,0.0389221556886227,0.0508982035928143,0,0.0389221556886227,0.04890219560878237,below_threshold
1138053000,불광2동,은평구,0.0718562874251497,0.0359281437125748,0.0449101796407185,0,0.0359281437125748,0.05089820359281433,below_threshold
1138069000,진관동,은평구,0.0688622754491018,0.0359281437125748,0.0449101796407185,0,0.0359281437125748,0.04990019960079837,below_threshold
1138055200,갈현2동,은평구,0.0538922155688622,0.0329341317365269,0.0389221556886227,0,0.0329341317365269,0.0419161676646706,below_threshold
1168067500,개포3동,강남구,0.0538922155688622,0.0329341317365269,0.0389221556886227,0,0.0329341317365269,0.0419161676646706,below_threshold
1159065100,사당5동,동작구,0.0419161676646706,0.029940119760479,0.0389221556886227,0,0.029940119760479,0.03692614770459077,below_threshold
1159053000,상도1동,동작구,0.0389221556886227,0.029940119760479,0.0359281437125748,0,0.029940119760479,0.034930139720558834,below_threshold
1153051000,신도림동,구로구,0.0329341317365269,0.029940119760479,0.029940119760479,0,0.029940119760479,0.030938123752494967,below_threshold
1156055000,당산1동,영등포구,0.0508982035928143,0.0209580838323353,0.0329341317365269,0,0.0209580838323353,0.034930139720558834,below_threshold
1168073000,일원1동,강남구,0.0389221556886227,0.0209580838323353,0.029940119760479,0,0.0209580838323353,0.029940119760479,below_threshold
1132066000,쌍문1동,도봉구,0.0778443113772455,0.0179640718562874,0.0688622754491018,0,0.0179640718562874,0.05489021956087823,below_threshold
1132071000,방학3동,도봉구,0.0179640718562874,0.0149700598802395,0.0179640718562874,0,0.0149700598802395,0.016966067864271434,below_threshold
1165062000,방배3동,서초구,0.0359281437125748,0.0119760479041916,0.0179640718562874,0,0.0119760479041916,0.021956087824351267,below_threshold
1165065100,양재1동,서초구,0.059880239520958,0.0089820359281437,0.0329341317365269,0,0.0089820359281437,0.03393213572854287,below_threshold
1144070000,망원2동,마포구,0.0479041916167664,0.0089820359281437,0.0269461077844311,0,0.0089820359281437,0.027944111776447067,below_threshold
1144072000,성산1동,마포구,0.0449101796407185,0.0089820359281437,0.0209580838323353,0,0.0089820359281437,0.024950099800399167,below_threshold
1156060500,문래동,영등포구,0.0209580838323353,0.0089820359281437,0.0149700598802395,0,0.0089820359281437,0.0149700598802395,below_threshold
1171055000,마천2동,송파구,0.0209580838323353,0.0089820359281437,0.0089820359281437,0,0.0089820359281437,0.012974051896207567,below_threshold
1111055000,부암동,종로구,0.0359281437125748,0.0059880239520958,0.029940119760479,0,0.0059880239520958,0.0239520958083832,below_threshold
1141068500,홍은2동,서대문구,0.0359281437125748,0.0059880239520958,0.0119760479041916,0,0.0059880239520958,0.0179640718562874,below_threshold
1130564500,우이동,강북구,0.0179640718562874,0.0059880239520958,0.0179640718562874,0,0.0059880239520958,0.013972055888223534,below_threshold
1159054000,상도2동,동작구,0.0269461077844311,0.0059880239520958,0.0089820359281437,0,0.0059880239520958,0.013972055888223534,below_threshold
1168065600,도곡2동,강남구,0.0508982035928143,0.0029940119760479,0.0209580838323353,0,0.0029940119760479,0.024950099800399167,below_threshold
1135061900,중계본동,노원구,0.0329341317365269,0.0029940119760479,0.0209580838323353,0,0.0029940119760479,0.018962075848303367,below_threshold
1168060000,대치1동,강남구,0.0239520958083832,0.0029940119760479,0.0029940119760479,0,0.0029940119760479,0.009980039920159667,below_threshold
1168070000,세곡동,강남구,0.0209580838323353,0.0029940119760479,0.0059880239520958,0,0.0029940119760479,0.009980039920159667,below_threshold
1138062500,역촌동,은평구,0.029940119760479,0.0,0.0149700598802395,0,0.0,0.0149700598802395,below_threshold
1138056000,구산동,은평구,0.029940119760479,0.0,0.0059880239520958,0,0.0,0.0119760479041916,below_threshold
1156061000,양평1동,영등포구,0.0179640718562874,0.0,0.0059880239520958,0,0.0,0.007984031936127733,below_threshold
1162063000,남현동,관악구,0.0149700598802395,0.0,0.0059880239520958,0,0.0,0.006986027944111767,below_threshold
1138063100,신사1동,은평구,0.0149700598802395,0.0,0.0029940119760479,0,0.0,0.0059880239520958,below_threshold
1138064000,증산동,은평구,0.0119760479041916,0.0,0.0059880239520958,0,0.0,0.0059880239520958,below_threshold
1141061500,연희동,서대문구,0.0119760479041916,0.0,0.0,0,0.0,0.003992015968063867,below_threshold
1153056000,구로5동,구로구,0.0059880239520958,0.0,0.0059880239520958,0,0.0,0.003992015968063867,below_threshold
1165059000,방배본동,서초구,0.0029940119760479,0.0,0.0029940119760479,0,0.0,0.0019960079840319334,below_threshold
1111056000,평창동,종로구,0.0,0.0,0.0029940119760479,0,0.0,0.0009980039920159667,below_threshold
1162062500,인헌동,관악구,0.0029940119760479,0.0,0.0,0,0.0,0.0009980039920159667,below_threshold
