rank,area_code,area_name,cafe_full_score,coffee_supply_score,bakery_supply_score,coffee_full_score,bakery_full_score,cafe_subtype_best,evidence_sentence
1,3120007,북촌(안국역),96.45332059613332,98.52819807427784,97.17350746268656,96.44385688348976,96.47540259230163,C2_bakery,2025Q4 커피·음료 점포 80개와 제과점 21개; 두 업종 매출 공개. 체류·보행은 검증 전
2,3120002,서촌(경복궁역),94.3947932589813,98.17744154057772,96.68843283582088,95.70689660945258,91.3332187745483,C1_coffee,2025Q4 커피·음료 점포 77개와 제과점 21개; 두 업종 매출 공개. 체류·보행은 검증 전
3,3120064,경희대학교(경희대),91.93568291372902,97.40715268225586,95.59701492537314,92.43672073748968,90.76659465828752,C1_coffee,2025Q4 커피·음료 점포 31개와 제과점 9개; 두 업종 매출 공개. 체류·보행은 검증 전
4,3110008,배화여자대학교(박노수미술관),88.6087874895572,96.4786795048143,85.2705223880597,94.9830885694157,73.73541830322074,C1_coffee,2025Q4 커피·음료 점포 46개와 제과점 9개; 두 업종 매출 공개. 체류·보행은 검증 전
5,3120051,뚝섬역,86.5753946736662,89.96561210453919,93.00373134328358,89.20846697292905,80.43155930871956,C1_coffee,2025Q4 커피·음료 점포 60개와 제과점 22개; 두 업종 매출 공개. 체류·보행은 검증 전
6,3120008,인사동,85.99302875354672,90.7840440165062,71.29664179104478,89.67247711061046,77.40764925373134,C1_coffee,2025Q4 커피·음료 점포 73개와 제과점 13개; 두 업종 매출 공개. 체류·보행은 검증 전
7,3120005,삼청동,85.59390047516536,89.70426409903715,69.70149253731343,90.14474840633544,74.97525530243519,C1_coffee,2025Q4 커피·음료 점포 50개와 제과점 10개; 두 업종 매출 공개. 체류·보행은 검증 전
8,3120012,대학로(혜화역),85.21057050205093,94.12654745529574,81.99626865671641,89.29215996982475,75.686861743912,C1_coffee,2025Q4 커피·음료 점포 84개와 제과점 18개; 두 업종 매출 공개. 체류·보행은 검증 전
9,3111013,송파나루역 1번(송리단길),85.16758998553532,97.56533700137553,97.78917910447764,88.84908910513575,76.57742537313433,C1_coffee,2025Q4 커피·음료 점포 73개와 제과점 23개; 두 업종 매출 공개. 체류·보행은 검증 전
10,3110082,용산구청,85.09450319669949,91.47180192572216,87.91977611940298,90.1829439113438,73.22147486252945,C1_coffee,2025Q4 커피·음료 점포 17개와 제과점 5개; 두 업종 매출 공개. 체류·보행은 검증 전
11,3110566,경의선책거리,84.25964511836116,97.97111416781294,85.61567164179104,90.41460356376813,69.89807541241161,C1_coffee,2025Q4 커피·음료 점포 76개와 제과점 13개; 두 업종 매출 공개. 체류·보행은 검증 전
12,3120074,안암역,83.90081164138425,93.95804676753782,93.67070895522389,85.70915732744041,79.68133837391989,C1_coffee,2025Q4 커피·음료 점포 10개와 제과점 3개; 두 업종 매출 공개. 체류·보행은 검증 전
13,3120103,홍대입구역(홍대),83.27265575304878,94.88308115543327,68.75932835820896,88.64798790666717,70.73021406127258,C1_coffee,2025Q4 커피·음료 점포 224개와 제과점 30개; 두 업종 매출 공개. 체류·보행은 검증 전
14,3120020,시청역_1번,83.05369747776045,86.97386519944979,71.1054104477612,86.44715521735951,75.135629418696,C1_coffee,2025Q4 커피·음료 점포 14개와 제과점 3개; 두 업종 매출 공개. 체류·보행은 검증 전
15,3130179,"이화여대 3,5,7길 상점가",82.92545981333782,95.4401650618982,75.22388059701493,90.11770322340824,66.1435585231736,C1_coffee,2025Q4 커피·음료 점포 35개와 제과점 5개; 두 업종 매출 공개. 체류·보행은 검증 전
16,3110069,숙대입구,82.3205977348217,90.04126547455297,70.1492537313433,87.32205523109418,70.65053024351926,C1_coffee,2025Q4 커피·음료 점포 39개와 제과점 8개; 두 업종 매출 공개. 체류·보행은 검증 전
17,3110081,해방촌 남동측,82.03192699867589,96.9050894085282,97.50932835820896,84.97514231771339,75.16442458758837,C1_coffee,2025Q4 커피·음료 점포 35개와 제과점 11개; 두 업종 매출 공개. 체류·보행은 검증 전
18,3110131,성수동카페거리,81.5087544478406,90.91471801925724,90.9608208955224,84.38779391998776,74.79099567949724,C1_coffee,2025Q4 커피·음료 점포 40개와 제과점 13개; 두 업종 매출 공개. 체류·보행은 검증 전
19,3110572,서강대역 1번,80.91698375968096,88.44566712517194,75.28451492537314,84.69266743471425,72.1070551846033,C1_coffee,2025Q4 커피·음료 점포 29개와 제과점 7개; 두 업종 매출 공개. 체류·보행은 검증 전
20,3110214,경희대후문,80.90122770672949,89.79367262723521,72.1268656716418,85.73023551864735,69.63354281225452,C1_coffee,2025Q4 커피·음료 점포 15개와 제과점 3개; 두 업종 매출 공개. 체류·보행은 검증 전
