rank,area_code,area_name,area_type_name,minimum_period_ratio,area_km2,study_cafe_inside_count,study_room_store_count,study_cafe_percentile,study_room_percentile,cafe_supply_percentile,starbucks_percentile,study_public_percentile,access_percentile,study_stay_current_score,study_public_inside_count,study_public_nearby_only_count,total_stores_2025q4,coffee_stores,bakery_stores,study_room_stores,cafe_stores,recommendation_eligible,exclusion_reason,analysis_universe,recommendation_universe,disclosed_market_sales,coffee_sales_observed,coffee_sales_amount,coffee_lunch_sales,coffee_afternoon_sales,coffee_store_share,coffee_sales_share,coffee_time_share,coffee_supply_score,coffee_full_score,bakery_sales_observed,bakery_sales_amount,bakery_lunch_sales,bakery_afternoon_sales,bakery_store_share,bakery_sales_share,bakery_time_share,bakery_supply_score,bakery_full_score,full_score,supply_only_score,score_status,score_status_reason,full_rank_within_complete,supply_rank_within_supply_only,study_v1_score,study_v1_status,study_legacy_proxy_score,score_basis,density,industry_lq,residual_log_count,ranking_evidence_eligible,bakery_stores_audit,bakery_sales_source_row_observed,bar_stores,cafe_size_residual_percentile_exploratory,cafe_size_method_status,cafe_full_score,cafe_supply_only_score,cafe_residual_variant_score,study_final_score,study_final_status,walk_network_status,verified_c_stay_count,verified_s4_count,study_s3a_input_role,study_s3b_input_role,cafe_subtype_best,cafe_top3_status,score_version,cafe_percentile_on_complete_subset,study_legacy_percentile_on_complete_subset,combo_exploratory_score,ranking_status
1,3120012,대학로(혜화역),발달상권,0.8473053892215568,0.2566946381480262,14.0,7.0,97.9643765903308,84.60559796437659,95.41984732824427,96.0559796437659,12.259103209673553,53.88040712468194,73.83858908977186,1,2,985,84.0,18.0,7.0,102.0,True,,accessible_official_786,non_tourism_observed_subset_if_ranked,60009095769.0,True,7464812908.0,1852810855.0,2337666912.0,0.0852791878172588,0.1243946907104745,0.5613640714972357,94.12654745529574,89.29215996982475,True,615626302.0,144066672.0,142333566.0,0.0182741116751269,0.0102588831594763,0.4652176768106961,81.99626865671641,75.686861743912,85.21057050205093,90.48746381572194,complete,both_cafe_industries_sales_observed,8.0,,,incomplete_stay_evidence,73.83858908977186,2025q4_official_stores_sales__2026_09_poi_diagnostic_only,397.3592932672806,2.324734288921659,0.9351612737607492,True,18.0,True,63.0,91.74311926605505,residual_candidate_min10_cafe_min50_total,85.21057050205093,,86.0895293172841,,incomplete_stay_evidence_and_walk_network,not_computed_missing_graph_and_runtime,,,primary_unverified_candidate,validation_only_not_added,C1_coffee,only_C1_C2_scored_C_stay_unverified,cafe_draft_2025q4_observed_sales_study_unverified_2026poi,96.78899082568807,98.1651376146789,97.47706422018348,legacy_study_proxy_exploratory_not_final_v1
2,3130179,"이화여대 3,5,7길 상점가",전통시장,0.3892215568862275,0.0555963509411456,6.0,8.0,99.74554707379136,99.10941475826972,99.36386768447836,96.81933842239184,12.965779467680612,10.623409669211195,73.03208719124603,0,2,445,35.0,5.0,8.0,40.0,True,,accessible_official_786,non_tourism_observed_subset_if_ranked,12753104311.0,True,1937588795.0,614157160.0,534383446.0,0.0786516853932584,0.1519307572297328,0.5927679851183285,95.4401650618982,90.11770322340824,True,116221104.0,22536517.0,46290239.0,0.0112359550561797,0.0091131618753996,0.5922053192680049,75.22388059701493,66.1435585231736,82.92545981333782,89.37527972243322,complete,both_cafe_industries_sales_observed,15.0,,,incomplete_stay_evidence,73.03208719124603,2025q4_official_stores_sales__2026_09_poi_diagnostic_only,719.4716797572573,2.017945163769847,1.1485896252542922,True,5.0,True,5.0,96.94189602446484,residual_candidate_min10_cafe_min50_total,82.92545981333782,,88.22209122475996,,incomplete_stay_evidence_and_walk_network,not_computed_missing_graph_and_runtime,,,primary_unverified_candidate,validation_only_not_added,C1_coffee,only_C1_C2_scored_C_stay_unverified,cafe_draft_2025q4_observed_sales_study_unverified_2026poi,93.57798165137615,97.24770642201835,95.41284403669725,legacy_study_proxy_exploratory_not_final_v1
3,3120051,뚝섬역,발달상권,0.9790419161676648,0.2179968678909574,1.0,1.0,76.20865139949109,56.48854961832062,92.74809160305344,90.20356234096693,22.47867639502621,75.12722646310432,66.2769057624658,1,5,864,60.0,22.0,1.0,82.0,True,,accessible_official_786,non_tourism_observed_subset_if_ranked,30149459332.0,True,3488504569.0,1271645678.0,1117813742.0,0.0694444444444444,0.1157070357575989,0.6849523550100874,89.96561210453919,89.20846697292905,True,427783687.0,85348496.0,89819721.0,0.0254629629629629,0.014188768106563,0.4094784871962637,93.00373134328358,80.43155930871956,86.5753946736662,90.8770478761625,complete,both_cafe_industries_sales_observed,5.0,,,incomplete_stay_evidence,66.2769057624658,2025q4_official_stores_sales__2026_09_poi_diagnostic_only,376.15219334718427,2.1306371245938,0.8652457782749847,True,22.0,True,22.0,89.90825688073394,residual_candidate_min10_cafe_min50_total,86.5753946736662,,85.89724097686621,,incomplete_stay_evidence_and_walk_network,not_computed_missing_graph_and_runtime,,,primary_unverified_candidate,validation_only_not_added,C1_coffee,only_C1_C2_scored_C_stay_unverified,cafe_draft_2025q4_observed_sales_study_unverified_2026poi,98.1651376146789,90.82568807339449,94.4954128440367,legacy_study_proxy_exploratory_not_final_v1
4,3120006,종각역,발달상권,0.94311377245509,0.2701237119002433,9.0,7.0,94.78371501272264,83.7150127226463,96.0559796437659,92.36641221374046,9.142945226595415,65.45801526717557,73.0117951521893,1,1,1696,95.0,17.0,7.0,112.0,True,,accessible_official_786,non_tourism_observed_subset_if_ranked,113936049560.0,True,6520338710.0,2682462637.0,1200693613.0,0.0560141509433962,0.0572280567492057,0.5955451737567786,88.2668500687758,84.72834994133729,True,1345401186.0,435311429.0,465331112.0,0.0100235849056603,0.0118083889269084,0.6694230318598813,67.72388059701493,71.68303220738413,80.81475462115134,82.10395922724753,complete,both_cafe_industries_sales_observed,21.0,,,incomplete_stay_evidence,73.0117951521893,2025q4_official_stores_sales__2026_09_poi_diagnostic_only,414.6248369390156,1.482523392722423,0.7128762990018229,True,17.0,True,107.0,82.87461773700305,residual_candidate_min10_cafe_min50_total,80.81475462115134,,81.35421557798021,,incomplete_stay_evidence_and_walk_network,not_computed_missing_graph_and_runtime,,,primary_unverified_candidate,validation_only_not_added,C1_coffee,only_C1_C2_scored_C_stay_unverified,cafe_draft_2025q4_observed_sales_study_unverified_2026poi,90.82568807339449,96.78899082568807,93.80733944954127,legacy_study_proxy_exploratory_not_final_v1
5,3110069,숙대입구,골목상권,0.6467065868263473,0.1734127662783234,8.0,4.0,96.94656488549616,82.06106870229007,88.29516539440203,40.90330788804072,23.18055698283836,36.704834605597966,67.03433022608421,1,1,439,39.0,8.0,4.0,47.0,True,,accessible_official_786,non_tourism_observed_subset_if_ranked,17092573591.0,True,2153838249.0,738092535.0,601884866.0,0.0888382687927107,0.1260101784867605,0.6221346480508156,90.04126547455297,87.32205523109418,True,549504983.0,122827259.0,167750022.0,0.0182232346241457,0.0321487563048632,0.5287982638730685,70.1492537313433,70.65053024351926,82.3205977348217,84.07366195159007,complete,both_cafe_industries_sales_observed,16.0,,,incomplete_stay_evidence,67.03433022608421,2025q4_official_stores_sales__2026_09_poi_diagnostic_only,271.0296422154186,2.4034922038864663,0.7863083456753892,True,8.0,True,16.0,85.93272171253822,residual_candidate_min10_cafe_min50_total,82.3205977348217,,83.62193956748541,,incomplete_stay_evidence_and_walk_network,not_computed_missing_graph_and_runtime,,,primary_unverified_candidate,validation_only_not_added,C1_coffee,only_C1_C2_scored_C_stay_unverified,cafe_draft_2025q4_observed_sales_study_unverified_2026poi,93.11926605504587,92.20183486238533,92.66055045871559,legacy_study_proxy_exploratory_not_final_v1
6,3120002,서촌(경복궁역),발달상권,0.7574850299401198,0.1765049327736606,1.0,3.0,77.2264631043257,77.86259541984732,98.21882951653944,85.6234096692112,4.942965779467681,47.45547073791349,63.87663386836173,0,2,628,77.0,21.0,3.0,98.0,True,,accessible_official_786,non_tourism_observed_subset_if_ranked,28505388439.0,True,5154910547.0,1673472699.0,1868112335.0,0.1226114649681528,0.1808398632430928,0.6870313270636857,98.17744154057772,95.70689660945258,True,878260491.0,228662868.0,258765472.0,0.0334394904458598,0.0308103323299533,0.554992903580357,96.68843283582088,91.3332187745483,94.3947932589813,97.73073892915066,complete,both_cafe_industries_sales_observed,2.0,,,incomplete_stay_evidence,63.87663386836173,2025q4_official_stores_sales__2026_09_poi_diagnostic_only,555.2252759171855,3.5032877624205025,1.310305674057469,True,21.0,True,23.0,98.77675840978594,residual_candidate_min10_cafe_min50_total,94.3947932589813,,95.12700689542599,,incomplete_stay_evidence_and_walk_network,not_computed_missing_graph_and_runtime,,,primary_unverified_candidate,validation_only_not_added,C1_coffee,only_C1_C2_scored_C_stay_unverified,cafe_draft_2025q4_observed_sales_study_unverified_2026poi,99.54128440366972,85.3211009174312,92.43119266055047,legacy_study_proxy_exploratory_not_final_v1
7,3120072,성신여대,발달상권,0.7365269461077845,0.197137426561376,4.0,10.0,90.71246819338424,92.49363867684478,97.07379134860052,95.80152671755724,1.254752851711027,45.16539440203562,69.99649764413356,0,1,1177,76.0,14.0,10.0,90.0,True,,accessible_official_786,non_tourism_observed_subset_if_ranked,56684231141.0,True,6906177414.0,1393685550.0,1699548143.0,0.0645709430756159,0.1218359546382684,0.4478937489687837,91.3961485557084,85.67345401383442,True,564266099.0,101670465.0,134066663.0,0.0118946474086661,0.0099545515153307,0.4177765214280576,73.0223880597015,67.29988216810683,80.16138246011613,85.88402040690632,complete,both_cafe_industries_sales_observed,24.0,,,incomplete_stay_evidence,69.99649764413356,2025q4_official_stores_sales__2026_09_poi_diagnostic_only,456.534315019983,1.7166249747022595,0.8381736666409045,True,14.0,True,67.0,88.37920489296636,residual_candidate_min10_cafe_min50_total,80.16138246011613,,81.90801160035815,,incomplete_stay_evidence_and_walk_network,not_computed_missing_graph_and_runtime,,,primary_unverified_candidate,validation_only_not_added,C1_coffee,only_C1_C2_scored_C_stay_unverified,cafe_draft_2025q4_observed_sales_study_unverified_2026poi,89.90825688073394,94.95412844036697,92.43119266055047,legacy_study_proxy_exploratory_not_final_v1
8,3120053,건대입구역(건대),발달상권,0.9820359281437124,0.2748718649144815,3.0,5.0,83.20610687022901,79.13486005089058,95.0381679389313,97.07379134860052,6.425855513307986,76.78117048346056,69.7584535454097,0,4,1545,88.0,14.0,5.0,102.0,True,,accessible_official_786,non_tourism_observed_subset_if_ranked,78003493953.0,True,7650408649.0,1725718976.0,2137649602.0,0.056957928802589,0.0980777688446834,0.5049885248293224,88.02613480055021,83.642561623177,True,861604596.0,142455397.0,165969541.0,0.0090614886731391,0.0110457179843655,0.3579657530053379,62.15485074626865,60.41629025923015,76.67468021399294,80.26474958426573,complete,both_cafe_industries_sales_observed,36.0,,,incomplete_stay_evidence,69.7584535454097,2025q4_official_stores_sales__2026_09_poi_diagnostic_only,371.0819949933194,1.482112151836786,0.6621415620797348,True,14.0,True,126.0,80.42813455657493,residual_candidate_min10_cafe_min50_total,76.67468021399294,,76.78904969460939,,incomplete_stay_evidence_and_walk_network,not_computed_missing_graph_and_runtime,,,primary_unverified_candidate,validation_only_not_added,C1_coffee,only_C1_C2_scored_C_stay_unverified,cafe_draft_2025q4_observed_sales_study_unverified_2026poi,84.40366972477065,94.4954128440367,89.44954128440367,legacy_study_proxy_exploratory_not_final_v1
9,3130070,뚝섬역상점가,전통시장,0.9640718562874252,0.0561236815485681,3.0,3.0,97.83715012722644,93.38422391857506,95.80152671755724,40.90330788804072,17.14828897338403,70.0381679389313,72.2528130109618,0,4,350,19.0,5.0,3.0,24.0,True,,accessible_official_786,non_tourism_observed_subset_if_ranked,45405568682.0,True,582068861.0,237356590.0,148967319.0,0.0542857142857142,0.0128193276264536,0.663708256676524,87.1251719394773,79.5556034674205,True,154934628.0,36538914.0,38411154.0,0.0142857142857142,0.0034122384653981,0.4837528509120634,81.31529850746269,67.64439316575019,75.98224037691939,85.38220990987291,complete,both_cafe_industries_sales_observed,40.0,,,incomplete_stay_evidence,72.2528130109618,2025q4_official_stores_sales__2026_09_poi_diagnostic_only,427.6269720337389,1.5394038820758549,0.7780338372346662,True,5.0,True,5.0,85.62691131498471,residual_candidate_min10_cafe_min50_total,75.98224037691939,,76.15353136049765,,incomplete_stay_evidence_and_walk_network,not_computed_missing_graph_and_runtime,,,primary_unverified_candidate,validation_only_not_added,C1_coffee,only_C1_C2_scored_C_stay_unverified,cafe_draft_2025q4_observed_sales_study_unverified_2026poi,82.56880733944955,96.3302752293578,89.44954128440367,legacy_study_proxy_exploratory_not_final_v1
10,3120094,"신촌역(신촌역, 신촌로터리)",발달상권,0.344311377245509,0.3435744377341374,5.0,20.0,86.51399491094148,94.0203562340967,94.14758269720102,96.69211195928752,48.22080635768849,6.806615776081425,74.17342335805169,3,3,2031,105.0,14.0,20.0,119.0,True,,accessible_official_786,non_tourism_observed_subset_if_ranked,96431102614.0,True,4863026857.0,1036383366.0,1262177190.0,0.051698670605613,0.0504300658726884,0.4726604692078508,85.36451169188446,79.96524263538717,True,558821007.0,124958980.0,119096805.0,0.0068931560807483,0.0057950286977105,0.4367333760593577,48.80597014925373,49.65760015710919,70.87294989190377,74.39694922909523,complete,both_cafe_industries_sales_observed,54.0,,,incomplete_stay_evidence,74.17342335805169,2025q4_official_stores_sales__2026_09_poi_diagnostic_only,346.3587127866708,1.3153654129422976,0.5648549186910667,True,14.0,True,153.0,75.84097859327217,residual_candidate_min10_cafe_min50_total,70.87294989190377,,71.88377044682764,,incomplete_stay_evidence_and_walk_network,not_computed_missing_graph_and_runtime,,,primary_unverified_candidate,validation_only_not_added,C1_coffee,only_C1_C2_scored_C_stay_unverified,cafe_draft_2025q4_observed_sales_study_unverified_2026poi,76.60550458715596,98.62385321100918,87.61467889908258,legacy_study_proxy_exploratory_not_final_v1
