area_code,area_name,area_type_name,evaluated_quarters,above_expected_quarters,below_expected_quarters,mean_residual_z,mean_actual_to_expected_log_gap,persistent_gap
3130085,용두시장,전통시장,4,1,0,1.9704649190114083,4.468504230112117,not_persistent
3110209,답십리 장령당공원,골목상권,4,2,0,1.4581382350365921,3.0772253539500913,not_persistent
3110962,도산공원북측,골목상권,4,2,0,1.1549407899621773,2.506852458012521,not_persistent
3110184,용두사거리,골목상권,4,2,0,1.0542327427272127,2.301223538031671,not_persistent
3110177,동의초등학교,골목상권,4,2,0,1.0402749990754696,2.2583698109246866,not_persistent
3130104,전곡시장,전통시장,4,1,0,0.9738909864037921,2.129203945339154,not_persistent
3110106,금북초등학교,골목상권,4,2,0,0.973394258622028,2.116561224605964,not_persistent
3130079,한아름시장,전통시장,4,1,0,0.9692334476624613,2.0998418672388706,not_persistent
3110530,아현역 1번,골목상권,4,2,0,0.9598354650319582,2.0893518045863546,not_persistent
3110050,약수역 7번,골목상권,4,2,0,0.9581233454238838,2.0968614605093405,not_persistent
3110589,애오개역 3번,골목상권,4,1,0,0.9566546510208828,2.106699030008895,not_persistent
3120227,잠실역,발달상권,4,1,0,0.9536112913815781,2.0843539939544975,not_persistent
3110320,KB국민은행 종암동지점,골목상권,4,2,0,0.941329754889681,2.054931089679152,not_persistent
3130097,답십리 건축자재시장,전통시장,4,1,0,0.9380022530510325,2.0385678134033256,not_persistent
3110397,도봉산입구,골목상권,4,1,0,0.937859292326608,2.055195097613015,not_persistent
3110197,세종대왕기념관교차로,골목상권,4,2,0,0.932641456701272,2.0445501469883767,not_persistent
3130175,신촌 상인회(신촌상점가),전통시장,4,2,0,0.9248647650427337,2.024428136484957,not_persistent
3110406,도봉산역 1번,골목상권,4,1,0,0.8850226366032231,1.9243537990001611,not_persistent
3110591,충정로역 6번,골목상권,4,0,0,0.8435170949191761,1.8404868721308354,not_persistent
3110002,독립문역 1번,골목상권,4,1,0,0.8225360579477841,1.8145018384021299,not_persistent
3130018,동대문문구완구거리(동대문문구완구시장),전통시장,4,1,0,0.775129459486137,1.694733769261143,not_persistent
3110190,고대앞사거리,골목상권,4,1,0,0.7683515460540364,1.7099618296895445,not_persistent
3130102,이문제일시장,전통시장,4,2,0,0.7670367052112267,1.7606754273489638,not_persistent
3130090,청량리종합시장,전통시장,4,1,0,0.7630247348483596,1.6775753610211233,not_persistent
3120153,노량진역(노량진),발달상권,4,1,0,0.760523896116494,1.6708429328322332,not_persistent
3110023,서울대병원,골목상권,4,1,0,0.755098285825675,1.6232695232467131,not_persistent
3111070,천호초등학교,골목상권,4,0,0,0.7526541933696906,1.6402747293750588,not_persistent
3110389,한일병원,골목상권,4,0,0,0.7503061389880205,1.6356424064026136,not_persistent
3110143,뚝섬유원지역 1번,골목상권,4,0,0,0.7027974076145923,1.5179244954022444,not_persistent
3120040,용산전자상가(용산역),발달상권,4,0,0,0.7020612232448513,1.5488247256278171,not_persistent
3110076,삼각지역 14번,골목상권,4,1,0,0.6870825244185665,1.5174576128381538,not_persistent
3110221,의릉,골목상권,4,0,0,0.6846548451882957,1.4897626195318008,not_persistent
3130084,신성시장(신성골목시장),전통시장,4,1,0,0.6823096218438877,1.4727728040541601,not_persistent
3110114,왕십리파출소,골목상권,4,1,0,0.6821043317079426,1.5218954400732887,not_persistent
3130013,동대문상가A동,전통시장,4,1,0,0.6767813282285289,1.507796811151354,not_persistent
3110048,장충동주민센터,골목상권,4,1,0,0.6750929773449195,1.4932991406839724,not_persistent
3130105,장미제일시장(중화동제일시장),전통시장,4,0,0,0.6697130748330993,1.471694861651935,not_persistent
3111032,방이역 1번,골목상권,4,0,0,0.664609815641443,1.4480866341371748,not_persistent
3110125,사근동살곶이상점가,골목상권,4,0,0,0.6645156348299135,1.443747136416719,not_persistent
3111057,천호공원(해공체육문화센터),골목상권,4,0,0,0.661482117195162,1.4417855344040325,not_persistent
3111071,천동초등학교,골목상권,4,0,0,0.6579991048915579,1.4340807957798178,not_persistent
3110407,도봉역 2번,골목상권,4,0,0,0.6560660659814023,1.428320847740964,not_persistent
3130005,세운상가가동,전통시장,4,1,0,0.6545932118393889,1.3973097018922749,not_persistent
3110201,전농119안전센터,골목상권,4,0,0,0.6538941519693211,1.4188621814671514,not_persistent
3130176,유진상가,전통시장,4,0,0,0.6512855011707133,1.418073062348018,not_persistent
3110032,수족관거리,골목상권,4,1,0,0.6508960852653283,1.4026767412306218,not_persistent
3110396,쌍문역1번(쌍리단길),골목상권,4,0,0,0.6469117796417269,1.4089037097118062,not_persistent
3110189,제기동역 1번,골목상권,4,0,0,0.634469867073128,1.385730656723167,not_persistent
3110004,대신고등학교,골목상권,4,0,0,0.6204288176904237,1.3538842220558394,not_persistent
3130049,신당 미래유산 먹거리 골목형상점가,전통시장,4,0,0,0.6123205046610972,1.3469691369630734,not_persistent
3110536,돈의문센트레빌아파트입구,골목상권,4,0,0,0.6081464847468149,1.316430148473164,not_persistent
3130009,마전교지하쇼핑센터(구 한일상가),전통시장,4,1,0,0.6003230621592024,1.3272346199733818,not_persistent
3110039,회현역 1번,골목상권,4,1,0,0.6000280551811398,1.3248639579798072,not_persistent
3110265,망우역 1번,골목상권,4,0,0,0.5798799367064449,1.2490388864444641,not_persistent
3130021,신설종합시장,전통시장,4,2,0,0.5756446845078554,1.2463852187111226,not_persistent
3120174,논현역 5번,발달상권,4,0,0,0.5752772956200932,1.243977395121206,not_persistent
3120022,북창동(시청역_6번),발달상권,4,0,0,0.572286378622598,1.2457535080519877,not_persistent
3110098,서울독일학교,골목상권,4,0,0,0.5676957835827109,1.2498522856354342,not_persistent
3130196,공덕시장,전통시장,4,0,0,0.5672407233789106,1.2258623089892549,not_persistent
3110232,동대부고,골목상권,4,0,0,0.5621525548404632,1.2256026257818657,not_persistent
3120061,올림픽대교북단,발달상권,4,0,0,0.5570743095112938,1.2115702864248021,not_persistent
3130063,신금호역 골목형상점가,전통시장,4,0,0,0.555106621997709,1.1977773333107118,not_persistent
3110584,아현역 4번,골목상권,4,0,0,0.5469636178380983,1.1965859401806416,not_persistent
3110064,효창공원앞역 2번,골목상권,4,0,0,0.5434074316980454,1.1886956635420942,not_persistent
3130327,"평화시장(남평화시장, 제일평화시장, 신평화패션타운)",전통시장,4,0,0,0.5350298510804061,1.1748254162165832,not_persistent
3110435,서울과학기술대,골목상권,4,0,0,0.5342997489231136,1.1679386724335457,not_persistent
3130091,청량종합도매시장,전통시장,4,0,0,0.5328515526860205,1.1635585505515067,not_persistent
3120039,신당역,발달상권,4,1,0,0.5303996608598283,1.1729435985166132,not_persistent
3130136,수유재래시장,전통시장,4,0,0,0.526825920426935,1.143657807699098,not_persistent
3110123,마장역 3번,골목상권,4,0,0,0.5189838842712734,1.1275191632478698,not_persistent
3110436,상계제일중학교,골목상권,4,0,0,0.5182327037007549,1.135375082955031,not_persistent
3130092,청량리농수산물시장,전통시장,4,0,0,0.5179454845957938,1.1408999236131834,not_persistent
3110131,성수동카페거리,골목상권,4,0,0,0.5159803071359494,1.1253083673133277,not_persistent
3130302,강남시장(강남구 강남시장),전통시장,4,0,0,0.5081434027911983,1.1077898439805054,not_persistent
3110283,성북초등학교앞,골목상권,4,1,0,0.5066748366896742,1.0931269460984874,not_persistent
3110318,KT월곡지사,골목상권,4,0,0,0.5066305044208383,1.1017375487573817,not_persistent
3130075,노룬산시장(노룬산골목시장),전통시장,4,0,0,0.5056652038799413,1.0708615280681633,not_persistent
3110038,경향신문사,골목상권,4,0,0,0.5036257668694675,1.0929157020429043,not_persistent
3110052,장충초등학교,골목상권,4,0,0,0.502515697660707,1.0945332663934364,not_persistent
3111050,강동구청(강동구청역 2번),골목상권,4,0,0,0.4985895816042786,1.091250743834638,not_persistent
3110214,경희대후문,골목상권,4,0,0,0.49440769232872595,1.0701506713434012,not_persistent
3110408,가인초등학교,골목상권,4,0,0,0.487094068160391,1.0580212687023325,not_persistent
3130197,마포시장,전통시장,4,0,0,0.48283792108437396,1.0467346711147512,not_persistent
3001493,동대문패션타운 관광특구,관광특구,4,0,0,0.47693732424759416,1.0289405456146978,not_persistent
3110229,장평중학교,골목상권,4,0,0,0.4746216777682303,1.0321050708335946,not_persistent
3130123,꿈의숲 장곡 골목형상점가,전통시장,4,0,0,0.4679531612394423,1.0007219723887868,not_persistent
3130177,인왕시장(홍제골목형상점가),전통시장,4,0,0,0.46475744776577754,1.0154047526721781,not_persistent
3110244,중화역 4번,골목상권,4,0,0,0.46471590723812367,1.0126747864637542,not_persistent
3110577,용강동주민센터,골목상권,4,0,0,0.46399240188408875,1.006251704891608,not_persistent
3110107,금호사거리,골목상권,4,0,0,0.4623516794287545,1.011443821574975,not_persistent
3110072,열정도,골목상권,4,0,0,0.46026059181953455,1.0012092665164838,not_persistent
3111014,송파나루역 2번,골목상권,4,0,0,0.4477403734127988,0.97613011441958,not_persistent
3130068,마장축산물시장,전통시장,4,0,0,0.4442143894021414,0.9619375543935398,not_persistent
3001492,명동 남대문 북창동 다동 무교동 관광특구,관광특구,4,0,0,0.44124325618478255,0.9632470609969532,not_persistent
3130323,둔촌역전통시장,전통시장,4,0,0,0.4327735780347797,0.9437315287295975,not_persistent
3130094,청량리청과물시장,전통시장,4,0,0,0.4306012865093918,0.939710167337612,not_persistent
3110186,종암초등학교,골목상권,4,0,0,0.42999309490514803,0.933731817868499,not_persistent
3130120,돈암시장(돈암제일시장),전통시장,4,0,0,0.4216683752791473,0.9134140230844743,not_persistent
3130113,신아타운,전통시장,4,0,0,0.41665075687972025,0.9033906354910783,not_persistent
3110381,번동주공2단지,골목상권,4,0,0,0.41364675943543494,0.898612841209534,not_persistent
3120033,을지로4가역,발달상권,4,0,0,0.4049139375956463,0.8778115454418369,not_persistent
3111020,방이동고분군(방산고등학교),골목상권,4,0,0,0.4044958915828782,0.8775058684612453,not_persistent
3111011,잠실나루역,골목상권,4,0,0,0.3975217585823628,0.8684815412844173,not_persistent
3120225,잠실새내역(신천),발달상권,4,0,0,0.39124379056229114,0.8471512652984403,not_persistent
3130033,대림상가(청계상가),전통시장,4,0,0,0.39078824729245165,0.8538280137408449,not_persistent
3110421,석계역 1번,골목상권,4,0,0,0.39027639108934997,0.8475828102559309,not_persistent
3110312,안암역 2번,골목상권,4,0,0,0.3892114531549586,0.8490196706440951,not_persistent
3110067,배문고등학교,골목상권,4,0,0,0.38700124791123036,0.835665380576744,not_persistent
3110045,동대문역사문화공원역 5번,골목상권,4,0,0,0.3850171718038548,0.839008379836315,not_persistent
3130058,이촌종합시장,전통시장,4,0,0,0.37842392674884223,0.814648078735746,not_persistent
3110927,잠원역,골목상권,4,0,0,0.3782083156218724,0.8227270689149355,not_persistent
3130303,영동전통시장,전통시장,4,0,0,0.37362566922602974,0.8127583751237726,not_persistent
3110020,서울국제고등학교,골목상권,4,0,0,0.3677298227764169,0.7909606308936681,not_persistent
3130137,"수유전통시장(수유시장, 수유골목시장)",전통시장,4,0,0,0.3598984159279869,0.7852117700437917,not_persistent
3110179,광나루역 1번,골목상권,4,0,0,0.3598948885936493,0.7811540445164029,not_persistent
3130194,용강동 상점가,전통시장,4,0,0,0.3578413470157265,0.7781663276142412,not_persistent
3130141,강북북부골목시장,전통시장,4,0,0,0.3567670182579321,0.7852919774912079,not_persistent
3130148,방학동도깨비시장,전통시장,4,0,0,0.35626962661631256,0.7769710912377414,not_persistent
3110147,능동우편취급국,골목상권,4,0,0,0.35391275950044715,0.764892650254783,not_persistent
3130138,수유프라자,전통시장,4,0,0,0.35201524495960396,0.773442482665808,not_persistent
3110273,장스여성병원,골목상권,4,0,0,0.3518494857196337,0.7633889440759223,not_persistent
3111056,천호태영아파트,골목상권,4,0,0,0.350013007020148,0.757134973306953,not_persistent
3110295,정릉우체국,골목상권,4,0,0,0.3500028954147663,0.7569696420472001,not_persistent
3110438,경춘선숲길 우측,골목상권,4,0,0,0.3482888978190123,0.7554523456307827,not_persistent
3110583,공덕래미안3차아파트,골목상권,4,0,0,0.3476339766219188,0.7422090647191384,not_persistent
3110416,노원초등학교,골목상권,4,0,0,0.3461543915369701,0.7535450215916946,not_persistent
3111053,성내천어린이공원(하니사랑길),골목상권,4,0,0,0.34438194758319485,0.7457082668642876,not_persistent
3110180,광진정보도서관,골목상권,4,0,0,0.3427188478558292,0.7438073577849824,not_persistent
3110208,시조사삼거리,골목상권,4,1,0,0.33987382325660737,0.749580451926767,not_persistent
3120249,고덕역,발달상권,4,0,0,0.33917382402052404,0.7381232523870711,not_persistent
3110118,왕십리역 9번,골목상권,4,0,0,0.3376460196717807,0.7333574049433427,not_persistent
3120195,성수대교남단,발달상권,4,0,0,0.33266320963383,0.7239052264750647,not_persistent
3110099,유엔빌리지길,골목상권,4,0,0,0.3315993920598922,0.7299126505794389,not_persistent
3110058,성심여자고등학교,골목상권,4,0,0,0.3252267644573959,0.7030525467585935,not_persistent
3110335,석계역 7번,골목상권,4,0,0,0.3232576365840609,0.7053949537422852,not_persistent
3120203,강남구청역,발달상권,4,0,0,0.32025439815756984,0.6972020861611714,not_persistent
3110332,돌곶이역 3번,골목상권,4,0,0,0.3194042898995265,0.6782064954167355,not_persistent
3120060,강변역(테크노마트),발달상권,4,0,0,0.31931604550033876,0.6890139653672289,not_persistent
3110532,아현역 2번,골목상권,4,0,0,0.319250069997029,0.6938406200704517,not_persistent
3001495,잠실 관광특구,관광특구,4,0,0,0.3152777895544252,0.6863548422704957,not_persistent
3110431,상계역,골목상권,4,0,0,0.3143820093136819,0.6829533867557487,not_persistent
3130088,경동시장,전통시장,4,0,0,0.3120747500255828,0.6833263371597305,not_persistent
3130035,방산종합시장(방산시장),전통시장,4,0,0,0.31095267081846056,0.6743134461737306,not_persistent
3110585,마포경찰서,골목상권,4,0,0,0.3082692341150509,0.6788306544255978,not_persistent
3130143,방천골목시장,전통시장,4,0,0,0.3079685578173906,0.6767697087703839,not_persistent
3110224,외대앞역 2번,골목상권,4,0,0,0.3043374581005248,0.6636504794284921,not_persistent
3110249,중화역 1번,골목상권,4,0,0,0.30030450726189034,0.6455743555664464,not_persistent
3111074,명일역 1번,골목상권,4,0,0,0.300133977954062,0.6445126297722226,not_persistent
3130070,뚝섬역상점가,전통시장,4,0,0,0.2990657506688833,0.644908114831189,not_persistent
3120229,방이동먹자골목,발달상권,4,0,0,0.29760144443005354,0.646074673028096,not_persistent
3110012,성곡미술관,골목상권,4,0,0,0.2973744528753768,0.6422263608088334,not_persistent
3120188,압구정역,발달상권,4,0,0,0.29685216300348893,0.6439243538306956,not_persistent
3120028,명동(명동거리),발달상권,4,0,0,0.2935251448359993,0.638384991500196,not_persistent
3110112,행당역 2번,골목상권,4,0,0,0.29292549179728794,0.6335677211887951,not_persistent
3130024,남대문시장(자유상가),전통시장,4,0,0,0.2915511765964898,0.6380090916256007,not_persistent
3110194,홍파초등학교,골목상권,4,0,0,0.2898224464084104,0.6290761436872989,not_persistent
3120068,사가정역,발달상권,4,0,0,0.28812998939577356,0.6214515583506284,not_persistent
3110240,태릉시장 특화거리,골목상권,4,0,0,0.2880218310423601,0.6269517702572127,not_persistent
3110539,미근동,골목상권,4,0,0,0.2873524429845301,0.6264171149224254,not_persistent
3130147,쌍문역동측상점가,전통시장,4,0,0,0.28541142632677025,0.6169582541706493,not_persistent
3110041,남산케이블카,골목상권,4,0,0,0.2830978863180128,0.6089497072393719,not_persistent
3110317,종암중학교,골목상권,4,0,0,0.28096898748738514,0.6093279202594264,not_persistent
3120014,종로5가역,발달상권,4,0,0,0.2804099729087302,0.6088993278230452,not_persistent
3130182,영천시장,전통시장,4,0,0,0.27999686213763564,0.6108866035164384,not_persistent
3110576,대흥역 3번,골목상권,4,0,0,0.2789709472023447,0.6043931023421161,not_persistent
3120082,상계백병원,발달상권,4,0,0,0.2772813736956264,0.5991385220875323,not_persistent
3110419,수락산디자인거리,골목상권,4,0,0,0.2770807075322962,0.6002887404578914,not_persistent
3130042,약수시장,전통시장,4,0,0,0.276665221125156,0.6002979114661429,not_persistent
3110204,간데메공원,골목상권,4,0,0,0.2764268553692092,0.6003592132314024,not_persistent
3120021,시청역_8번,발달상권,4,0,0,0.27543923020743755,0.5897590728452311,not_persistent
3120045,남영동 먹자골목,발달상권,4,0,0,0.274329299192327,0.5955787925946519,not_persistent
3120170,삼호가든사거리,발달상권,4,0,0,0.27331126497652203,0.5923349038337999,not_persistent
3110036,동묘앞역 3번,골목상권,4,0,0,0.2721128148401308,0.6321787969727097,not_persistent
3110398,쌍문2동우체국,골목상권,4,0,0,0.2712251544416696,0.5880545138351625,not_persistent
3130107,중랑동부시장(중랑교종합상가),전통시장,4,1,0,0.26918519746521086,0.5015354435155963,not_persistent
3110116,청계천박물관,골목상권,4,0,0,0.26870208197325723,0.5727307793459957,not_persistent
3110028,이화달팽이길,골목상권,4,0,0,0.268576341213153,0.5745645065167109,not_persistent
3130087,경동광성상가(경동시장),전통시장,4,0,0,0.2676615020240466,0.5768304013234875,not_persistent
3110415,수락산역 4번,골목상권,4,0,0,0.26698251541897355,0.5778186661185538,not_persistent
3110535,영천시장입구,골목상권,4,1,0,0.2659625509778962,0.5610589188270714,not_persistent
3130152,오!도봉거리 상점가,전통시장,4,0,0,0.26570481195369716,0.5656525534823009,not_persistent
3110082,용산구청,골목상권,4,0,0,0.2649053959593729,0.5764039483214773,not_persistent
3110092,NH농협은행 보광동지점,골목상권,4,0,0,0.2596330455974267,0.5499465608579515,not_persistent
3110388,도봉우체국,골목상권,4,0,0,0.25920916378844117,0.5611862747603258,not_persistent
3110988,청담역 3번,골목상권,4,0,0,0.25889575872484344,0.5715027671718786,not_persistent
3120209,"강남구청(청담역_8번, 강남세무서)",발달상권,4,0,0,0.25228290817865034,0.5413600369562168,not_persistent
3110331,돌곶이역 8번,골목상권,4,0,0,0.25183857329705117,0.5459845510954766,not_persistent
3120074,안암역,발달상권,4,0,0,0.24852050657315355,0.5379255401709919,not_persistent
3110313,안암역 3번,골목상권,4,0,0,0.2477316271202312,0.5356635332342963,not_persistent
3120243,천호역,발달상권,4,0,0,0.2475484292717849,0.5343983680188762,not_persistent
3110327,상월곡역 2번,골목상권,4,0,0,0.24414756164418822,0.5298313822535983,not_persistent
3110222,회기역 2번,골목상권,4,0,0,0.24320725806961227,0.5528759896804996,not_persistent
3110226,장안1동주민센터,골목상권,4,0,0,0.24250279197132363,0.525992615074359,not_persistent
3111029,오금역 4번,골목상권,4,0,0,0.24080472725382343,0.5174313418378773,not_persistent
3120036,장충동족발거리(남소영길),발달상권,4,0,0,0.24029566730463062,0.5142949975300457,not_persistent
3110430,중계초등학교,골목상권,4,0,0,0.23818667082150738,0.5183331397736799,not_persistent
3120020,시청역_1번,발달상권,4,0,0,0.23596693099689314,0.5113070194058649,not_persistent
3130116,동성타워프라자,전통시장,4,0,0,0.23524086847231807,0.5037909058282546,not_persistent
3110521,홍제역 4번,골목상권,4,0,0,0.23210662805611781,0.5015922124213432,not_persistent
3130083,"중곡제일시장(중곡제일골목시장, 광성시장)",전통시장,4,0,0,0.23037094267193334,0.4999063732799467,not_persistent
3110314,종암경찰서,골목상권,4,0,0,0.22854914946843843,0.4945014462569155,not_persistent
3110424,상계초등학교,골목상권,4,0,0,0.2253729962648296,0.48721620417516043,not_persistent
3110245,KB국민은행 중화동지점,골목상권,4,0,0,0.2240306936392702,0.48183177294576396,not_persistent
3120070,한성대입구역,발달상권,4,0,0,0.2229137908623918,0.4809168275301614,not_persistent
3110164,아차산역 5번,골목상권,4,0,0,0.21875020692972172,0.4611901635616409,not_persistent
3110051,한양공고앞 교차로,골목상권,4,0,0,0.21836272254943215,0.4850734882672665,not_persistent
3110069,숙대입구,골목상권,4,0,0,0.21726757062152252,0.4700570743692847,not_persistent
3130318,로데오거리상점가,전통시장,4,0,0,0.21645836674046176,0.4705701063123833,not_persistent
3110256,면목2동체육관,골목상권,4,0,0,0.21226780453026997,0.4646604910696537,not_persistent
3130111,"동원전통종합시장(동원시장, 동원전통시장 상점가)",전통시장,4,0,0,0.21164425210641047,0.4572080018571114,not_persistent
3120079,창동역,발달상권,4,0,0,0.21108462144556048,0.45641747073653693,not_persistent
3110220,외대앞역 1번,골목상권,4,0,0,0.21001928191463468,0.45259299156141264,not_persistent
3110034,창신1동주민센터,골목상권,4,0,0,0.20977704405501987,0.4306409090224754,not_persistent
3110093,우사단길,골목상권,4,0,0,0.20909425337441007,0.44896912669583156,not_persistent
3130311,새마을시장,전통시장,4,0,0,0.20865271093271878,0.449680955763597,not_persistent
3130047,테크노상가(엘리시움),전통시장,4,0,0,0.20855897811437157,0.45557999272947747,not_persistent
3130053,백학시장,전통시장,4,0,0,0.20797053329756887,0.44847041393742515,not_persistent
3120072,성신여대,발달상권,4,0,0,0.20750746186418056,0.44781139224894684,not_persistent
3120187,신논현역,발달상권,4,0,0,0.20738004778466998,0.449612831700378,not_persistent
3120200,학동사거리,발달상권,4,0,0,0.20697879507540554,0.44667410512887873,not_persistent
3110049,장충단 고개,골목상권,4,0,0,0.20632598184771425,0.44391847475635604,not_persistent
3120083,등나무근린공원,발달상권,4,0,0,0.2031313499223798,0.4364730688457632,not_persistent
3110259,사가정역 1번,골목상권,4,0,0,0.20304306443335135,0.4380229124124124,not_persistent
3110024,혜회동주민센터,골목상권,4,0,0,0.20257800602936787,0.43629831420160947,not_persistent
3110230,장안현대홈타운1차아파트,골목상권,4,0,0,0.20221447130844977,0.43783934668931845,not_persistent
3110241,먹골역 5번,골목상권,4,0,0,0.20055889232355656,0.4332524279793484,not_persistent
3110071,한강미주맨션아파트,골목상권,4,0,0,0.19835665861859095,0.4152131366962708,not_persistent
3130056,용산용문시장,전통시장,4,0,0,0.1978567451522154,0.4276550204110503,not_persistent
3110514,서대문우체국,골목상권,4,0,0,0.1957291138535241,0.4276339773233433,not_persistent
3130081,자양골목전통시장(자양골목시장),전통시장,4,0,0,0.19430635881686656,0.422387684033553,not_persistent
3120178,신사역,발달상권,4,0,0,0.1938993830187962,0.41921691278381523,not_persistent
3111059,강동역 4번(강풀만화거리),골목상권,4,0,0,0.1925759448650416,0.4178240636107171,not_persistent
3110218,답십리사거리,골목상권,4,0,0,0.19248140680643303,0.4152257431422912,not_persistent
3111021,방이역 4번,골목상권,4,0,0,0.19244107284605838,0.4123738581721943,not_persistent
3110122,마장역 2번,골목상권,4,0,0,0.19039380795028873,0.4130770391836478,not_persistent
3110333,돌곶이역 5번,골목상권,4,0,0,0.18949363517396056,0.39882807612273297,not_persistent
3120031,을지로3가역,발달상권,4,0,0,0.1867753039449107,0.40230146513959664,not_persistent
3110029,동대문역 1번,골목상권,4,0,0,0.18671248160265216,0.40231630310575994,not_persistent
3120208,청담사거리(청담동명품거리),발달상권,4,0,0,0.1847808364815794,0.40235274537005683,not_persistent
3110219,삼육보건대학교,골목상권,4,0,0,0.18456401191086305,0.39564799608844314,not_persistent
3110062,한강로동땡땡거리(은행나무길),골목상권,4,0,0,0.18074274358513082,0.38932457471799164,not_persistent
3110405,방학역 1번,골목상권,4,0,0,0.18053489283198676,0.3903096725537072,not_persistent
3110378,송중동주민센터,골목상권,4,0,0,0.18043538924187696,0.3847722923009158,not_persistent
3110262,상봉역 3번,골목상권,4,0,0,0.17959778033780877,0.389724884646208,not_persistent
3110538,충정로역 3번,골목상권,4,0,0,0.17874233310050644,0.37231418434517405,not_persistent
3130095,청량리전통시장,전통시장,4,0,0,0.17814520267685638,0.3844188073862167,not_persistent
3120244,암사역,발달상권,4,0,0,0.17724361775690275,0.3807579355952839,not_persistent
3110239,중랑역 2번,골목상권,4,0,0,0.17724229806580197,0.3817604944142783,not_persistent
3110237,메가박스 상봉,골목상권,4,0,0,0.1770912066190318,0.3813435502626268,not_persistent
3110417,월계역 3번,골목상권,4,0,0,0.17707584514333835,0.3877789357418848,not_persistent
3110272,신내1동주민센터,골목상권,4,0,0,0.17642285488874151,0.37913533329636095,not_persistent
3130086,서울약령시장,전통시장,4,0,0,0.17518961428484942,0.3798730093172571,not_persistent
3120080,마들역,발달상권,4,0,0,0.17482855592522403,0.376849483901208,not_persistent
3110269,용마문화복지센터,골목상권,4,0,0,0.1744842567485381,0.3764217536108241,not_persistent
3120215,포스코사거리,발달상권,4,0,0,0.17325651509513817,0.3703586041539513,not_persistent
3120067,장안동사거리,발달상권,4,0,0,0.17275201174770144,0.3717261108291696,not_persistent
3111062,둔촌동역 3번(성내3동주민센터),골목상권,4,0,0,0.17196271059635482,0.36670796092774616,not_persistent
3120245,둔촌역,발달상권,4,0,0,0.1689450713850974,0.36497184396378657,not_persistent
3110268,망우3동주민센터,골목상권,4,0,0,0.167914956857967,0.35986846892734903,not_persistent
3110060,효창공원앞역 6번,골목상권,4,0,0,0.1640667939868685,0.3498913985967702,not_persistent
3110961,언주역 3번,골목상권,4,0,0,0.16284306869154966,0.35070737352721615,not_persistent
3111072,굽은다리역 1번(십자성마을),골목상권,4,0,0,0.16213073630875124,0.34968103142180773,not_persistent
3120095,홍제역,발달상권,4,0,0,0.1619531733743098,0.3495776491627609,not_persistent
3110137,성수초등학교,골목상권,4,0,0,0.16130931721682135,0.3463855642160656,not_persistent
3001496,강남 마이스 관광특구,관광특구,4,0,0,0.16002454537637886,0.3472285183854744,not_persistent
3110074,서울역 12번,골목상권,4,0,0,0.15923369503428045,0.34207493919580134,not_persistent
3110971,선정릉역 4번,골목상권,4,0,0,0.1566671233112607,0.33010451428156795,not_persistent
3110371,삼양입구사거리,골목상권,4,0,0,0.15491730144323831,0.33357666441891265,not_persistent
3120185,논현역,발달상권,4,0,0,0.15364178028588174,0.33059575853234335,not_persistent
3120193,도산공원교차로,발달상권,4,0,0,0.15307174166845403,0.32925465609400373,not_persistent
3110286,한성대입구역 5번,골목상권,4,0,0,0.15277773791511504,0.3274317257282293,not_persistent
3130036,중부시장(신중부시장),전통시장,4,0,0,0.15265792364271957,0.31827062447953747,not_persistent
3110013,체부동홍종문가옥,골목상권,4,0,0,0.15195276995938561,0.3622607012228123,not_persistent
3130059,후암시장,전통시장,4,0,0,0.14896735407098788,0.3167959993647056,not_persistent
3110308,길음역 8번,골목상권,4,0,0,0.1471580775781938,0.31508151288345854,not_persistent
3130052,서울중앙시장(신중앙시장),전통시장,4,0,0,0.14538740146645365,0.31221523007023766,not_persistent
3120076,수유역,발달상권,4,0,0,0.1438351868643617,0.30899794868481845,not_persistent
3110275,하나은행 망우동지점,골목상권,4,0,0,0.1430917281190589,0.30866559820543493,not_persistent
3120222,삼성역,발달상권,4,0,0,0.1427731804948486,0.305947451144049,not_persistent
3110252,장안제일시장,골목상권,4,0,0,0.14252171861306845,0.3031147879225671,not_persistent
3120078,미아사거리역,발달상권,4,0,0,0.140153868971467,0.30379684319221045,not_persistent
3110042,남산골공원옆,골목상권,4,0,0,0.13923842712291845,0.31830045403494367,not_persistent
3110134,성수119안전센터,골목상권,4,0,0,0.13501716713715164,0.289742849458138,not_persistent
3110095,한강진역 3번,골목상권,4,0,0,0.13423026861042042,0.2867563354918641,not_persistent
3120058,구의사거리,발달상권,4,0,0,0.1325917699644019,0.28356382078445197,not_persistent
3110578,대흥역 2번,골목상권,4,0,0,0.1308289651734798,0.2801369311449653,not_persistent
3110033,창신역 4번,골목상권,4,0,0,0.12976153805463003,0.2830124928785711,not_persistent
3110165,국립정신건강센터,골목상권,4,0,0,0.1294126650404731,0.2773320730612818,not_persistent
3130325,명일전통시장,전통시장,4,0,0,0.12903843567359657,0.2728766560619418,not_persistent
3110299,정릉역 1번,골목상권,4,0,0,0.12893686980484623,0.27508372651254476,not_persistent
3001494,종로·청계 관광특구,관광특구,4,0,0,0.12851770001145413,0.27833518972965177,not_persistent
3120248,명일역,발달상권,4,0,0,0.12800679532852832,0.2745042238078632,not_persistent
3130121,길음시장,전통시장,4,0,0,0.1258003276166691,0.27552549523852576,not_persistent
3130320,암사종합시장,전통시장,4,0,0,0.12229456847858997,0.2669658940295969,not_persistent
3110247,먹골역 1번,골목상권,4,0,0,0.12133588054355104,0.2610292756347574,not_persistent
3110370,도봉세무서,골목상권,4,0,0,0.12084078454330069,0.2580962733058154,not_persistent
3130066,행당시장상점가,전통시장,4,0,0,0.12023127439938447,0.2585558760329203,not_persistent
3120029,을지로2가,발달상권,4,0,0,0.11912462531822854,0.2543020819238553,not_persistent
3120066,장한평역(장한평),발달상권,4,0,0,0.11747001744294609,0.25125012469874086,not_persistent
3130072,성동용답상가시장,전통시장,4,0,0,0.1164616790984486,0.24923312200156733,not_persistent
3110234,중랑역 4번,골목상권,4,0,0,0.1155703658440309,0.24782880862653567,not_persistent
3110228,장안근린공원,골목상권,4,0,0,0.11553799649082151,0.2468705099947872,not_persistent
3111004,삼전역 1번,골목상권,4,0,0,0.11546550905316245,0.24515963493362314,not_persistent
3110057,황학코아루아파트,골목상권,4,0,0,0.11478526035804182,0.24612554928676644,not_persistent
3120006,종각역,발달상권,4,0,0,0.11454267082011046,0.2447591003870686,not_persistent
3120026,을지로입구역,발달상권,4,0,0,0.1135567996791432,0.24232647396845053,not_persistent
3110068,남영역 1번,골목상권,4,0,0,0.11014392049968556,0.23969048971468876,not_persistent
3110377,미아사거리역 3번,골목상권,4,0,0,0.10908225667260578,0.23189762629056787,not_persistent
3120008,인사동,발달상권,4,0,0,0.10862492468126299,0.23561899257464258,not_persistent
3110255,상봉역 4번,골목상권,4,0,0,0.10743131790205371,0.2299489501530081,not_persistent
3110192,동의보감타워,골목상권,4,0,0,0.1070433614764589,0.22865450692623757,not_persistent
3110187,제기동역 6번,골목상권,4,0,0,0.10484978882009566,0.22267350840986122,not_persistent
3110410,방학역 2번,골목상권,4,0,0,0.10206641263767541,0.21790402718190993,not_persistent
3120023,서울시청,발달상권,4,0,0,0.09858021221806136,0.2099295506751968,not_persistent
3110420,광운대역 1번,골목상권,4,0,0,0.09788378130666585,0.20534007735815596,not_persistent
3110233,중랑역 1번,골목상권,4,0,0,0.09699510484820334,0.20617986697123758,not_persistent
3110291,한성대입구역 3번,골목상권,4,0,0,0.09423374387332291,0.19672906104223475,not_persistent
3110090,한국폴리텍대학서울정수캠퍼스,골목상권,4,0,0,0.09189898803055895,0.1977484486133374,not_persistent
3110260,면목역 3번,골목상권,4,0,0,0.09140744986683362,0.19456835417927998,not_persistent
3130002,세종마을음식문화거리(금천교시장),전통시장,4,0,0,0.09057818579144017,0.19378836462232218,not_persistent
3130099,전농로터리시장,전통시장,4,0,0,0.08975694332684293,0.1802834121964123,not_persistent
3110296,성신여대입구역 4번,골목상권,4,0,0,0.08803048563628985,0.18632766021585923,not_persistent
3110216,전농중학교,골목상권,4,0,0,0.08729059683962713,0.18270133696218327,not_persistent
3110115,상왕십리역 3번,골목상권,4,0,0,0.0859861110865161,0.19014130467781776,not_persistent
3120041,신용산역(용산역),발달상권,4,0,0,0.08401125760640124,0.17996811079291763,not_persistent
3110264,면목역 2번,골목상권,4,0,0,0.08252189248440453,0.17293249339444738,not_persistent
3110141,건대입구역 1번,골목상권,4,0,0,0.08172920506454727,0.17300702042448535,not_persistent
3120081,노원역,발달상권,4,0,0,0.07871632943565139,0.17706553505178224,not_persistent
3130115,우림골목시장,전통시장,4,0,0,0.07866175293763021,0.16714241020653908,not_persistent
3110210,서울시립대,골목상권,4,0,0,0.07855689152353842,0.16339783016161924,not_persistent
3130324,길동복조리시장,전통시장,4,0,0,0.07762219597102023,0.16350937482604166,not_persistent
3120186,가로수길,발달상권,4,0,0,0.0759358597604415,0.16071872064622283,not_persistent
3120043,서울역,발달상권,4,0,0,0.0755458615495034,0.15318698922626783,not_persistent
3110520,경의중앙 신촌역,골목상권,4,0,0,0.07470927972661079,0.16145917854834657,not_persistent
3110367,강북구청,골목상권,4,0,0,0.07402595554549185,0.15449385761707113,not_persistent
3120046,이태원(이태원역),발달상권,4,0,0,0.07263052438980509,0.15329738996226983,not_persistent
3110081,해방촌 남동측,골목상권,4,0,0,0.06841364645187246,0.1431267025301528,not_persistent
3110270,혜원여고,골목상권,4,0,0,0.06777382922006404,0.1362476931858767,not_persistent
3110173,구남초등학교,골목상권,4,0,0,0.0675568991442976,0.12790568805330782,not_persistent
3120232,송파나루역,발달상권,4,0,0,0.06662899054058809,0.13789067784583597,not_persistent
3110195,동대문구청,골목상권,4,0,0,0.06662324773878767,0.1428777586754837,not_persistent
3110053,청구역 1번,골목상권,4,0,0,0.06441709139990251,0.13122986954167892,not_persistent
3110364,미아역 8번,골목상권,4,0,0,0.06439767454175885,0.13652018923359233,not_persistent
3120038,약수역,발달상권,4,0,0,0.06412891298665398,0.13160936229886389,not_persistent
3110054,청구역 3번,골목상권,4,0,0,0.062282047011937035,0.1304956263254331,not_persistent
3130078,화양제일골목시장,전통시장,4,0,0,0.061275952425620436,0.13291470973114894,not_persistent
3120218,코엑스,발달상권,4,0,0,0.06033853167763997,0.12563674066840402,not_persistent
3110305,보문역 5번,골목상권,4,0,0,0.058566907418154734,0.11909779385851404,not_persistent
3110166,구의1동주민센터,골목상권,4,0,0,0.058243380950438246,0.11564381924950418,not_persistent
3111060,암사역 2번(서울강동초등학교),골목상권,4,0,0,0.05645483124831334,0.11834455302508662,not_persistent
3120057,아차산역,발달상권,4,0,0,0.051141478080054384,0.10721968092970169,not_persistent
3120001,서대문역,발달상권,4,0,0,0.050955604591800284,0.10353272842200312,not_persistent
3130108,태능엔터피아(태릉시장),전통시장,4,0,0,0.0506087405180128,0.10895689601672398,not_persistent
3130124,번동시장,전통시장,4,0,0,0.048725873201026615,0.10046412349581779,not_persistent
3110429,공릉동 국수거리,골목상권,4,0,0,0.048675793564077335,0.10112559012426026,not_persistent
3110319,종암동주민센터,골목상권,4,0,0,0.0462412890753448,0.09683018682979494,not_persistent
3110376,수송초등학교,골목상권,4,0,0,0.0454421134193455,0.09372541261588552,not_persistent
3110102,옥수역 6번,골목상권,4,0,0,0.04469464630583962,0.09106231364788364,not_persistent
3111010,석촌역 7번,골목상권,4,0,0,0.04404508969993673,0.08851625542612496,not_persistent
3110077,삼광초등학교,골목상권,4,0,0,0.04212985862754182,0.08822554178668263,not_persistent
3120059,구삼강변맛길,발달상권,4,0,0,0.04163889232311381,0.08275297268952819,not_persistent
3110227,답십리공원,골목상권,4,0,0,0.04099650744387092,0.0820486104802356,not_persistent
3120094,"신촌역(신촌역, 신촌로터리)",발달상권,4,0,0,0.04041441261006015,0.08365293360205328,not_persistent
3110079,후암동주민센터,골목상권,4,0,0,0.04009862698279411,0.08094979440883421,not_persistent
3120056,구의역,발달상권,4,0,0,0.03860336979105486,0.07751153141581657,not_persistent
3110030,동대문역 3번,골목상권,4,0,0,0.03784741521164454,0.07507957306135449,not_persistent
3120047,한남오거리,발달상권,4,0,0,0.03657058763986144,0.07342672568231023,not_persistent
3110328,상월곡역 3번,골목상권,4,0,0,0.03606708574700475,0.07569676504270983,not_persistent
3110369,성신여대운정그린캠퍼스,골목상권,4,0,0,0.03594763802158533,0.07038459395969454,not_persistent
3130031,청계천공구상가,전통시장,4,0,0,0.03555115740130762,0.07178610262336793,not_persistent
3110091,리움미술관,골목상권,4,0,0,0.033831818155032584,0.05793065455106294,not_persistent
3111022,석촌중학교(방이육교),골목상권,4,0,0,0.03367153323285482,0.05883124272881535,not_persistent
3110304,보문역 4번,골목상권,4,0,0,0.033652747261164864,0.06601359392357242,not_persistent
3110136,경수초등학교,골목상권,4,0,0,0.03350611863345991,0.0694483970632147,not_persistent
3120107,공덕역(공덕오거리),발달상권,4,0,0,0.033334042178179146,0.06777146929477951,not_persistent
3120084,공릉역,발달상권,4,0,0,0.03331317909962087,0.06681785005171648,not_persistent
3120064,경희대학교(경희대),발달상권,4,0,0,0.03323883168766183,0.06666758478764567,not_persistent
3110163,성자초등학교,골목상권,4,0,0,0.03251443730618876,0.06470928669905796,not_persistent
3120007,북촌(안국역),발달상권,4,0,0,0.031186089271733317,0.06135117280359115,not_persistent
3130101,답십리현대시장,전통시장,4,0,0,0.02828881612625047,0.06499911612912879,not_persistent
3130145,쌍문역둘리상점가,전통시장,4,0,0,0.027123755242363747,0.05238632715146352,not_persistent
3130109,묵1동도깨비시장,전통시장,4,0,0,0.027074276258337058,0.05702441974561534,not_persistent
3110315,종암아이파크2차,골목상권,4,0,0,0.02553690797726083,0.048848025717877164,not_persistent
3110213,청량초등학교,골목상권,4,0,0,0.02338574742924733,0.03936976725633645,not_persistent
3120077,미아역,발달상권,4,0,0,0.022210069845270186,0.04548545494588474,not_persistent
3110359,수유시장옆,골목상권,4,0,0,0.019168756123857406,0.042101577618882224,not_persistent
3130010,종로신진시장,전통시장,4,0,0,0.018175841323798042,0.03524423824990475,not_persistent
3110293,삼선중학교,골목상권,4,0,0,0.017622139637775952,0.030217962935770615,not_persistent
3110278,망우본동주민센터,골목상권,4,0,0,0.01669536633129185,0.03023300852829358,not_persistent
3110191,고려대역 6번,골목상권,4,0,0,0.013168738805185924,0.023801736881929436,not_persistent
3111030,방이역 2번,골목상권,4,0,0,0.012014290609291734,0.018078856240046903,not_persistent
3110199,홍릉시장,골목상권,4,0,0,0.011411583042548148,0.014073011559187165,not_persistent
3130032,인현시장,전통시장,4,0,0,0.010911282219242938,0.0179155546594556,not_persistent
3130132,삼양골목시장(삼양시장),전통시장,4,0,0,0.009122049796729724,0.01331832998064808,not_persistent
3120048,금호역,발달상권,4,0,0,0.008475591107213437,0.011788594151677323,not_persistent
3120069,상봉역,발달상권,4,0,0,0.007877062492015106,0.010080436257008607,not_persistent
3130157,상계중앙시장,전통시장,4,0,0,0.007223986522696643,0.009171428130430925,not_persistent
3120018,중림동,발달상권,4,0,0,0.006018469974085781,0.0037397724569192548,not_persistent
3120053,건대입구역(건대),발달상권,4,0,0,0.0028289077985407204,-0.0004585281083349102,not_persistent
3130001,통인시장,전통시장,4,0,0,0.002194857255032807,0.0011501421095099218,not_persistent
3110063,효창공원앞역 5번,골목상권,4,0,0,0.0010801373144431609,-0.00830068390782479,not_persistent
3110394,방학중학교,골목상권,4,0,0,0.0007048363010269779,-0.0021946705605229155,not_persistent
3130025,삼익패션타운(남대문시장),전통시장,4,0,0,-0.0016592009018843445,-0.008829400286372469,not_persistent
3110288,동구여중,골목상권,4,0,0,-0.002746295153979561,-0.011865349680941328,not_persistent
3110402,도봉구 정병원,골목상권,4,0,0,-0.0027851900866354257,-0.011229620394570539,not_persistent
3110316,숭곡초등학교,골목상권,4,0,0,-0.003353457696118208,-0.015603116522092009,not_persistent
3111013,송파나루역 1번(송리단길),골목상권,4,0,0,-0.0034029650298638154,-0.014089233937776946,not_persistent
3120027,명동역(명동재미로),발달상권,4,0,0,-0.0040297685601077835,-0.012879308221976693,not_persistent
3110254,오거리공원,골목상권,4,0,0,-0.007872964051783546,-0.02407375979419868,not_persistent
3110274,서일대학교,골목상권,4,0,0,-0.008826991677449268,-0.02396370955918581,not_persistent
3111049,천호지구대(천호동자전거거리),골목상권,4,0,0,-0.009766674984464829,-0.027752681301337567,not_persistent
3110970,학동초등학교,골목상권,4,0,0,-0.00977840256361905,-0.03302271344203245,not_persistent
3130195,도화동 상점가,전통시장,4,0,0,-0.011022968854133348,-0.029437398770244094,not_persistent
3130140,숭인시장,전통시장,4,0,0,-0.017059085947104542,-0.04547293305208111,not_persistent
3110968,강남구청역 2번,골목상권,4,0,0,-0.01734081330645322,-0.05371733908392251,not_persistent
3120246,길동역,발달상권,4,0,0,-0.01760497282779134,-0.044137203450778095,not_persistent
3120017,동묘앞역(동묘),발달상권,4,0,0,-0.019061396890251468,-0.047572663040050145,not_persistent
3130100,답십리시장,전통시장,4,0,0,-0.020063238488690096,-0.046402586921978184,not_persistent
3110368,송천초등학교,골목상권,4,0,0,-0.02192602159492038,-0.05508137709397598,not_persistent
3120055,군자역,발달상권,4,0,0,-0.02215013522561998,-0.05476105191203473,not_persistent
3110566,경의선책거리,골목상권,4,0,0,-0.025112494864979712,-0.06145586267647918,not_persistent
3110156,군자역 5번,골목상권,4,0,0,-0.025839525402311873,-0.06658500236114318,not_persistent
3110154,광진정말공원,골목상권,4,0,0,-0.028600577637474072,-0.06738466993334402,not_persistent
3111051,천호역 6번,골목상권,4,0,0,-0.029576497920869464,-0.06638668582338969,not_persistent
3110285,홍대부중,골목상권,4,0,0,-0.030181886515826494,-0.07736700771420768,not_persistent
3110066,서울역 15번,골목상권,4,0,0,-0.030812906261727883,-0.07329203610155677,not_persistent
3110113,응봉산,골목상권,4,0,0,-0.030933175091515965,-0.0766170734552416,not_persistent
3130319,성내전통시장,전통시장,4,0,0,-0.031036606613273503,-0.07080446081587422,not_persistent
3110366,광산사거리,골목상권,4,0,0,-0.031131799421845074,-0.07240967066832305,not_persistent
3120238,방이역,발달상권,4,0,0,-0.031239348047768782,-0.07531358072852967,not_persistent
3111052,암사역 3번(천호동자전거거리),골목상권,4,0,0,-0.033698962340526654,-0.08425287778404034,not_persistent
3110302,보문역 8번,골목상권,4,0,0,-0.03493187426232609,-0.08127766221952637,not_persistent
3120230,송파사거리(송파역),발달상권,4,0,0,-0.03548747708170031,-0.08328815232616016,not_persistent
3120075,월곡역,발달상권,4,0,0,-0.03581489905073177,-0.08556529170939431,not_persistent
3120015,종로6가,발달상권,4,0,0,-0.03623423236438139,-0.086973991154494,not_persistent
3110188,용두동신동아아파트,골목상권,4,0,0,-0.038341297200813924,-0.07559758635080271,not_persistent
3120042,"숙대입구역(남영역, 남영동)",발달상권,4,0,0,-0.038385006944610396,-0.09048098954710504,not_persistent
3110325,장곡초등학교,골목상권,4,0,0,-0.03969382116869816,-0.09464909114976816,not_persistent
3120003,광화문역,발달상권,4,0,0,-0.04173530299362788,-0.0989678895816537,not_persistent
3001491,이태원 관광특구,관광특구,4,0,0,-0.041953241712074416,-0.09642445653876397,not_persistent
3130046,team204(팀204),전통시장,4,1,2,-0.04315467965271208,-0.12266119557956046,not_persistent
3130198,아현시장,전통시장,4,0,0,-0.04329922844964733,-0.10077812754156401,not_persistent
3110018,중앙고등학교,골목상권,4,0,0,-0.044045768690910404,-0.09476314487837634,not_persistent
3120190,강남을지병원,발달상권,4,0,0,-0.04433765698920454,-0.09958094592807853,not_persistent
3120004,종로구청,발달상권,4,0,0,-0.044829660022820295,-0.10271441978685658,not_persistent
3110148,어린이대공원역 3번,골목상권,4,0,0,-0.0449751543822076,-0.1011611829877399,not_persistent
3120247,굽은다리역,발달상권,4,0,0,-0.045583200269896124,-0.10488460183100212,not_persistent
3110432,대진고등학교,골목상권,4,0,0,-0.0461932395554804,-0.10903368976849936,not_persistent
3110159,구의역 4번,골목상권,4,0,0,-0.0496115942707539,-0.11512397179815537,not_persistent
3130015,창신골목시장,전통시장,4,0,0,-0.049644405672565076,-0.11334369727412419,not_persistent
3130159,공릉동 도깨비시장,전통시장,4,0,0,-0.0502122228075777,-0.11470053433384297,not_persistent
3130126,새석관시장,전통시장,4,0,0,-0.05070369752482473,-0.11903494695899441,not_persistent
3110403,방학1동주민센터,골목상권,4,0,0,-0.05135423542304787,-0.11854088525069706,not_persistent
3110243,중랑노인종합복지관,골목상권,4,0,0,-0.05141247446663544,-0.11690400949908586,not_persistent
3130314,풍납시장,전통시장,4,0,0,-0.05188874191262974,-0.12070528279675852,not_persistent
3120012,대학로(혜화역),발달상권,4,0,0,-0.052121303987406456,-0.119871804851031,not_persistent
3110167,용마초등학교,골목상권,4,0,0,-0.05226822444493784,-0.12014145549059663,not_persistent
3120233,몽촌토성역,발달상권,4,0,0,-0.05551360638287504,-0.1274118180624999,not_persistent
3120013,이화사거리,발달상권,4,0,0,-0.05601438940032438,-0.12843068630577292,not_persistent
3130313,방이시장,전통시장,4,0,0,-0.05696309172941061,-0.13292669902105736,not_persistent
3111076,둔촌2동주민센터,골목상권,4,0,0,-0.057608172431939136,-0.13534379709083577,not_persistent
3110152,중곡어린이공원,골목상권,4,0,0,-0.058696840967588086,-0.13159291637216164,not_persistent
3130112,사가정시장,전통시장,4,0,0,-0.05874450605353228,-0.1346296594918659,not_persistent
3110075,숙대입구역 1번,골목상권,4,0,0,-0.05907103947407202,-0.1349993763324795,not_persistent
3110211,전곡마을마당공원,골목상권,4,0,0,-0.06065591713133679,-0.14238521420338035,not_persistent
3110277,러스크서울병원,골목상권,4,0,0,-0.06405181626850581,-0.14793731894049245,not_persistent
3130016,동대문상가B동,전통시장,4,0,0,-0.0645202990074579,-0.1445008718927765,not_persistent
3110128,성원중학교,골목상권,4,0,0,-0.06520654718448339,-0.1487487833138399,not_persistent
3110104,신금호역 4번,골목상권,4,0,0,-0.06583025739960117,-0.15282574832892593,not_persistent
3130146,쌍문시장(쌍문역골목시장),전통시장,4,0,0,-0.06650977782817882,-0.15270092598030338,not_persistent
3110140,건대입구역 6번,골목상권,4,0,0,-0.06757210469300778,-0.15332095024246062,not_persistent
3110439,당고개역 5번,골목상권,4,0,0,-0.0682466290712003,-0.15610316890192166,not_persistent
3130069,"한양대앞상점가(한양시장, 왕십리맛골목)",전통시장,4,0,0,-0.06827221520470719,-0.1563813828422722,not_persistent
3120037,동대문역사문화공원역,발달상권,4,0,0,-0.06999541879000425,-0.16251681632340098,not_persistent
3120051,뚝섬역,발달상권,4,0,0,-0.07003460975961052,-0.16269083198850254,not_persistent
3110422,노원역 9번,골목상권,4,0,0,-0.07558706602960685,-0.17491134253119967,not_persistent
3110253,중곡초등학교,골목상권,4,0,0,-0.07672588358259987,-0.1780824564938186,not_persistent
3110151,자양한강도서관,골목상권,4,0,0,-0.07770495337205933,-0.17422238088523123,not_persistent
3120167,고속터미널(고속터미널역),발달상권,4,0,0,-0.07828149806024279,-0.1876019496620609,not_persistent
3120103,홍대입구역(홍대),발달상권,4,0,0,-0.07969643197088895,-0.17897547491353638,not_persistent
3120025,롯데백화점(시청광장 지하쇼핑센터),발달상권,4,0,0,-0.08047398138569571,-0.1743806159938277,not_persistent
3120052,성수역,발달상권,4,0,0,-0.0841582416328491,-0.18803392632309812,not_persistent
3111077,길동주민센터(강동도서관),골목상권,4,0,0,-0.08510460429838249,-0.19078855181645427,not_persistent
3110400,도봉구보건소,골목상권,4,0,0,-0.085347222917667,-0.19470796547254032,not_persistent
3110529,홍제3동주민센터,골목상권,4,0,0,-0.08596745814572844,-0.19410878606164417,not_persistent
3110582,이대역 5번,골목상권,4,0,0,-0.08686884261907589,-0.19342813556140737,not_persistent
3110250,화랑대역 7번,골목상권,4,0,0,-0.08740053225947214,-0.19689582372744852,not_persistent
3130067,왕십리도선동상점가,전통시장,4,0,0,-0.08750172123920893,-0.19604267084471605,not_persistent
3130110,면목골목시장(면목시장),전통시장,4,0,0,-0.08938514147133662,-0.19977486518451215,not_persistent
3110217,자동차부품상가,골목상권,4,0,0,-0.0912615083848728,-0.21150412791831563,not_persistent
3120024,회현역,발달상권,4,0,0,-0.09279782691220928,-0.20844388681256554,not_persistent
3120228,석촌역(석촌호수),발달상권,4,0,0,-0.09338994168047557,-0.2098948497977844,not_persistent
3110572,서강대역 1번,골목상권,4,0,0,-0.09388684011723088,-0.21099432948360963,not_persistent
3130114,유영시장,전통시장,4,0,0,-0.09714633794802198,-0.21350424959316844,not_persistent
3130073,뚝도시장,전통시장,4,0,0,-0.09856600495159283,-0.2200798377924622,not_persistent
3120213,삼성중앙역,발달상권,4,0,0,-0.09923873422524702,-0.22284442461481024,not_persistent
3110413,누원고등학교,골목상권,4,0,0,-0.09979654636193135,-0.22198542562393442,not_persistent
3120063,청량리역(청량리),발달상권,4,0,0,-0.09989320455096662,-0.2243430678069176,not_persistent
3120214,영동대교남단교차로,발달상권,4,0,0,-0.10379852712750735,-0.23569870618114397,not_persistent
3130106,중랑동부시장,전통시장,4,0,0,-0.10392034285926707,-0.23474450708351924,not_persistent
3120011,종로4가,발달상권,4,0,0,-0.10419278849280562,-0.22909557998898578,not_persistent
3120002,서촌(경복궁역),발달상권,4,0,0,-0.1065584920711074,-0.2390905881934282,not_persistent
3111048,천호역 1번(천호문구완구거리),골목상권,4,0,0,-0.10836636720210846,-0.2434565374310793,not_persistent
3120019,경찰청앞교차로,발달상권,4,0,0,-0.11125699531596321,-0.24911849633246597,not_persistent
3110174,아차산역 1번,골목상권,4,0,0,-0.1114402615867128,-0.24561870238518413,not_persistent
3111073,둔촌동역 1번(한산중학교),골목상권,4,0,0,-0.11154581092389533,-0.2503045532349484,not_persistent
3110225,촬영소사거리,골목상권,4,0,0,-0.11279334036393718,-0.2532742863032045,not_persistent
3111061,암사역 1번,골목상권,4,0,0,-0.11290032035059139,-0.2524933741507551,not_persistent
3110158,중곡3동주민센터,골목상권,4,0,0,-0.11503388360859869,-0.25600560730972255,not_persistent
3130139,강북종합전통시장(강북종합골목시장),전통시장,4,0,0,-0.11648776308231779,-0.2589323639699668,not_persistent
3110056,신당역 3번,골목상권,4,0,0,-0.11658363924603402,-0.2613391215056815,not_persistent
3110142,화양사거리,골목상권,4,0,0,-0.118851191412867,-0.26580089946074903,not_persistent
3110047,다산성곽길,골목상권,4,0,0,-0.12056050589403315,-0.28298773670040767,not_persistent
3110088,오산고등학교,골목상권,4,0,0,-0.12097262531813444,-0.2712456135007457,not_persistent
3110084,경리단길북측,골목상권,4,0,0,-0.121446484134615,-0.2746939869389129,not_persistent
3110375,서울북부고용노동지청,골목상권,4,0,0,-0.12145401875533988,-0.25293536412881856,not_persistent
3110172,광진초등학교,골목상권,4,0,0,-0.121602838110588,-0.27475750032494606,not_persistent
3110425,계상초등학교,골목상권,4,0,0,-0.1264733726000422,-0.2833711216284325,not_persistent
3110372,강북중학교,골목상권,4,0,0,-0.12782039205713008,-0.2919009594014188,not_persistent
3110085,경리단길남측,골목상권,4,0,0,-0.12794878767676773,-0.2851998882910527,not_persistent
3130128,돌곶이시장(석관황금시장),전통시장,4,0,0,-0.12932252873091404,-0.28597495723199184,not_persistent
3110569,홍대땡땡거리,골목상권,4,0,0,-0.12957918074118097,-0.290395761681153,not_persistent
3120106,마포역,발달상권,4,0,0,-0.13046723305924376,-0.2930550611346696,not_persistent
3111080,굽은다리역 3번,골목상권,4,0,0,-0.13172128026666635,-0.29270962281141966,not_persistent
3111015,석촌역 3번,골목상권,4,0,0,-0.13337100271765956,-0.3041121327615963,not_persistent
3110334,석관중앙교회,골목상권,4,0,0,-0.13424411413569926,-0.3009330694427206,not_persistent
3110007,사직공원(한국사회과학도서관),골목상권,4,1,1,-0.13471245784806246,-0.38244563956022404,not_persistent
3130007,광장시장(광장전통시장),전통시장,4,0,0,-0.1369552444645485,-0.30404473838221424,not_persistent
3120032,충무로역,발달상권,4,0,0,-0.13885361480916925,-0.31045991058537314,not_persistent
3130125,장위전통시장,전통시장,4,0,0,-0.13968743920720592,-0.31232181007743076,not_persistent
3110527,홍제역 2번,골목상권,4,0,0,-0.14119174183972108,-0.3192052117568025,not_persistent
3111075,굽은다리역 2번,골목상권,4,0,0,-0.14265566407440278,-0.31995873505873806,not_persistent
3110409,창동역 2번,골목상권,4,0,0,-0.1427743286747234,-0.31799855009496714,not_persistent
3110365,미아역 5번,골목상권,4,0,0,-0.14421951971443656,-0.3221506265919132,not_persistent
3120009,종로3가역,발달상권,4,0,0,-0.14690616959916464,-0.32743892297888344,not_persistent
3110399,창2동주민센터,골목상권,4,0,0,-0.14712081051709408,-0.327629378283568,not_persistent
3120194,언주역(차병원),발달상권,4,0,0,-0.14840710212826105,-0.321320050957004,not_persistent
3110525,홍은종합사회복지관,골목상권,4,0,0,-0.14950135802153577,-0.3364428282466445,not_persistent
3110205,경희대삼거리,골목상권,4,0,0,-0.14959378853822472,-0.33284059881096173,not_persistent
3110537,충정로현대아파트,골목상권,4,0,0,-0.15007353595712952,-0.3372668204818581,not_persistent
3110026,종로5가역 4번,골목상권,4,0,1,-0.15365669823664646,-0.3137344752946003,not_persistent
3110360,수유초등학교,골목상권,4,0,0,-0.15389836926045206,-0.342219867090626,not_persistent
3120086,태릉입구역,발달상권,4,0,0,-0.1540991442541127,-0.34615159695539255,not_persistent
3110138,송정체육공원,골목상권,4,0,0,-0.15430236387836876,-0.3446211315116141,not_persistent
3110301,성신여대입구역 7번,골목상권,4,0,0,-0.15694052252918028,-0.3495240903174066,not_persistent
3110008,배화여자대학교(박노수미술관),골목상권,4,0,0,-0.15717345406118063,-0.3501308091893085,not_persistent
3110428,상계5동주민센터,골목상권,4,0,0,-0.15884937067472438,-0.35692705259185953,not_persistent
3110579,마포역 4번,골목상권,4,0,0,-0.1635232386256793,-0.37899866510900004,not_persistent
3120096,"이화여대(이대역, 이대)",발달상권,4,0,0,-0.1663078402134853,-0.3710785230193361,not_persistent
3111078,굽은다리역 4번,골목상권,4,0,0,-0.16885571956051817,-0.37672823446520187,not_persistent
3120191,학동역,발달상권,4,0,0,-0.1690719875660363,-0.3750050511878893,not_persistent
3110267,망우역 2번,골목상권,4,0,0,-0.17011035418167061,-0.3803713022735735,not_persistent
3110207,시립대앞사거리,골목상권,4,0,0,-0.1728000939971512,-0.384066362802427,not_persistent
3110133,서울교통공사,골목상권,4,0,0,-0.18057424528642715,-0.4048135873070695,not_persistent
3130055,"황학시장(서울중앙시장, 신중앙시장)",전통시장,4,0,0,-0.18076376010938386,-0.4081597054430395,not_persistent
3130154,상계주공1단지(가)상가,전통시장,4,0,0,-0.18140360716778994,-0.39174694716415104,not_persistent
3110423,석계역 2번,골목상권,4,0,0,-0.18358555153762135,-0.41003008435026445,not_persistent
3120097,충정로역,발달상권,4,0,0,-0.19028586800642416,-0.42557194957279787,not_persistent
3110169,성동초등학교,골목상권,4,0,0,-0.1943700407241024,-0.4299277684797227,not_persistent
3110297,경동고등학교,골목상권,4,0,0,-0.1958192631949487,-0.4314501455141073,not_persistent
3110019,창덕궁,골목상권,4,0,0,-0.19915382686915364,-0.4402908648019155,not_persistent
3110329,우리은행체육관,골목상권,4,0,0,-0.19931665645698854,-0.444264201303743,not_persistent
3110258,면동초등학교,골목상권,4,0,0,-0.20319966144979562,-0.44468841582144236,not_persistent
3110021,성균관대학교,골목상권,4,0,0,-0.20486538338607613,-0.45255200322992284,not_persistent
3110022,경신고등학교,골목상권,4,0,0,-0.2136046198525645,-0.4745806452420176,not_persistent
3110261,사가정역 4번,골목상권,4,0,0,-0.21379214105145744,-0.477855456151854,not_persistent
3130153,창동역상점가,전통시장,4,0,0,-0.21521046473127586,-0.47602915137649227,not_persistent
3110322,장위1동주민센터,골목상권,4,0,0,-0.21538778272997122,-0.4790677890946897,not_persistent
3110061,효창동주민센터,골목상권,4,0,0,-0.2154678646228268,-0.4767143795482305,not_persistent
3110135,성동세무서,골목상권,4,0,0,-0.21576651632477997,-0.4805155783191477,not_persistent
3110040,중구회현체육센터(정화예술대남산캠퍼스),골목상권,4,0,0,-0.21841750362875156,-0.48571955584505844,not_persistent
3110055,황학동벼룩시장,골목상권,4,0,0,-0.21924762199731374,-0.5036193850186477,not_persistent
3110212,답십리초등학교,골목상권,4,0,0,-0.2203540052671471,-0.490069042399929,not_persistent
3110949,한남IC,골목상권,4,0,0,-0.2210642057222848,-0.48800831230843933,not_persistent
3110321,동덕여대,골목상권,4,0,0,-0.22208537646116683,-0.4739301856576702,not_persistent
3110955,논현초등학교,골목상권,4,0,0,-0.2221968220354066,-0.4919797063668909,not_persistent
3110361,삼양사거리역 1번,골목상권,4,0,0,-0.22246488765930472,-0.4987711526818499,not_persistent
3130071,성수역 골목형상점가,전통시장,4,0,0,-0.22266622596422614,-0.49724458616446743,not_persistent
3110105,금동어린이공원,골목상권,4,0,0,-0.22317998041730044,-0.49673188316183037,not_persistent
3110586,서울서부지방법원,골목상권,4,0,0,-0.2235385227062355,-0.4977550258414194,not_persistent
3120049,왕십리역(왕십리),발달상권,4,0,0,-0.2237349144652099,-0.49497773855703286,not_persistent
3110323,상월곡역 1번,골목상권,4,0,0,-0.2249115956195365,-0.49378676809849065,not_persistent
3110303,성신여대입구역 1번,골목상권,4,0,0,-0.22521377972063003,-0.4997112319116397,not_persistent
3110126,서울숲역 1번,골목상권,4,0,0,-0.22644831017893863,-0.49718438234384177,not_persistent
3130020,동묘시장(동묘벼룩시장),전통시장,4,0,0,-0.23044857007690167,-0.5038037406782498,not_persistent
3110263,면목역 1번,골목상권,4,0,0,-0.2311766308251192,-0.513934840555665,not_persistent
3110161,중곡역 3번,골목상권,4,0,0,-0.2331456525817203,-0.516638936521268,not_persistent
3110110,상왕십리역 6번,골목상권,4,0,0,-0.23362964512745066,-0.5187072070733105,not_persistent
3111035,오금공원(오주중학교),골목상권,4,0,0,-0.24012259244564887,-0.5394510671033919,not_persistent
3120016,동대문역,발달상권,4,0,0,-0.24096749133649323,-0.5322397866498552,not_persistent
3110330,돌곶이역 1번,골목상권,4,0,0,-0.24216769197331367,-0.534556305342285,not_persistent
3110300,삼선동주민센터,골목상권,4,0,0,-0.24252051468783686,-0.5370023553969974,not_persistent
3120054,어린이대공원역,발달상권,4,0,0,-0.24261493263945497,-0.5381060069010095,not_persistent
3120207,선정릉역,발달상권,4,0,0,-0.24636876542278907,-0.5483592228283882,not_persistent
3111067,강동구립성내도서관,골목상권,4,0,0,-0.24695743843213197,-0.5480090254880103,not_persistent
3110215,회기역 1번,골목상권,4,0,0,-0.25030924168994073,-0.5546637761368514,not_persistent
3120062,신설동역,발달상권,4,0,0,-0.25169540747700037,-0.5564081237704261,not_persistent
3130022,숭례문수입상가(남대문시장),전통시장,4,0,0,-0.25315580677987537,-0.5593542716739526,not_persistent
3110157,자양동우체국,골목상권,4,0,0,-0.2555906610172471,-0.5658992785685761,not_persistent
3110418,광운대학교 남단,골목상권,4,0,0,-0.2571616872580779,-0.5677800274936748,not_persistent
3110139,자양4동주민센터,골목상권,4,0,0,-0.26400452819194653,-0.5831348710820512,not_persistent
3110035,동묘앞역 2번,골목상권,4,0,0,-0.2659339846342854,-0.5927579216317369,not_persistent
3110121,한양대역 4번,골목상권,4,0,0,-0.2672512942436259,-0.5896310873258308,not_persistent
3110146,신자초등학교,골목상권,4,0,0,-0.273372487239329,-0.6048778946991913,not_persistent
3130135,수유중앙골목시장(수유중앙시장),전통시장,4,0,0,-0.2742930405592719,-0.6036728743744986,not_persistent
3110266,면목동우체국,골목상권,4,0,0,-0.2780259983279167,-0.618118770662818,not_persistent
3120242,강동구청역,발달상권,4,0,0,-0.2783674062711217,-0.6173754907176363,not_persistent
3120035,퇴계로5가,발달상권,4,0,0,-0.2803512253406301,-0.6250272527907876,not_persistent
3110144,어린이대공원역 4번,골목상권,4,0,0,-0.2846314678894869,-0.6279065310425285,not_persistent
3110966,논현2동주민센터,골목상권,4,0,0,-0.2897353266053982,-0.6431924903794801,not_persistent
3110145,장안초등학교,골목상권,4,0,0,-0.29363512721215723,-0.6709215455734769,not_persistent
3130098,회기시장,전통시장,4,0,0,-0.2956012358359492,-0.6536309238972722,not_persistent
3110111,대현산장미원,골목상권,4,0,0,-0.2968054907714359,-0.6628664877656212,not_persistent
3110155,광진구청,골목상권,4,0,0,-0.2971195540521638,-0.6589690818779657,not_persistent
3120102,서교동(홍대),발달상권,4,0,0,-0.29758260079374654,-0.6547577789933126,not_persistent
3120030,중부경찰서(영화인의거리),발달상권,4,0,0,-0.3035891367357477,-0.6707244436946942,not_persistent
3110162,군자역 4번,골목상권,4,0,0,-0.30440994915257746,-0.6733393658781228,not_persistent
3110231,장안교,골목상권,4,0,0,-0.3070496498229673,-0.6660352457932844,not_persistent
3120044,삼각지역,발달상권,4,0,0,-0.3078309054896569,-0.6805991661680064,not_persistent
3110832,노량진초등학교,골목상권,4,0,0,-0.3084351413074281,-0.6820602345518747,not_persistent
3110203,떡전교사거리,골목상권,4,0,0,-0.30883361887174365,-0.682628595786885,not_persistent
3110117,성동구보건소,골목상권,4,0,0,-0.3093772672472562,-0.6880061926961307,not_persistent
3110124,뚝섬역교차로,골목상권,4,0,0,-0.3207477746865166,-0.7100573215611874,not_persistent
3110952,논현목련공원,골목상권,4,0,0,-0.3221765166988704,-0.7029695291310638,not_persistent
3120196,서울세관,발달상권,4,0,0,-0.323025850739405,-0.7161338539880999,not_persistent
3130179,"이화여대 3,5,7길 상점가",전통시장,4,0,0,-0.32558513582988463,-0.716350421285215,not_persistent
3130065,무학봉상점가,전통시장,4,0,0,-0.32653136828496065,-0.7234316268000063,not_persistent
3120216,경기고교사거리(경기고교앞사거리),발달상권,4,0,0,-0.32939834757983866,-0.7304443686405779,not_persistent
3110957,언북중학교,골목상권,4,0,0,-0.33191635987972373,-0.7345275127167277,not_persistent
3130178,이대 앞 스타트업 상점가,전통시장,4,0,0,-0.3332520477718483,-0.735729733817597,not_persistent
3120071,성북구청,발달상권,4,0,0,-0.33572681029192974,-0.7429083251843087,not_persistent
3110193,고려대역 4번,골목상권,4,0,0,-0.3400996551922261,-0.7535028199423879,not_persistent
3130181,아현가구거리상점가,전통시장,4,0,0,-0.3417184324741811,-0.751212424655054,not_persistent
3120065,회기역,발달상권,4,0,0,-0.34208346115959787,-0.7555197429383202,not_persistent
3110176,해오름공원,골목상권,4,0,0,-0.3429683971696257,-0.7574011656284609,not_persistent
3110251,장안중학교,골목상권,4,0,0,-0.34849315552386095,-0.7695714412294485,not_persistent
3110206,텃골근린공원,골목상권,4,0,0,-0.3486230137466161,-0.7676618429362145,not_persistent
3120239,오금역,발달상권,4,0,0,-0.3493345400510437,-0.7730302139831373,not_persistent
3110951,신사은행나무공원,골목상권,4,0,0,-0.3522998006154426,-0.7736855314144009,not_persistent
3111063,강동구립 천호도서관,골목상권,4,0,0,-0.3542361106024084,-0.784398608659016,not_persistent
3110437,당고개역 2번,골목상권,4,0,0,-0.35456284281255757,-0.7904905842945835,not_persistent
3111064,둔촌동역 4번,골목상권,4,0,0,-0.3617641704616379,-0.8015399593858143,not_persistent
3130076,능동로골목시장,전통시장,4,0,0,-0.3659364068701362,-0.8080523971666134,not_persistent
3110973,강남구청역 4번,골목상권,4,0,0,-0.3697665396475066,-0.8143848813583947,not_persistent
3110982,강남구보훈회관,골목상권,4,0,0,-0.37098995525215306,-0.8159103056894343,not_persistent
3111066,암사동성당(효정하나플러스아파트),골목상권,4,0,0,-0.3752190590610431,-0.8263486519376331,not_persistent
3110043,충무초등학교,골목상권,4,0,0,-0.3835747074371201,-0.8435353652718351,not_persistent
3120034,중구청(퇴계로4가),발달상권,4,0,0,-0.3863485769481267,-0.8563123156613814,not_persistent
3110358,인수동 우편취급국,골목상권,4,0,0,-0.38936576788752786,-0.8734845321726734,not_persistent
3110129,성원어린이공원,골목상권,4,0,0,-0.39576687845987213,-0.8741928311556979,not_persistent
3110373,수유역 2번,골목상권,4,0,0,-0.39618446825506676,-0.8718044218448773,not_persistent
3110037,신설동역 12번,골목상권,4,0,0,-0.39683443777029864,-0.8731184565365018,not_persistent
3111012,석촌역 6번,골목상권,4,0,0,-0.40491004271158954,-0.8884544745379941,not_persistent
3110580,양원초등학교,골목상권,4,0,0,-0.4084219368313951,-0.8904427471390255,not_persistent
3120005,삼청동,발달상권,4,0,0,-0.41410248797894256,-0.9091172284498912,not_persistent
3110575,대흥동주민센터,골목상권,4,0,0,-0.41548311742028127,-0.9205065016113467,not_persistent
3110242,면목5동주민센터,골목상권,4,0,0,-0.4294365294462683,-0.950118566605922,not_persistent
3110109,금호삼성래미안아파트,골목상권,4,0,0,-0.4319797135625961,-0.9469530215333126,not_persistent
3110522,홍제역 3번,골목상권,4,0,0,-0.4355562135711247,-0.9432013309109966,not_persistent
3111019,한성백제역 3번,골목상권,4,0,0,-0.4363724471743308,-0.9582228614306381,not_persistent
3130054,황학동주방가구거리상점가,전통시장,4,0,0,-0.4369798353487168,-0.9672990443847658,not_persistent
3110175,푸른동산공원,골목상권,4,0,0,-0.4389809109721354,-0.9680990179141737,not_persistent
3110025,충신시장옆,골목상권,4,0,0,-0.4418904501279064,-0.9777685647624166,not_persistent
3110178,장로회신학대학교,골목상권,4,0,0,-0.4453779215272494,-0.9966707286549426,not_persistent
3110170,동대부여고,골목상권,4,0,0,-0.4459278960840394,-0.98008036640692,not_persistent
3110426,상계2동주민센터,골목상권,4,0,0,-0.44626411432485996,-0.9820410998882734,not_persistent
3110246,월드순복음교회,골목상권,4,0,0,-0.45306372206607387,-0.9997059826902159,not_persistent
3111069,천호1동주민센터,골목상권,4,0,0,-0.45394244798113503,-1.0085883211491362,not_persistent
3110976,언북초등학교,골목상권,4,0,0,-0.45563450374045467,-1.0103618955785274,not_persistent
3110236,신묵초등학교,골목상권,4,0,0,-0.4571468550099021,-1.007835769238075,not_persistent
3110150,중곡1동 마을마당,골목상권,4,0,0,-0.4585145049278605,-1.010411510225258,not_persistent
3110130,답십리역 6번,골목상권,4,0,0,-0.46512186107699893,-1.0347719945823224,not_persistent
3110306,미아초등학교,골목상권,4,0,0,-0.46680029845014503,-1.0274568922766614,not_persistent
3130122,밤나무골시장,전통시장,4,0,0,-0.4854235485534172,-1.0784795398782592,not_persistent
3130064,금남시장,전통시장,4,0,0,-0.49848183536352764,-1.1035705000199538,not_persistent
3110031,창신역 1번,골목상권,4,0,0,-0.5106021567305115,-1.1430933497591536,not_persistent
3130050,청평화시장,전통시장,4,0,0,-0.5139755614813031,-1.1364909335550823,not_persistent
3130082,면곡골목시장,전통시장,4,0,1,-0.5140326042778975,-1.1436191856265365,not_persistent
3120010,원남동사거리,발달상권,4,0,0,-0.5146165010985373,-1.1252926795025946,not_persistent
3110182,용두희망어린이공원,골목상권,4,0,0,-0.5225054653446075,-1.1404863390015496,not_persistent
3130051,동화동 골목형상점가,전통시장,4,0,0,-0.5318705927946399,-1.1865455438992711,not_persistent
3120073,미아사거리,발달상권,4,0,0,-0.5331255577748744,-1.1671785974847184,not_persistent
3110132,성수2가3동주민센터,골목상권,4,0,0,-0.5369957599430575,-1.1783829518256272,not_persistent
3110411,도봉역 3번,골목상권,4,0,0,-0.5373044376945353,-1.1801846694627338,not_persistent
3110127,성수1가1동주민센터,골목상권,4,0,0,-0.5543117027316405,-1.2220702705124715,not_persistent
3110096,한남힐사이드아파트,골목상권,4,0,0,-0.5624112540532539,-1.2406919398092944,not_persistent
3110168,대원고등학교,골목상권,4,0,0,-0.5669573276985326,-1.2480325730932922,not_persistent
3110336,석관고등학교,골목상권,4,0,0,-0.5702659224938034,-1.2563549940195626,not_persistent
3110183,한국의류시험연구원,골목상권,4,0,0,-0.5803308801082445,-1.2794527745099922,not_persistent
3110985,청담근린공원,골목상권,4,0,1,-0.5908598215084342,-1.3159289665353207,not_persistent
3110571,신수동주민센터,골목상권,4,0,0,-0.6026143099399981,-1.3282851096411274,not_persistent
3130080,자양종합시장(기능상실),전통시장,4,0,0,-0.6124649795388042,-1.3723911216916331,not_persistent
3110434,태릉입구역 4번,골목상권,4,0,0,-0.624478163346186,-1.373760459918861,not_persistent
3110087,이태원엔틱가구거리,골목상권,4,0,0,-0.6273277470785452,-1.3815613871162329,not_persistent
3110374,송중초등학교,골목상권,4,0,0,-0.6865707717803293,-1.5116996235924614,not_persistent
3110120,서울숲카페거리,골목상권,4,0,0,-0.6889944022377268,-1.51063894215625,not_persistent
3110181,신설동역 9번,골목상권,4,0,0,-0.7035850068345616,-1.5454687265095517,not_persistent
3111058,성내중학교,골목상권,4,0,0,-0.7094875985927898,-1.5629338373625545,not_persistent
3110309,대광초등학교,골목상권,4,0,1,-0.7242633584176041,-1.5710683729691857,not_persistent
3110307,길음역 7번,골목상권,4,0,0,-0.7378539804898645,-1.621975993727026,not_persistent
3110223,군자초등학교,골목상권,4,0,0,-0.7463412820968988,-1.6479439283584574,not_persistent
3110573,신촌역 6번,골목상권,4,0,1,-0.7489795093287854,-1.63687774774517,not_persistent
3110587,공덕동주민센터,골목상권,4,0,0,-0.7502880289460707,-1.6507689869401423,not_persistent
3130061,이태원시장,전통시장,4,0,1,-0.7849008994371034,-1.7296373016662665,not_persistent
3110257,상봉역 7번,골목상권,4,0,0,-0.788829072404134,-1.7382799282478194,not_persistent
3120177,신논현역 1번,발달상권,4,0,0,-0.791127425982662,-1.7396218403170849,not_persistent
3110974,언주중학교,골목상권,4,0,1,-0.8059785608022244,-1.7758314455894437,not_persistent
3110160,광진경찰서,골목상권,4,0,2,-0.8079922013379572,-1.772067278944327,not_persistent
3110433,공릉역 2번,골목상권,4,0,0,-0.817710953119112,-1.7966998967979029,not_persistent
3120050,서울숲역,발달상권,4,0,0,-0.8253900338552302,-1.8104014463176616,not_persistent
3110311,종암아이파크2차후문,골목상권,4,0,1,-0.8495355618515619,-1.8588983382896584,not_persistent
3110298,솔숲어린이공원,골목상권,4,0,2,-0.8637019938825757,-1.9209743340081564,not_persistent
3130321,장신구 특화거리 상점가,전통시장,4,0,1,-0.8758887228033478,-1.9216866182064445,not_persistent
3130034,필동 골목형상점가,전통시장,4,0,2,-0.9466824285206138,-2.084262733140053,not_persistent
3110073,삼각지역 3번,골목상권,4,0,2,-1.0030446913406417,-2.2086065302908553,not_persistent
3110097,한남초등학교,골목상권,4,0,2,-1.0170872943870954,-2.239012525785118,not_persistent
3130012,"동대문종합시장(동대문종합시장 신관, 동대문종합시장D동상가)",전통시장,4,0,2,-1.0642758151070375,-2.3410948266560254,not_persistent
3110276,신내IC북측,골목상권,4,0,2,-1.152152500869513,-2.5476323998334256,not_persistent
3110440,상계3동4동주민센터,골목상권,4,0,1,-1.3698746140211204,-2.916721762537236,not_persistent
3130142,강북북부시장,전통시장,4,1,2,-2.1563086147318757,-4.726927779953872,not_persistent
3130077,조양시장,전통시장,4,1,2,-2.228964123985753,-4.797269279213395,not_persistent
3130038,"평화시장(통일상가, 동화상가)",전통시장,4,0,2,-4.101176256821561,-9.124523827945326,not_persistent
3130127,석관시장,전통시장,4,4,0,4.703153209312768,10.23915424415224,persistently_above_expected
3110271,신내역 1번,골목상권,4,4,0,3.5509066817760595,7.787560045579239,persistently_above_expected
3110171,중곡4동주민센터,골목상권,4,4,0,3.1236222410155308,6.843298431092814,persistently_above_expected
3110200,동대문경찰서,골목상권,4,4,0,3.0484495742460487,6.648336137242791,persistently_above_expected
3110015,청와대사랑채,골목상권,4,4,0,2.679434099417675,5.854931113456187,persistently_above_expected
3110534,경기대학교,골목상권,4,4,0,2.6577627652167086,5.827962856957822,persistently_above_expected
3110412,창동중학교,골목상권,4,4,0,2.608860661179271,5.72358320312104,persistently_above_expected
3130014,동문시장,전통시장,4,4,0,2.2330596789690125,4.927065891236061,persistently_above_expected
3110238,배꽃어린이공원,골목상권,4,4,0,2.2267726856793626,4.821620461114816,persistently_above_expected
3130103,이경시장,전통시장,4,3,0,2.20031687815458,4.848990779945785,persistently_above_expected
3110533,충정로역 7번,골목상권,4,4,0,2.0391100545160095,4.5206630215589705,persistently_above_expected
3110280,북정마을,골목상권,4,4,0,2.0265618393406792,4.440892277569554,persistently_above_expected
3110198,동대문중앙새마을금고본점,골목상권,4,4,0,2.006065601969803,4.407104148049379,persistently_above_expected
3130089,청량리수산시장,전통시장,4,4,0,1.9979772861286664,4.366569300837999,persistently_above_expected
3130151,신도봉시장,전통시장,4,4,0,1.952988075664454,4.291749429330839,persistently_above_expected
3110149,세종대학교,골목상권,4,4,0,1.8837551511047135,4.0687568047537,persistently_above_expected
3130074,영동교골목시장,전통시장,4,4,0,1.8107410955996306,4.007195510188424,persistently_above_expected
3130093,동서시장,전통시장,4,4,0,1.7193189477882025,3.7601222274142536,persistently_above_expected
3110065,남정초등학교,골목상권,4,4,0,1.6943108475467445,3.6945390921611327,persistently_above_expected
3110108,성동구립금호도서관,골목상권,4,4,0,1.6691985031147465,3.6551450001386656,persistently_above_expected
3130004,낙원시장(낙원지하시장(대일상가)),전통시장,4,3,0,1.568683917383568,3.4201089912530556,persistently_above_expected
3110044,관성묘,골목상권,4,3,0,1.5568239585253976,3.3685557299153563,persistently_above_expected
3130096,동부시장,전통시장,4,3,0,1.4818612599374856,3.2244682494068053,persistently_above_expected
3110185,용두초등학교,골목상권,4,4,0,1.4610286679367923,3.1796587497203204,persistently_above_expected
3110248,먹골파출소,골목상권,4,4,0,1.380837578295779,3.0264794359609857,persistently_above_expected
3110027,혜화역 1번,골목상권,4,4,0,1.3615097755070344,2.9788746656422926,persistently_above_expected
3110959,신구중학교,골목상권,4,4,0,1.2943252866525994,2.833306552008793,persistently_above_expected
3111068,강동성심병원,골목상권,4,4,0,1.2908462728160486,2.812163775511622,persistently_above_expected
3111054,암사역 4번(삼성광나루아파트),골목상권,4,4,0,1.2700970461758507,2.788615782215948,persistently_above_expected
3110401,도봉구민회관,골목상권,4,4,0,1.242949496646146,2.713397134289951,persistently_above_expected
3110202,전농1동주민센터(전농시장),골목상권,4,3,0,1.1941488375699039,2.608986259517277,persistently_above_expected
3120223,휘문고교사거리,발달상권,4,4,0,1.0751085980728856,2.348829481274991,persistently_above_expected
3130048,동평화시장,전통시장,4,3,0,1.0675717193669392,2.3388738385987073,persistently_above_expected
3110442,화랑대철도공원,골목상권,4,3,0,1.0596283322561741,2.30860700969869,persistently_above_expected
3110017,정독도서관,골목상권,4,0,3,-1.0186593225417804,-2.2406895076366045,persistently_below_expected
3110990,청담역 12번,골목상권,4,0,3,-1.0481173940579325,-2.3121505242041716,persistently_below_expected
3120176,논현역 4번,발달상권,4,0,3,-1.050212357102252,-2.3060194022072222,persistently_below_expected
3110153,중곡1동주민센터,골목상권,4,0,3,-1.076491969534005,-2.3539900254697175,persistently_below_expected
3110310,길음역 10번,골목상권,4,0,3,-1.1889836764611457,-2.6205567984055396,persistently_below_expected
3110953,학동근린공원,골목상권,4,0,3,-1.2925873187937025,-2.8179156761508977,persistently_below_expected
3110324,월곡역 4번,골목상권,4,0,3,-1.431108374526872,-3.1470758393019134,persistently_below_expected
3110103,옥수터널,골목상권,4,0,3,-1.701676583145726,-3.6948611057212384,persistently_below_expected
3110196,홍릉근린공원,골목상권,4,0,4,-1.9102947788033675,-4.202175578423306,persistently_below_expected
3130062,보광시장,전통시장,4,0,4,-1.9287938242960325,-4.255542560722677,persistently_below_expected
3110414,장석교회,골목상권,4,0,4,-1.9999122455155225,-4.383162728313495,persistently_below_expected
3110046,버티고개,골목상권,4,0,4,-2.0270566933304215,-4.452784828737343,persistently_below_expected
3110326,장위동성당,골목상권,4,0,4,-2.348075796969567,-5.1060780477055605,persistently_below_expected
3110574,서강대학교,골목상권,4,0,4,-3.141946848280832,-6.9209352179630494,persistently_below_expected
3130019,동대문상가D동,전통시장,4,0,4,-3.1906100456099535,-7.076333472821069,persistently_below_expected
3110950,논현역 7번,골목상권,4,0,4,-3.308493900947614,-7.321472660338099,persistently_below_expected
3110101,옥정중학교,골목상권,4,0,4,-3.392959547819805,-7.687049655548499,persistently_below_expected
3110119,마장지하차도,골목상권,4,0,4,-3.553926748141376,-7.813032726161742,persistently_below_expected
3110235,세화어린이공원,골목상권,4,0,4,-3.5775301580768604,-7.8451593788729275,persistently_below_expected
3110581,염리초등학교,골목상권,4,0,4,-4.186150969915462,-9.142908338732003,persistently_below_expected
3130158,상계역전종합상가,전통시장,4,0,4,-4.324002850504257,-9.451454823425674,persistently_below_expected
3130156,시영2단지 무지개종합상가(중계 무지개2단지아파트상가),전통시장,4,0,4,-4.469916472410701,-9.808832158861247,persistently_below_expected
3130011,충신시장,전통시장,4,0,4,-4.531028620071822,-9.90701118570481,persistently_below_expected
3110100,옥수동우편취급국,골목상권,4,0,4,-4.807795520609203,-10.565032465656298,persistently_below_expected
3110427,노원 을지대학교병원,골목상권,4,0,4,-5.060150143110446,-11.104410380451052,persistently_below_expected
3110086,이태원역 북측,골목상권,4,0,4,-5.315971158249733,-11.652300909206668,persistently_below_expected
3111018,풍납초등학교(풍납백제문화공원),골목상권,4,0,4,-5.322404495749636,-11.727346266811212,persistently_below_expected
3110279,신내역 2번,골목상권,4,0,4,-5.427181484207976,-11.898682802985794,persistently_below_expected
3130155,시영B상가(중계 그린아파트 B 상가),전통시장,4,0,4,-6.110700329998968,-13.395587506657865,persistently_below_expected
3130017,동대문상가C동,전통시장,4,0,4,-6.462082858372947,-14.183736738829673,persistently_below_expected
