rank,area_code,area_name,area_type_name,analysis_universe,recommendation_universe,recommendation_eligible,exclusion_reason,coffee_stores,bakery_stores,bar_stores,coffee_sales_observed,bakery_sales_observed,score_status,score_status_reason,coffee_supply_score,bakery_supply_score,coffee_full_score,bakery_full_score,cafe_full_score,cafe_supply_only_score,cafe_subtype_best,cafe_top3_status,area_km2,total_stores_2025q4,density,industry_lq,residual_log_count,cafe_size_residual_percentile_exploratory,cafe_size_method_status,cafe_residual_variant_score,study_cafe_inside_count,study_room_stores,study_public_inside_count,study_public_nearby_only_count,study_s3a_input_role,study_s3b_input_role,verified_c_stay_count,verified_s4_count,study_final_score,study_final_status,study_legacy_proxy_score,walk_network_status,score_version,access_percentile,food_meal_score_v1,food_meal_supply_v1,food_meal_sales_coverage,food_meal_sales_signal_missing,historical_2025_use_allowed,meal_signal_status,meal_source_branch,study_s3a_walk400_proxy_weighted,study_public_walk400_proxy_weighted,study_public_active_page_walk400_proxy_weighted,study_partial_75pct_proxy,study_partial_75pct_certified_lower_bound,study_S4_missing_arithmetic_min_given_proxy,study_S4_missing_arithmetic_max_given_proxy,study_v1_final_score,study_v1_status,cafe_study_final_score,meal_cafe_study_final_score,network_provenance,cafe_full_score_percentile_common,food_meal_score_v1_percentile_common,study_partial_75pct_proxy_percentile_common,meal_cafe_study_exploratory_score,status
1,3120006,종각역,발달상권,accessible_official_786,non_tourism_observed_subset_if_ranked,True,,95.0,17.0,107.0,True,True,complete,both_cafe_industries_sales_observed,88.2668500687758,67.72388059701493,84.72834994133729,71.68303220738413,80.81475462115134,,C1_coffee,only_C1_C2_scored_C_stay_unverified,0.2701237119002433,1696,414.6248369390156,1.482523392722423,0.7128762990018229,82.87461773700305,residual_candidate_min10_cafe_min50_total,81.35421557798021,9.0,7.0,1,1,primary_unverified_candidate,validation_only_not_added,,,,incomplete_stay_evidence_and_walk_network,73.0117951521893,not_computed_missing_graph_and_runtime,cafe_draft_2025q4_observed_sales_study_unverified_2026poi,65.45801526717557,93.0613998396598,93.21882951653944,1.0,False,False,coverage_70pct_plus,codex/gunwoo/food-shopping-subtypes@d0b6734,9.75,1.25,1.25,69.23632077766366,69.4560850990774,69.23632077766366,94.23632077766366,,incomplete_S4_and_entrance_evidence,,,Geofabrik OSM south-korea-261002; 30m straight entrance connector provisional,90.38461538461539,99.51923076923077,97.59615384615384,95.83333333333333,exploratory_partial_study_entrance_proxy_not_final
2,3120012,대학로(혜화역),발달상권,accessible_official_786,non_tourism_observed_subset_if_ranked,True,,84.0,18.0,63.0,True,True,complete,both_cafe_industries_sales_observed,94.12654745529574,81.99626865671641,89.29215996982475,75.686861743912,85.21057050205093,,C1_coffee,only_C1_C2_scored_C_stay_unverified,0.2566946381480262,985,397.3592932672806,2.324734288921659,0.9351612737607492,91.74311926605505,residual_candidate_min10_cafe_min50_total,86.0895293172841,14.0,7.0,1,2,primary_unverified_candidate,validation_only_not_added,,,,incomplete_stay_evidence_and_walk_network,73.83858908977186,not_computed_missing_graph_and_runtime,cafe_draft_2025q4_observed_sales_study_unverified_2026poi,53.88040712468194,81.13391892362927,80.94147582697201,1.0,False,False,coverage_70pct_plus,codex/gunwoo/food-shopping-subtypes@d0b6734,15.25,1.5,1.0,69.33010620365208,61.15075257687498,69.33010620365208,94.33010620365208,,incomplete_S4_and_entrance_evidence,,,Geofabrik OSM south-korea-261002; 30m straight entrance connector provisional,96.63461538461539,91.82692307692307,98.5576923076923,95.67307692307692,exploratory_partial_study_entrance_proxy_not_final
3,3120008,인사동,발달상권,accessible_official_786,non_tourism_observed_subset_if_ranked,True,,73.0,13.0,23.0,True,True,complete,both_cafe_industries_sales_observed,90.7840440165062,71.29664179104478,89.67247711061046,77.40764925373134,85.99302875354672,,C1_coffee,only_C1_C2_scored_C_stay_unverified,0.1821820285401519,1215,472.05534315941645,1.589028012705186,0.8127504160955477,87.46177370030581,residual_candidate_min10_cafe_min50_total,87.75979399955337,0.0,0.0,0,3,primary_unverified_candidate,validation_only_not_added,,,,incomplete_stay_evidence_and_walk_network,46.37419818303195,not_computed_missing_graph_and_runtime,cafe_draft_2025q4_observed_sales_study_unverified_2026poi,65.45801526717557,87.09099306354351,92.5826972010178,0.976958525345622,False,False,coverage_70pct_plus,codex/gunwoo/food-shopping-subtypes@d0b6734,2.25,0.5,0.25,54.3415773820997,8.240716780954845,54.3415773820997,79.3415773820997,,incomplete_S4_and_entrance_evidence,,,Geofabrik OSM south-korea-261002; 30m straight entrance connector provisional,97.59615384615384,97.59615384615384,84.13461538461539,93.10897435897436,exploratory_partial_study_entrance_proxy_not_final
4,3120053,건대입구역(건대),발달상권,accessible_official_786,non_tourism_observed_subset_if_ranked,True,,88.0,14.0,126.0,True,True,complete,both_cafe_industries_sales_observed,88.02613480055021,62.15485074626865,83.642561623177,60.41629025923015,76.67468021399294,,C1_coffee,only_C1_C2_scored_C_stay_unverified,0.2748718649144815,1545,371.0819949933194,1.482112151836786,0.6621415620797348,80.42813455657493,residual_candidate_min10_cafe_min50_total,76.78904969460939,3.0,5.0,0,4,primary_unverified_candidate,validation_only_not_added,,,,incomplete_stay_evidence_and_walk_network,69.7584535454097,not_computed_missing_graph_and_runtime,cafe_draft_2025q4_observed_sales_study_unverified_2026poi,76.78117048346056,85.071630241556,89.5674300254453,1.0,False,False,coverage_70pct_plus,codex/gunwoo/food-shopping-subtypes@d0b6734,3.75,0.5,0.0,61.199176534198216,45.322347817576826,61.199176534198216,86.19917653419822,,incomplete_S4_and_entrance_evidence,,,Geofabrik OSM south-korea-261002; 30m straight entrance connector provisional,84.61538461538461,96.63461538461539,92.78846153846155,91.34615384615385,exploratory_partial_study_entrance_proxy_not_final
5,3120031,을지로3가역,발달상권,accessible_official_786,non_tourism_observed_subset_if_ranked,True,,73.0,11.0,87.0,True,True,complete,both_cafe_industries_sales_observed,88.43191196698763,55.20522388059702,84.40670996159079,54.07128829536528,75.30608346172313,,C1_coffee,only_C1_C2_scored_C_stay_unverified,0.2545827169630655,1192,329.95169900785766,1.5820216069990956,0.6446664617932862,80.1223241590214,residual_candidate_min10_cafe_min50_total,76.4669764942888,2.0,4.0,0,3,primary_unverified_candidate,validation_only_not_added,,,,incomplete_stay_evidence_and_walk_network,65.88915333933184,not_computed_missing_graph_and_runtime,cafe_draft_2025q4_observed_sales_study_unverified_2026poi,72.01017811704835,83.3221443758932,81.65394402035625,0.9819494584837544,False,False,coverage_70pct_plus,codex/gunwoo/food-shopping-subtypes@d0b6734,4.75,0.5,0.25,62.07134796206267,37.59765242708946,62.07134796206267,87.07134796206267,,incomplete_S4_and_entrance_evidence,,,Geofabrik OSM south-korea-261002; 30m straight entrance connector provisional,82.21153846153845,95.67307692307693,93.75,90.54487179487178,exploratory_partial_study_entrance_proxy_not_final
6,3120103,홍대입구역(홍대),발달상권,accessible_official_786,non_tourism_observed_subset_if_ranked,True,,224.0,30.0,246.0,True,True,complete,both_cafe_industries_sales_observed,94.88308115543327,68.75932835820896,88.64798790666717,70.73021406127258,83.27265575304878,,C1_coffee,only_C1_C2_scored_C_stay_unverified,0.4615829428010732,2981,550.2802994812256,1.912850904569824,0.9759986252967856,93.57798165137616,residual_candidate_min10_cafe_min50_total,87.84507418762591,1.0,15.0,1,1,primary_unverified_candidate,validation_only_not_added,,,,incomplete_stay_evidence_and_walk_network,59.544653860606026,not_computed_missing_graph_and_runtime,cafe_draft_2025q4_observed_sales_study_unverified_2026poi,0.9541984732824428,78.10158945937467,79.93638676844783,1.0,False,False,coverage_70pct_plus,codex/gunwoo/food-shopping-subtypes@d0b6734,3.25,1.25,1.25,58.5557932311755,23.6225547886581,58.5557932311755,83.5557932311755,,incomplete_S4_and_entrance_evidence,,,Geofabrik OSM south-korea-261002; 30m straight entrance connector provisional,94.23076923076923,87.01923076923077,90.38461538461539,90.54487179487178,exploratory_partial_study_entrance_proxy_not_final
7,3120026,을지로입구역,발달상권,accessible_official_786,non_tourism_observed_subset_if_ranked,True,,45.0,8.0,19.0,True,True,complete,both_cafe_industries_sales_observed,84.41540577716644,54.78544776119404,84.74940302066827,65.12612922230952,78.86242088116063,,C1_coffee,only_C1_C2_scored_C_stay_unverified,0.2001561183848667,758,264.7933044849015,1.5696977799311294,0.5450969285049414,74.00611620795107,residual_candidate_min10_cafe_min50_total,77.79820936606407,0.0,0.0,0,2,primary_unverified_candidate,validation_only_not_added,,,,incomplete_stay_evidence_and_walk_network,44.86128203639741,not_computed_missing_graph_and_runtime,cafe_draft_2025q4_observed_sales_study_unverified_2026poi,64.75826972010178,89.53386315312488,87.20101781170484,1.0,False,False,coverage_70pct_plus,codex/gunwoo/food-shopping-subtypes@d0b6734,3.0,0.25,0.25,51.19547269418092,6.475826972010179,51.19547269418092,76.19547269418092,,incomplete_S4_and_entrance_evidence,,,Geofabrik OSM south-korea-261002; 30m straight entrance connector provisional,88.46153846153845,98.07692307692307,80.76923076923077,89.10256410256409,exploratory_partial_study_entrance_proxy_not_final
8,3110069,숙대입구,골목상권,accessible_official_786,non_tourism_observed_subset_if_ranked,True,,39.0,8.0,16.0,True,True,complete,both_cafe_industries_sales_observed,90.04126547455297,70.1492537313433,87.32205523109418,70.65053024351926,82.3205977348217,,C1_coffee,only_C1_C2_scored_C_stay_unverified,0.1734127662783234,439,271.0296422154186,2.4034922038864663,0.7863083456753892,85.93272171253822,residual_candidate_min10_cafe_min50_total,83.62193956748541,8.0,4.0,1,1,primary_unverified_candidate,validation_only_not_added,,,,incomplete_stay_evidence_and_walk_network,67.03433022608421,not_computed_missing_graph_and_runtime,cafe_draft_2025q4_observed_sales_study_unverified_2026poi,36.704834605597966,73.88790128620725,81.6793893129771,1.0,False,False,coverage_70pct_plus,codex/gunwoo/food-shopping-subtypes@d0b6734,8.0,1.25,0.0,66.14220206320769,58.45963763265888,66.14220206320769,91.14220206320769,,incomplete_S4_and_entrance_evidence,,,Geofabrik OSM south-korea-261002; 30m straight entrance connector provisional,92.78846153846155,77.40384615384616,96.15384615384616,88.78205128205128,exploratory_partial_study_entrance_proxy_not_final
9,3120051,뚝섬역,발달상권,accessible_official_786,non_tourism_observed_subset_if_ranked,True,,60.0,22.0,22.0,True,True,complete,both_cafe_industries_sales_observed,89.96561210453919,93.00373134328358,89.20846697292905,80.43155930871956,86.5753946736662,,C1_coffee,only_C1_C2_scored_C_stay_unverified,0.2179968678909574,864,376.15219334718427,2.1306371245938,0.8652457782749847,89.90825688073394,residual_candidate_min10_cafe_min50_total,85.89724097686621,1.0,1.0,1,5,primary_unverified_candidate,validation_only_not_added,,,,incomplete_stay_evidence_and_walk_network,66.2769057624658,not_computed_missing_graph_and_runtime,cafe_draft_2025q4_observed_sales_study_unverified_2026poi,75.12722646310432,68.32460176374218,67.92620865139948,0.9846938775510204,False,False,coverage_70pct_plus,codex/gunwoo/food-shopping-subtypes@d0b6734,2.25,2.25,0.5,63.54527432033237,38.836467757131814,63.54527432033237,88.54527432033237,,incomplete_S4_and_entrance_evidence,,,Geofabrik OSM south-korea-261002; 30m straight entrance connector provisional,98.07692307692307,67.3076923076923,94.23076923076923,86.53846153846153,exploratory_partial_study_entrance_proxy_not_final
10,3120009,종로3가역,발달상권,accessible_official_786,non_tourism_observed_subset_if_ranked,True,,119.0,19.0,172.0,True,True,complete,both_cafe_industries_sales_observed,73.01925722145805,49.28638059701493,70.86221328899977,50.388624312647295,64.72013659609402,,C1_coffee,only_C1_C2_scored_C_stay_unverified,0.4012185177336677,4123,343.95222030007494,0.7514068185005234,0.2602039382237393,48.318042813455655,residual_candidate_min10_cafe_min50_total,52.4131906016254,4.0,6.0,2,0,primary_unverified_candidate,validation_only_not_added,,,,incomplete_stay_evidence_and_walk_network,68.6969947046283,not_computed_missing_graph_and_runtime,cafe_draft_2025q4_observed_sales_study_unverified_2026poi,72.01017811704835,82.053835965004,84.66921119592875,1.0,False,False,coverage_70pct_plus,codex/gunwoo/food-shopping-subtypes@d0b6734,6.75,2.0,1.0,71.16414891246458,67.30430171000992,71.16414891246458,96.16414891246458,,incomplete_S4_and_entrance_evidence,,,Geofabrik OSM south-korea-261002; 30m straight entrance connector provisional,65.86538461538461,93.26923076923077,100.0,86.37820512820512,exploratory_partial_study_entrance_proxy_not_final
