rank,area_code,area_name,meal_cafe_adjusted_study_exploratory_score,cafe_size_adjusted_percentile_common,food_meal_score_v1_percentile_common,study_partial_75pct_proxy_percentile_common,status
1,3120006,종각역,97.27564102564104,94.71153846153845,99.51923076923077,97.59615384615384,latest_cafe_residual_draft_and_partial_study_exploratory
2,3120012,대학로(혜화역),95.67307692307692,96.63461538461539,91.82692307692307,98.5576923076923,latest_cafe_residual_draft_and_partial_study_exploratory
3,3120008,인사동,93.10897435897436,97.59615384615384,97.59615384615384,84.13461538461539,latest_cafe_residual_draft_and_partial_study_exploratory
4,3120053,건대입구역(건대),91.98717948717949,86.53846153846155,96.63461538461539,92.78846153846155,latest_cafe_residual_draft_and_partial_study_exploratory
5,3120103,홍대입구역(홍대),91.50641025641026,97.11538461538461,87.01923076923077,90.38461538461539,latest_cafe_residual_draft_and_partial_study_exploratory
6,3120031,을지로3가역,91.34615384615385,84.61538461538461,95.67307692307693,93.75,latest_cafe_residual_draft_and_partial_study_exploratory
7,3120026,을지로입구역,89.26282051282051,88.9423076923077,98.07692307692307,80.76923076923077,latest_cafe_residual_draft_and_partial_study_exploratory
8,3110069,숙대입구,89.1025641025641,93.75,77.40384615384616,96.15384615384616,latest_cafe_residual_draft_and_partial_study_exploratory
9,3120009,종로3가역,88.62179487179488,72.59615384615384,93.26923076923077,100.0,latest_cafe_residual_draft_and_partial_study_exploratory
10,3120051,뚝섬역,85.8974358974359,96.15384615384616,67.3076923076923,94.23076923076923,latest_cafe_residual_draft_and_partial_study_exploratory
11,3120094,"신촌역(신촌역, 신촌로터리)",85.41666666666667,80.28846153846155,80.28846153846155,95.67307692307693,latest_cafe_residual_draft_and_partial_study_exploratory
12,3120081,노원역,85.09615384615385,71.15384615384616,87.5,96.63461538461539,latest_cafe_residual_draft_and_partial_study_exploratory
13,3120084,공릉역,83.97435897435896,56.730769230769226,97.11538461538461,98.07692307692307,latest_cafe_residual_draft_and_partial_study_exploratory
14,3120072,성신여대,82.53205128205127,91.34615384615384,79.8076923076923,76.4423076923077,latest_cafe_residual_draft_and_partial_study_exploratory
15,3120003,광화문역,81.08974358974359,93.26923076923077,99.03846153846155,50.96153846153846,latest_cafe_residual_draft_and_partial_study_exploratory
16,3120032,충무로역,80.44871794871794,75.0,69.23076923076923,97.11538461538461,latest_cafe_residual_draft_and_partial_study_exploratory
17,3120002,서촌(경복궁역),79.48717948717949,99.51923076923077,86.0576923076923,52.88461538461539,latest_cafe_residual_draft_and_partial_study_exploratory
18,3120001,서대문역,78.68589743589745,52.40384615384615,92.78846153846155,90.86538461538461,latest_cafe_residual_draft_and_partial_study_exploratory
19,3130179,"이화여대 3,5,7길 상점가",77.56410256410257,92.3076923076923,63.46153846153846,76.92307692307693,latest_cafe_residual_draft_and_partial_study_exploratory
20,3120041,신용산역(용산역),77.40384615384615,74.51923076923077,65.38461538461539,92.3076923076923,latest_cafe_residual_draft_and_partial_study_exploratory
