method,radius_m,nearby_weight,top10_overlap_vs_400m_25pct,status
certified,400,0.0,0.9,exploratory_S4_and_entrances_unverified
certified,400,0.25,1.0,exploratory_S4_and_entrances_unverified
certified,400,0.5,1.0,exploratory_S4_and_entrances_unverified
certified,500,0.0,0.9,exploratory_S4_and_entrances_unverified
certified,500,0.25,1.0,exploratory_S4_and_entrances_unverified
certified,500,0.5,1.0,exploratory_S4_and_entrances_unverified
certified,600,0.0,0.9,exploratory_S4_and_entrances_unverified
certified,600,0.25,1.0,exploratory_S4_and_entrances_unverified
certified,600,0.5,1.0,exploratory_S4_and_entrances_unverified
proxy,400,0.0,0.8,exploratory_S4_and_entrances_unverified
proxy,400,0.25,1.0,exploratory_S4_and_entrances_unverified
proxy,400,0.5,0.8,exploratory_S4_and_entrances_unverified
proxy,500,0.0,0.8,exploratory_S4_and_entrances_unverified
proxy,500,0.25,0.9,exploratory_S4_and_entrances_unverified
proxy,500,0.5,0.7,exploratory_S4_and_entrances_unverified
proxy,600,0.0,0.8,exploratory_S4_and_entrances_unverified
proxy,600,0.25,1.0,exploratory_S4_and_entrances_unverified
proxy,600,0.5,0.7,exploratory_S4_and_entrances_unverified
